file_name,relative_path,is_research_paper,authors,year,journal_full,journal_short,title,authors_for_filename,title_for_filename,suggested_new_filename,api_error
& Liu-1994-An outline of physical geography including Pleistocene glacial landforms of eastern Tibet (provinces Sichuan and Qinghai)_.pdf,test1/& Liu-1994-An outline of physical geography including Pleistocene glacial landforms of eastern Tibet (provinces Sichuan and Qinghai)_.pdf,True,"Lehmkuhl, Frank; Liu Shijian",1994,GeoJournal,GeoJournal,An Outline of Physical Geography Including Pleistocene Glacial Landforms of Eastern Tibet (Provinces Sichuan and Qinghai),Lehmkuhl F & Liu S,An Outline of Physical Geography Including Pleistocene Glacial Landforms of Eastern Tibet,Lehmkuhl F & Liu S-1994-GeoJournal-An Outline of Physical Geography Including Pleistocene Glacial Landforms of Eastern Tibet.pdf,
(Routledge Physical Environment Series) Nicholas Lancaster - Geomorphology of Desert Dunes -Routledge (1995).pdf,test1/(Routledge Physical Environment Series) Nicholas Lancaster - Geomorphology of Desert Dunes -Routledge (1995).pdf,False,,,,,,,,.pdf,
0218-中国第十九届释光与电子自旋共振测年学术讨论会（第二号通知）.pdf,test1/0218-中国第十九届释光与电子自旋共振测年学术讨论会（第二号通知）.pdf,False,,,,,,,,.pdf,
0331沈勤径V5-博后基金.pdf,test1/0331沈勤径V5-博后基金.pdf,False,,,,,,,,.pdf,
1-s2.0-S0012821X15007062-main.pdf,test1/1-s2.0-S0012821X15007062-main.pdf,True,Tania Villaseñor; John M. Jaeger; David A. Foster,2016,Earth and Planetary Science Letters,EPSL,"Linking Late Pleistocene alpine glacial erosion and continental margin sedimentation: Insights from 40Ar/39Ar dating of silt-sized sediment, Canterbury Basin, New Zealand",Villaseñor T et al.,Linking Late Pleistocene alpine glacial erosion and continental margin sedimentation Insights from 40Ar39Ar dating of silt-sized sediment Canterbury Basin New Zealand,Villaseñor T et al.-2016-EPSL-Linking Late Pleistocene alpine glacial erosion and continental margin sedimentation Insights from 40Ar39Ar dating of silt-sized sediment Canterbury Basin New Z.pdf,
1-s2.0-S0012821X1630365X-main.pdf,test1/1-s2.0-S0012821X1630365X-main.pdf,True,Hella Wittmann; Marco G. Malusà; Alberto Resentini; Eduardo Garzanti; Samuel Niedermann,2016,Earth and Planetary Science Letters,EPSL,"The cosmogenic record of mountain erosion transmitted across a foreland basin: Source-to-sink analysis of in situ 10Be, 26Al and 21Ne in sediment of the Po river catchment",Wittmann H et al.,The cosmogenic record of mountain erosion transmitted across a foreland basin Source-to-sink analysis of in situ 10Be 26Al and 21Ne in sediment of the Po river catchment,Wittmann H et al.-2016-EPSL-The cosmogenic record of mountain erosion transmitted across a foreland basin Source-to-sink analysis of in situ 10Be 26Al and 21Ne in sediment of the Po river.pdf,
1-s2.0-S0012821X2300331X-main.pdf,test1/1-s2.0-S0012821X2300331X-main.pdf,True,Sohini Bhattacharjee; Bodo Bookhagen; Rajiv Sinha; Alexander Wieser; Oscar Marchhart,2023,Earth and Planetary Science Letters,EPSL,26Al and 10Be concentrations from alluvial drill cores across the Indo-Gangetic plain reveal multimillion-year sediment-transport lag times,Bhattacharjee S et al.,26Al and 10Be concentrations from alluvial drill cores across IndoGangetic plain reveal multimillionyear sedimenttransport lag times,Bhattacharjee S et al.-2023-EPSL-26Al and 10Be concentrations from alluvial drill cores across IndoGangetic plain reveal multimillionyear sedimenttransport lag times.pdf,
1-s2.0-S0012825222002495-main (1).pdf,test1/1-s2.0-S0012825222002495-main (1).pdf,True,Sohini Bhattacharjee; Bodo Bookhagen; Rajiv Sinha,2022,Earth-Science Reviews,ESR,"Sediment-transport rates from decadal to millennial timescales across the Indo-Gangetic Plain: Impacts of tectonics, climatic processes, and vegetation cover",Bhattacharjee S et al.,Sediment-transport rates from decadal to millennial timescales across the Indo-Gangetic Plain Impacts of tectonics climatic processes and vegetation cover,Bhattacharjee S et al.-2022-ESR-Sediment-transport rates from decadal to millennial timescales across the Indo-Gangetic Plain Impacts of tectonics climatic processes and vegetation cover.pdf,
1-s2.0-S0012825222002495-main.pdf,test1/1-s2.0-S0012825222002495-main.pdf,True,Sohini Bhattacharjee; Bodo Bookhagen; Rajiv Sinha,2022,Earth-Science Reviews,ESR,"Sediment-transport rates from decadal to millennial timescales across the Indo-Gangetic Plain: Impacts of tectonics, climatic processes, and vegetation cover",Bhattacharjee S et al.,Sediment-transport rates from decadal to millennial timescales across the Indo-Gangetic Plain Impacts of tectonics climatic processes and vegetation cover,Bhattacharjee S et al.-2022-ESR-Sediment-transport rates from decadal to millennial timescales across the Indo-Gangetic Plain Impacts of tectonics climatic processes and vegetation cover.pdf,
1-s2.0-S0012825224000011-main.pdf,test1/1-s2.0-S0012825224000011-main.pdf,True,Muhammad Usman; Peter D. Clift; Guido Pastore; Giovanni Vezzoli; Sergio Andò; Marta Barbarano; Pieter Vermeesch; Eduardo Garzanti,2024,Earth-Science Reviews,ESR,"Climatic influence on sediment distribution and transport in the Thar Desert (Sindh and Cholistan, Pakistan)",Usman M et al.,Climatic influence on sediment distribution and transport in the Thar Desert Sindh and Cholistan Pakistan,Usman M et al.-2024-ESR-Climatic influence on sediment distribution and transport in the Thar Desert Sindh and Cholistan Pakistan.pdf,
1-s2.0-S0012825225000522-main.pdf,test1/1-s2.0-S0012825225000522-main.pdf,True,Chenyu Shi; Yue Liang; Wei Qin; Lin Ding; Wenhong Cao; Minghao Zhang; Qin Zhang,2025,Earth-Science Reviews,ESR,"Review of sediment connectivity: Conceptual connotations, characterization indicators, and their relationships with soil erosion and sediment yield",Shi C et al.,Review of sediment connectivity Conceptual connotations characterization indicators and their relationships with soil erosion and sediment yield,Shi C et al.-2025-ESR-Review of sediment connectivity Conceptual connotations characterization indicators and their relationships with soil erosion and sediment yield.pdf,
1-s2.0-S0169555X19304532-main.pdf,test1/1-s2.0-S0169555X19304532-main.pdf,True,Franciele Zanandrea; Gean Paulo Michel; Masato Kobiyama,2020,Geomorphology,Geomorphology,Impedance influence on the index of sediment connectivity in a forested mountainous catchment,Zanandrea F et al.,Impedance influence on the index of sediment connectivity in a forested mountainous catchment,Zanandrea F et al.-2020-Geomorphology-Impedance influence on the index of sediment connectivity in a forested mountainous catchment.pdf,
1-s2.0-S0169555X20305249-main.pdf,test1/1-s2.0-S0169555X20305249-main.pdf,True,Jinyu Zhang; Huili Yang; Jing Liu-Zeng; Yukui Ge; Wei Wang; Wenqian Yao; Sheng Xu,2021,Geomorphology,Geomorphology,Reconstructing the incision of the Lancang River (Upper Mekong) in southeastern Tibet below its prominent knickzone using ﬂuvial terraces and transient tributary proﬁles,Zhang J et al.,Reconstructing the incision of the Lancang River Upper Mekong in southeastern Tibet below its prominent knickzone using fluvial terraces and transient tributary profiles,Zhang J et al.-2021-Geomorphology-Reconstructing the incision of the Lancang River Upper Mekong in southeastern Tibet below its prominent knickzone using fluvial terraces and transient tributary.pdf,
1-s2.0-S1871101423000018-main.pdf,test1/1-s2.0-S1871101423000018-main.pdf,True,Priscila E. Souza; Fabiano N. Pupim; Carlos E.M. Mazoca; Ian del Río; Thays D. Mineli; Fernanda C.G. Rodrigues; Naomi Porat; Gelvam A. Hartmann; André O. Sawakuchi,2023,Quaternary Geochronology,Quaternary Geochronology,Quartz OSL sensitivity from dating data for provenance analysis of pleistocene and holocene fluvial sediments from lowland Amazonia,Souza PE et al.,Quartz OSL sensitivity from dating data for provenance analysis of pleistocene and holocene fluvial sediments from lowland Amazonia,Souza PE et al.-2023-Quaternary Geochronology-Quartz OSL sensitivity from dating data for provenance analysis of pleistocene and holocene fluvial sediments from lowland Amazonia.pdf,
10.13 - Quantifying Sediment (Dis)Connectivity in the Modeling of River Systems.pdf,test1/10.13 - Quantifying Sediment (Dis)Connectivity in the Modeling of River Systems.pdf,False,,,,,,,,.pdf,
111.pdf,test1/111.pdf,False,,,,,,,,.pdf,
1739174941_23156_c883db848c85f2a3f0d9ea924dc6e1e3.pdf,test1/1739174941_23156_c883db848c85f2a3f0d9ea924dc6e1e3.pdf,True,Dimitri Lague,2013,Earth Surface Processes and Landforms,ESPL,"The stream power river incision model: evidence, theory and beyond",Lague D,The stream power river incision model evidence theory and beyond,Lague D-2013-ESPL-The stream power river incision model evidence theory and beyond.pdf,
1739180411_94015_a145a3232da06bcc2f6c0f6aec2552d1.pdf,test1/1739180411_94015_a145a3232da06bcc2f6c0f6aec2552d1.pdf,True,Kyle M. Straub; Robert A. Duller; Brady Z. Foreman; Elizabeth A. Hajek,2020,Journal of Geophysical Research: Earth Surface,JGR,"Buffered, incomplete, and shredded: The challenges of reading an imperfect stratigraphic record",Straub KM et al.,Buffered incomplete and shredded The challenges of reading an imperfect stratigraphic record,Straub KM et al.-2020-JGR-Buffered incomplete and shredded The challenges of reading an imperfect stratigraphic record.pdf,
1756916460_71480_1b83ff7f2f439ffda396d6d7169df9ea.pdf,test1/1756916460_71480_1b83ff7f2f439ffda396d6d7169df9ea.pdf,True,Roger T. Saucier,1996,Engineering Geology,Engineering Geology,A contemporary appraisal of some key Fiskian concepts with emphasis on Holocene meander belt formation and morphology,Saucier RT,A contemporary appraisal of some key Fiskian concepts with emphasis on Holocene meander belt formation and morphology,Saucier RT-1996-Engineering Geology-A contemporary appraisal of some key Fiskian concepts with emphasis on Holocene meander belt formation and morphology.pdf,
1756927350_79612_5f38bf56dc9edc1fb95b804986314ebd_1756927265.pdf,test1/1756927350_79612_5f38bf56dc9edc1fb95b804986314ebd_1756927265.pdf,True,H. Wittmann; F. von Blanckenburg; L. Maurice; J.L. Guyot; P.W. Kubik,2011,Geology,Geology,Recycling of Amazon floodplain sediment quantified by cosmogenic 26Al and 10Be,Wittmann H et al.,Recycling of Amazon floodplain sediment quantified by cosmogenic 26Al and 10Be,Wittmann H et al.-2011-Geology-Recycling of Amazon floodplain sediment quantified by cosmogenic 26Al and 10Be.pdf,
1999jb900120.pdf,test1/1999jb900120.pdf,True,Kelin X. Whipple; Gregory E. Tucker,1999,Journal of Geophysical Research,JGR,"Dynamics of the stream-power river incision model: Implications for height limits of mountain ranges, landscape response timescales, and research needs",Whipple KX & Tucker GE,Dynamics of the stream-power river incision model Implications for height limits of mountain ranges landscape response timescales and research needs,Whipple KX & Tucker GE-1999-JGR-Dynamics of the stream-power river incision model Implications for height limits of mountain ranges landscape response timescales and research needs.pdf,
2003Lehmkuhletal_GeomorphologischeFormungs-undProzessregioneninZentralasien.pdf,test1/2003Lehmkuhletal_GeomorphologischeFormungs-undProzessregioneninZentralasien.pdf,True,Frank Lehmkuhl,1997,Geographische Rundschau,GR,The natural landscape of High Asia and Central Asia,Lehmkuhl F,The natural landscape of High Asia and Central Asia,Lehmkuhl F-1997-GR-The natural landscape of High Asia and Central Asia.pdf,
2009—2018年国内外...川沉积物研究现状及热点分析_张威.pdf,test1/2009—2018年国内外...川沉积物研究现状及热点分析_张威.pdf,True,张威; 唐倩玉; 赵贺; 李亚鹏; 乔静茹; 成然; 孙波,2020,首都师范大学学报(自然科学版),JCNU,2009—2018 年国内外冰川沉积物研究现状及热点分析,张威 et al.,20092018年国内外冰川沉积物研究现状及热点分析,张威 et al.-2020-JCNU-20092018年国内外冰川沉积物研究现状及热点分析.pdf,
2015_Schmidt_knickpoint+He+Yarlung.pdf,test1/2015_Schmidt_knickpoint+He+Yarlung.pdf,True,Jennifer Schmidt; Frank Pazzaglia; Marissa M Tremblay; Matthew Fox,2015,Earth and Planetary Science Letters,EPSL,Knickpoint evolution on the Yarlung river: Evidence for late Cenozoic uplift of the southeastern Tibetan plateau margin,Schmidt J et al.,Knickpoint evolution on the Yarlung river Evidence for late Cenozoic uplift of the southeastern Tibetan plateau margin,Schmidt J et al.-2015-EPSL-Knickpoint evolution on the Yarlung river Evidence for late Cenozoic uplift of the southeastern Tibetan plateau margin.pdf,
2016_Lanetal_SedimentConnectivity.pdf,test1/2016_Lanetal_SedimentConnectivity.pdf,True,Stuart N. Lane; Maarten Bakker; Chrystelle Gabbud; Natan Micheletti; Jean-Noël Saugy,2016,Geomorphology,Geomorphology,"Sediment export, transient landscape response and catchment-scale connectivity following rapid climate warming and Alpine glacier recession",Lane SN et al.,Sediment export transient landscape response and catchment-scale connectivity following rapid climate warming and Alpine glacier recession,Lane SN et al.-2016-Geomorphology-Sediment export transient landscape response and catchment-scale connectivity following rapid climate warming and Alpine glacier recession.pdf,
2017 南美填充-下切循环-EPSL-100 kyr fluvial cut-and-fill terrace cycles .pdf,test1/2017 南美填充-下切循环-EPSL-100 kyr fluvial cut-and-fill terrace cycles .pdf,True,Stefanie Tofelde; Taylor F. Schildgen; Sara Savi; Heiko Pingel; Andrew D. Wickert; Bodo Bookhagen; Hella Wittmann; Ricardo N. Alonso; John Cottle; Manfred R. Strecker,2017,Earth and Planetary Science Letters,EPSL,"100 kyr fluvial cut-and-fill terrace cycles since the Middle Pleistocene in the southern Central Andes, NW Argentina",Tofelde S et al.,100 kyr fluvial cut and fill terrace cycles since the Middle Pleistocene in the southern Central Andes NW Argentina,Tofelde S et al.-2017-EPSL-100 kyr fluvial cut and fill terrace cycles since the Middle Pleistocene in the southern Central Andes NW Argentina.pdf,
2018-ShiX.-Earth_Surface_Processes_and_Landforms.pdf,test1/2018-ShiX.-Earth_Surface_Processes_and_Landforms.pdf,True,Xiaonan Shi; Fan Zhang; Xixi Lu; Zhaoyin Wang; Tongliang Gong; Guanxing Wang; Hongbo Zhang,2018,Earth Surface Processes and Landforms,ESPL,"Spatiotemporal variations of suspended sediment transport in the upstream and midstream of the Yarlung Tsangpo River (the upper Brahmaputra), China",Shi X et al.,Spatiotemporal variations of suspended sediment transport in the upstream and midstream of the Yarlung Tsangpo River,Shi X et al.-2018-ESPL-Spatiotemporal variations of suspended sediment transport in the upstream and midstream of the Yarlung Tsangpo River.pdf,
2020_Borgohain_QSR_Megafloods_Highdenudation_NamcheBarwa_all.pdf,test1/2020_Borgohain_QSR_Megafloods_Highdenudation_NamcheBarwa_all.pdf,True,Biraj Borgohain,2020,Quaternary Science Reviews,QSR,Evidence of episodically accelerated denudation on the Namche Barwa massif by megaﬂoods,Borgohain B,Evidence of episodically accelerated denudation on the Namche Barwa massif by megafloods,Borgohain B-2020-QSR-Evidence of episodically accelerated denudation on the Namche Barwa massif by megafloods.pdf,
2020_Schwanghart_Geology_Divide mobility controls knickpoint migration on the Roan Plateau.pdf,test1/2020_Schwanghart_Geology_Divide mobility controls knickpoint migration on the Roan Plateau.pdf,True,W. Schwanghart; D. Scherler,2020,Geology,Geology,"Divide mobility controls knickpoint migration on the Roan Plateau (Colorado, USA)",Schwanghart W & Scherler D,Divide mobility controls knickpoint migration on the Roan Plateau Colorado USA,Schwanghart W & Scherler D-2020-Geology-Divide mobility controls knickpoint migration on the Roan Plateau Colorado USA.pdf,
2023.2.25Xiongetal.JGREarthSurface.pdf,test1/2023.2.25Xiongetal.JGREarthSurface.pdf,True,Jianguo Xiong; Ying Wang; Vincenzo Picotti; Huiping Zhang,2023,Journal of Geophysical Research: Earth Surface,JGRES,Proximal Supply in Loess Deposition of the Chinese Loess Plateau,Xiong J et al.,Proximal Supply in Loess Deposition of the Chinese Loess Plateau,Xiong J et al.-2023-JGRES-Proximal Supply in Loess Deposition of the Chinese Loess Plateau.pdf,
20250330-沈勤径-构造地质学与地球动力学.pdf,test1/20250330-沈勤径-构造地质学与地球动力学.pdf,False,,,,,,,,.pdf,
202506-沈勤径-释光灵敏度.pdf,test1/202506-沈勤径-释光灵敏度.pdf,False,,,,,,,,.pdf,
2025APLED_abstract_QJ Shen.pdf,test1/2025APLED_abstract_QJ Shen.pdf,True,Qinjing Shen; Huiping Zhang; Hyun Ho Yoon; Min Han; Hanwoo Choi,2025,Applied Earth Science,AES,"Glacial-Interglacial Shifts in Sediment Provenance Revealed by Luminescence Sensitivity: a Case Study from the Aba Basin, Eastern Tibetan Plateau",Shen Q et al.,Glacial-Interglacial Shifts in Sediment Provenance Revealed by Luminescence Sensitivity Case Study Aba Basin Eastern Tibetan Plateau,Shen Q et al.-2025-AES-Glacial-Interglacial Shifts in Sediment Provenance Revealed by Luminescence Sensitivity Case Study Aba Basin Eastern Tibetan Plateau.pdf,
233407a0.pdf,test1/233407a0.pdf,True,I. A. E. ATKINSON; L. D. SWINDALE,1971,Nature,Nature,Experimental Study of Channel Patterns,Atkinson IAE & Swindale LD,Experimental Study of Channel Patterns,Atkinson IAE & Swindale LD-1971-Nature-Experimental Study of Channel Patterns.pdf,
26Al and 10Be concentrations from alluvial drill cores across the Indo-Gangetic plain reveal multimillion-year sediment-transport lag times.pdf,test1/26Al and 10Be concentrations from alluvial drill cores across the Indo-Gangetic plain reveal multimillion-year sediment-transport lag times.pdf,True,Sohini Bhattacharjee; Bodo Bookhagen; Rajiv Sinha; Alexander Wieser; Oscar Marchhart,2023,Earth and Planetary Science Letters,EPSL,26Al and 10Be concentrations from alluvial drill cores across the Indo-Gangetic plain reveal multimillion-year sediment-transport lag times,Bhattacharjee S et al.,26Al and 10Be concentrations from alluvial drill cores across the IndoGangetic plain reveal multimillionyear sedimenttransport lag times,Bhattacharjee S et al.-2023-EPSL-26Al and 10Be concentrations from alluvial drill cores across the IndoGangetic plain reveal multimillionyear sedimenttransport lag times.pdf,
3.U-Pb数据处理教程LA-ICP-MS数据处理步骤_修改(新).pdf,test1/3.U-Pb数据处理教程LA-ICP-MS数据处理步骤_修改(新).pdf,False,,,,,,,,.pdf,
4250021794_高精度年代学及物源示踪约束下的阿坝盆地源-汇系统与地貌演化.pdf,test1/4250021794_高精度年代学及物源示踪约束下的阿坝盆地源-汇系统与地貌演化.pdf,False,,,,,,,,.pdf,
48304.pdf,test1/48304.pdf,True,David Bridgland; Rob Westaway,2008,Climatically controlled river terrace staircases: a worldwide Quaternary phenomenon,CCRTS,Climatically controlled river terrace staircases: a worldwide Quaternary phenomenon,Bridgland D & Westaway R,Climatically controlled river terrace staircases a worldwide Quaternary phenomenon,Bridgland D & Westaway R-2008-CCRTS-Climatically controlled river terrace staircases a worldwide Quaternary phenomenon.pdf,
5001224.pdf,test1/5001224.pdf,True,Rong Yang; Hakro Ahmed Suhail; Loraine Gourbet; Sean D. Willett; Maria Giuditta Fellin; Xiubin Lin; Junfeng Gong; Xiaochun Wei; Colin Maden; Ruohong Jiao; Hanlin Chen,2020,Earth and Planetary Science Letters,EPSL,"Early Pleistocene drainage pattern changes in Eastern Tibet: Constraints from provenance analysis, thermochronometry, and numerical modeling",Yang R et al.,Early Pleistocene drainage pattern changes in Eastern Tibet Constraints from provenance analysis thermochronometry and numerical modeling,Yang R et al.-2020-EPSL-Early Pleistocene drainage pattern changes in Eastern Tibet Constraints from provenance analysis thermochronometry and numerical modeling.pdf,
AGU Advances - 2025 - Bernard - Production and Preservation of Elevated Low‐Relief Surfaces in Mountainous Landscapes by.pdf,test1/AGU Advances - 2025 - Bernard - Production and Preservation of Elevated Low‐Relief Surfaces in Mountainous Landscapes by.pdf,True,M. Bernard; P. A. van der Beek; V. K. Pedersen; C. Colleps,2025,AGU Advances,AGU Advances,Production and Preservation of Elevated Low‐Relief Surfaces in Mountainous Landscapes by Pliocene‐ Quaternary Glaciations,Bernard M et al.,Production and Preservation of Elevated Low Relief Surfaces in Mountainous Landscapes by Pliocene Quaternary Glaciations,Bernard M et al.-2025-AGU Advances-Production and Preservation of Elevated Low Relief Surfaces in Mountainous Landscapes by Pliocene Quaternary Glaciations.pdf,
AOGS 2025 Membership Proof.pdf,test1/AOGS 2025 Membership Proof.pdf,False,,,,,,,,.pdf,
AOGS指南.pdf,test1/AOGS指南.pdf,False,,,,,,,,.pdf,
A_Simple_Agent-Based_Model_That_Reproduces_All_Typ.pdf,test1/A_Simple_Agent-Based_Model_That_Reproduces_All_Typ.pdf,True,Dominic T. Robson; Andreas C. W. Baas,2023,Geophysical Research Letters,GRL,A Simple Agent-Based Model That Reproduces All Types of Barchan Interactions,Robson DT & Baas ACW,A Simple Agent-Based Model That Reproduces All Types of Barchan Interactions,Robson DT & Baas ACW-2023-GRL-A Simple Agent-Based Model That Reproduces All Types of Barchan Interactions.pdf,
Aitken-1998.pdf,test1/Aitken-1998.pdf,False,,,,,,,,.pdf,
"Alizai A et al.-2011-GPC-Sediment provenance, reworking and transport processes in the Indus River by U–Pb dating of detrital zircon grains.pdf","test1/Alizai A et al.-2011-GPC-Sediment provenance, reworking and transport processes in the Indus River by U–Pb dating of detrital zircon grains.pdf",True,Anwar Alizai; Andrew Carter; Peter D. Clift; Sam VanLaningham; Jeremy C. Williams; Ravindra Kumar,2011,Global and Planetary Change,GPC,"Sediment provenance, reworking and transport processes in the Indus River by U–Pb dating of detrital zircon grains",Alizai A et al.,Sediment provenance reworking and transport processes in the Indus River by UPb dating of detrital zircon grains,Alizai A et al.-2011-GPC-Sediment provenance reworking and transport processes in the Indus River by UPb dating of detrital zircon grains.pdf,
Aridity is expressed in river topography globally.pdf,test1/Aridity is expressed in river topography globally.pdf,True,Shiuan-An Chen; Katerina Michaelides; Stuart W. D. Grieve; Michael Bliss Singer,2019,Nature,Nature,Aridity is expressed in river topography globally,Chen SA et al.,Aridity is expressed in river topography globally,Chen SA et al.-2019-Nature-Aridity is expressed in river topography globally.pdf,
Armitage et al.-2018-ESD-Numerical modelling of landscape and sediment flux response to precipitation rate change.pdf,test1/Armitage et al.-2018-ESD-Numerical modelling of landscape and sediment flux response to precipitation rate change.pdf,True,John Armitage; Alexander Whittaker; Mustapha Zakari; Benjamin Campforts,2018,Earth Surface Dynamics,ESD,Numerical modelling of landscape and sediment flux response to precipitation rate change,Armitage J et al.,Numerical modelling of landscape and sediment flux response to precipitation rate change,Armitage J et al.-2018-ESD-Numerical modelling of landscape and sediment flux response to precipitation rate change.pdf,
Bacon manual – v2.3.9.1.pdf,test1/Bacon manual – v2.3.9.1.pdf,False,,,,,,,,.pdf,
Bae C et al.-2017-Science-On the origin of modern humans  Asian perspectives.pdf,test1/Bae C et al.-2017-Science-On the origin of modern humans  Asian perspectives.pdf,True,Christopher J. Bae; Katerina Douka; Michael D. Petraglia,2017,Science,Science,On the origin of modern humans: Asian perspectives,Bae CJ et al.,On the origin of modern humans Asian perspectives,Bae CJ et al.-2017-Science-On the origin of modern humans Asian perspectives.pdf,
Ballantyne CK-2002-QSR-Paraglacial geomorphology.pdf,test1/Ballantyne CK-2002-QSR-Paraglacial geomorphology.pdf,True,Colin K. Ballantyne,2002,Quaternary Science Reviews,QSR,Paraglacial geomorphology,Ballantyne CK,Paraglacial geomorphology,Ballantyne CK-2002-QSR-Paraglacial geomorphology.pdf,
"Barker et al-2025-Science-Distinct roles for precession, obliquity, and eccentricity in Pleistocene 100-kyr glacial cycles.pdf","test1/Barker et al-2025-Science-Distinct roles for precession, obliquity, and eccentricity in Pleistocene 100-kyr glacial cycles.pdf",True,Stephen Barker; Lorraine E. Lisiecki; Gregor Knorr; Sophie Nuber; Polychronis C. Tzedakis,2025,Science,Science,"Distinct roles for precession, obliquity, and eccentricity in Pleistocene 100-kyr glacial cycles",Barker S et al.,Distinct roles for precession obliquity and eccentricity in Pleistocene 100kyr glacial cycles,Barker S et al.-2025-Science-Distinct roles for precession obliquity and eccentricity in Pleistocene 100kyr glacial cycles.pdf,
Barnard PL et al.-2001-Geomorphology-Natural and human-induced landsliding in the Garhwal Himalaya of northern India.pdf,test1/Barnard PL et al.-2001-Geomorphology-Natural and human-induced landsliding in the Garhwal Himalaya of northern India.pdf,True,Patrick L. Barnard; Lewis A. Owen; Milap C. Sharma; Robert C. Finkel,2001,Geomorphology,Geomorphology,Natural and human-induced landsliding in the Garhwal Himalaya of northern India,Barnard PL et al.,Natural and human-induced landsliding in the Garhwal Himalaya of northern India,Barnard PL et al.-2001-Geomorphology-Natural and human-induced landsliding in the Garhwal Himalaya of northern India.pdf,
Barras C-2021-Nature-How did ancient humans learn to count.pdf,test1/Barras C-2021-Nature-How did ancient humans learn to count.pdf,True,Colin Barras,2021,Nature,Nature,HOW DID ANCIENT HUMANS LEARN TO COUNT?,Barras C,HOW DID ANCIENT HUMANS LEARN TO COUNT,Barras C-2021-Nature-HOW DID ANCIENT HUMANS LEARN TO COUNT.pdf,
Basso S et al.-2023-NG-Extreme flooding controlled by stream network organization and flow regime.pdf,test1/Basso S et al.-2023-NG-Extreme flooding controlled by stream network organization and flow regime.pdf,True,Stefano Basso; Ralf Merz; Larisa Tarasova; Arianna Miniussi,2023,Nature Geoscience,NG,Extreme flooding controlled by stream network organization and flow regime,Basso S et al.,Extreme flooding controlled by stream network organization and flow regime,Basso S et al.-2023-NG-Extreme flooding controlled by stream network organization and flow regime.pdf,
BaynesE et al-2015-PNAS-Erosion during extreme flood events dominates Holocene canyon evolution in Iceland.pdf,test1/BaynesE et al-2015-PNAS-Erosion during extreme flood events dominates Holocene canyon evolution in Iceland.pdf,True,Edwin R. C. Baynes; Mikaël Attal; Samuel Niedermann; Linda A. Kirstein; Andrew J. Dugmore; Mark Naylor,2015,Proceedings of the National Academy of Sciences,PNAS,Erosion during extreme flood events dominates Holocene canyon evolution in northeast Iceland,Baynes ERC et al.,Erosion during extreme flood events dominates Holocene canyon evolution in northeast Iceland,Baynes ERC et al.-2015-PNAS-Erosion during extreme flood events dominates Holocene canyon evolution in northeast Iceland.pdf,
Becerra-Valdivia L et al.-2017-JHE-Chronometric investigations of the Middle to Upper Paleolithic transition in the Zagros Mountains using AMS radiocarbon dating and Bayesian age modelling.pdf,test1/Becerra-Valdivia L et al.-2017-JHE-Chronometric investigations of the Middle to Upper Paleolithic transition in the Zagros Mountains using AMS radiocarbon dating and Bayesian age modelling.pdf,True,Lorena Becerra-Valdivia; Katerina Douka; Daniel Comeskey; Behrouz Bazgir; Nicholas J. Conard; Curtis W. Marean; Andreu Ollé; Marcel Otte; Laxmi Tumung; Mohsen Zeidi; Thomas F.G. Higham,2017,Journal of Human Evolution,JHE,Chronometric investigations of the Middle to Upper Paleolithic transition in the Zagros Mountains using AMS radiocarbon dating and Bayesian age modelling,Becerra-Valdivia L et al.,Chronometric investigations of the Middle to Upper Paleolithic transition in the Zagros Mountains using AMS radiocarbon dating and Bayesian age modelling,Becerra-Valdivia L et al.-2017-JHE-Chronometric investigations of the Middle to Upper Paleolithic transition in the Zagros Mountains using AMS radiocarbon dating and Bayesian age modelling.pdf,
"Blum M et al.-2013-ESR-Paleovalley systems, Insights from Quaternary analogs and experiments.pdf","test1/Blum M et al.-2013-ESR-Paleovalley systems, Insights from Quaternary analogs and experiments.pdf",True,M. Blum; J. Martin; K. Milliken; M. Garvin,2013,Earth-Science Reviews,ESR,Paleovalley systems: Insights from Quaternary analogs and experiments,Blum M et al.,Paleovalley systems Insights from Quaternary analogs and experiments,Blum M et al.-2013-ESR-Paleovalley systems Insights from Quaternary analogs and experiments.pdf,
Bufe A et al.-2016-NG-luvial bevelling of topography controlled by lateral channel mobility and uplift rate..pdf,test1/Bufe A et al.-2016-NG-luvial bevelling of topography controlled by lateral channel mobility and uplift rate..pdf,True,Aaron Bufe; Chris Paola; Douglas W. Burbank,2016,Nature Geoscience,NG,Fluvial bevelling of topography controlled by lateral channel mobility and uplift rate,Bufe A et al.,Fluvial bevelling of topography controlled by lateral channel mobility and uplift rate,Bufe A et al.-2016-NG-Fluvial bevelling of topography controlled by lateral channel mobility and uplift rate.pdf,
"Bufe A et al.-2017-JGR-Variations of Lateral Bedrock Erosion Rates ControlPlanation of Uplifting Folds in the Forelandof the Tian Shan, NW China.pdf","test1/Bufe A et al.-2017-JGR-Variations of Lateral Bedrock Erosion Rates ControlPlanation of Uplifting Folds in the Forelandof the Tian Shan, NW China.pdf",True,Aaron Bufe; Douglas W. Burbank; Langtao Liu; Bodo Bookhagen; Jintang Qin; Jie Chen; Tao Li; Jessica A. Thompson Jobe; Huili Yang,2017,Journal of Geophysical Research: Earth Surface,JGR,"Variations of Lateral Bedrock Erosion Rates Control Planation of Uplifting Folds in the Foreland of the Tian Shan, NW China",Bufe A et al.,Variations of Lateral Bedrock Erosion Rates Control Planation of Uplifting Folds in the Foreland of the Tian Shan NW China,Bufe A et al.-2017-JGR-Variations of Lateral Bedrock Erosion Rates Control Planation of Uplifting Folds in the Foreland of the Tian Shan NW China.pdf,
"Bulur E et al.-2001-RM-LM-OSL signals from some insulators, an analysis of the dependency of the detrapping probability on stimulation light intensity.pdf","test1/Bulur E et al.-2001-RM-LM-OSL signals from some insulators, an analysis of the dependency of the detrapping probability on stimulation light intensity.pdf",True,E. Bulur; L. Bøtter-Jensen; A.S. Murray,2001,Radiation Measurements,RM,LM-OSL signals from some insulators: an analysis of the dependency of the detrapping probability on stimulation light intensity,Bulur E et al.,LM-OSL signals from some insulators an analysis of the dependency of the detrapping probability on stimulation light intensity,Bulur E et al.-2001-RM-LM-OSL signals from some insulators an analysis of the dependency of the detrapping probability on stimulation light intensity.pdf,
Cai DX et al.-2023-CEE-Fault systems impede incision of the Yarlung river.pdf,test1/Cai DX et al.-2023-CEE-Fault systems impede incision of the Yarlung river.pdf,True,Dongxu Cai; Xianyan Wang; Guangwei Li; Ruohong Jiao; Barry Kohn; Wenbin Zhu; Johan De Grave; Huayu Lu,2023,Communications Earth & Environment,CEE,Fault systems impede incision of the Yarlung river into the Tibetan plateau,Cai D et al.,Fault systems impede incision of the Yarlung river into the Tibetan plateau,Cai D et al.-2023-CEE-Fault systems impede incision of the Yarlung river into the Tibetan plateau.pdf,
"Cao XL et al.-2022-FES-Spatiotemporal Variation of Late Quaternary River Incision Along the Heihe River in the Northeastern Tibetan Plateau, Constrained by Dating Fluvial Terraces.pdf","test1/Cao XL et al.-2022-FES-Spatiotemporal Variation of Late Quaternary River Incision Along the Heihe River in the Northeastern Tibetan Plateau, Constrained by Dating Fluvial Terraces.pdf",True,Cao Xilin; Xiaofei Hu,2022,Frontiers in Earth Science,FES,"Spatiotemporal Variation of Late Quaternary River Incision Along the Heihe River in the Northeastern Tibetan Plateau, Constrained by Dating Fluvial Terraces",Cao X & Hu X,Spatiotemporal Variation of Late Quaternary River Incision Along the Heihe River in the Northeastern Tibetan Plateau Constrained by Dating Fluvial Terraces,Cao X & Hu X-2022-FES-Spatiotemporal Variation of Late Quaternary River Incision Along the Heihe River in the Northeastern Tibetan Plateau Constrained by Dating Fluvial Terraces.pdf,
"Capaldi TN et al.-2022-QG-Downstream changes in quartz OSL sensitivity in modern river sand reflects sediment source variability, Case studies from Rocky Mountain and Andean rivers.pdf","test1/Capaldi TN et al.-2022-QG-Downstream changes in quartz OSL sensitivity in modern river sand reflects sediment source variability, Case studies from Rocky Mountain and Andean rivers.pdf",True,Tomas N. Capaldi; Tammy M. Rittenour; Michelle S. Nelson,2022,Quaternary Geochronology,QG,Downstream changes in quartz OSL sensitivity in modern river sand reflects sediment source variability: Case studies from Rocky Mountain and Andean rivers,Capaldi TN et al.,Downstream changes in quartz OSL sensitivity in modern river sand reflects sediment source variability Case studies from Rocky Mountain and Andean rivers,Capaldi TN et al.-2022-QG-Downstream changes in quartz OSL sensitivity in modern river sand reflects sediment source variability Case studies from Rocky Mountain and Andean rivers.pdf,
Carraro & Altermatt-CEE-2022-Optimal Channel Networks accurately model ecologically-relevant geomorphological features of branching river networks.pdf,test1/Carraro & Altermatt-CEE-2022-Optimal Channel Networks accurately model ecologically-relevant geomorphological features of branching river networks.pdf,True,Luca Carraro; Florian Altermatt,2022,Communications Earth & Environment,CEE,Optimal Channel Networks accurately model ecologically-relevant geomorphological features of branching river networks,Carraro L & Altermatt F,Optimal Channel Networks accurately model ecologically-relevant geomorphological features of branching river networks,Carraro L & Altermatt F-2022-CEE-Optimal Channel Networks accurately model ecologically-relevant geomorphological features of branching river networks.pdf,
Characterizing_the_transient_geomorphic_response_to_base_level_fall_in_the_northeastern_Tibetan_Plateau.pdf,test1/Characterizing_the_transient_geomorphic_response_to_base_level_fall_in_the_northeastern_Tibetan_Plateau.pdf,True,Huiping Zhang; Eric Kirby; John Pitlick; Robert S. Anderson; Peizhen Zhang,2017,American Geophysical Union,AGU,Characterizing the transient geomorphic response to base level fall in the northeastern Tibetan Plateau,Zhang H et al.,Characterizing the transient geomorphic response to base level fall in the northeastern Tibetan Plateau,Zhang H et al.-2017-AGU-Characterizing the transient geomorphic response to base level fall in the northeastern Tibetan Plateau.pdf,
Chen FH et al.-2015-SR-East Asian summer monsoon precipitation variability since the last deglaciation..pdf,test1/Chen FH et al.-2015-SR-East Asian summer monsoon precipitation variability since the last deglaciation..pdf,True,Fahu Chen; Qinghai Xu; Jianhui Chen; H. John B. Birks; Jianbao Liu; Shengrui Zhang; Liya Jin; Chengbang An; Richard J. Telford; Xianyong Cao; Zongli Wang; Xiaojian Zhang; Kandasamy Selvaraj; Houyuan Lu; Yuecong Li; Zhuo Zheng; Haipeng Wang; Aifeng Zhou; Guanghui Dong; Jiawu Zhang; Xiaozhong Huang; Jan Bloemendal; Zhiguo Rao,2015,Scientific Reports,SR,East Asian summer monsoon precipitation variability since the last deglaciation,Chen F et al.,East Asian summer monsoon precipitation variability since the last deglaciation,Chen F et al.-2015-SR-East Asian summer monsoon precipitation variability since the last deglaciation.pdf,
Chen FH et al.-2015-Science-Agriculture facilitated permanent human occupation of the Tibetan Plateau after 3600 BP.pdf,test1/Chen FH et al.-2015-Science-Agriculture facilitated permanent human occupation of the Tibetan Plateau after 3600 BP.pdf,True,Fahu Chen; Guanghui Dong; Dongju Zhang; Xinyi Liu; Loukas Barton,2015,Science,Science,Agriculture facilitated permanent human occupation of the Tibetan Plateau after 3600 BP,Chen F et al.,Agriculture facilitated permanent human occupation of the Tibetan Plateau after 3600 BP,Chen F et al.-2015-Science-Agriculture facilitated permanent human occupation of the Tibetan Plateau after 3600 BP.pdf,
Chen XJ et al.-2023-JMS-Ice flux of alpine glaciers controls erosion and landscape in the Nianbaoyeze.pdf,test1/Chen XJ et al.-2023-JMS-Ice flux of alpine glaciers controls erosion and landscape in the Nianbaoyeze.pdf,True,CHEN Xiao-jing; WANG Jie; ZOU Li-yang; YAO Pan; LEI Man-hong; LIAO Jing-sheng,2023,Journal of Mountain Science,JMS,"Ice flux of alpine glaciers controls erosion and landscape in the Nianbaoyeze Shan, northeastern Tibetan Plateau",Chen XJ et al.,Ice flux of alpine glaciers controls erosion and landscape in the Nianbaoyeze Shan northeastern Tibetan Plateau,Chen XJ et al.-2023-JMS-Ice flux of alpine glaciers controls erosion and landscape in the Nianbaoyeze Shan northeastern Tibetan Plateau.pdf,
Chen Y et al.-2021-CEE-Evolution of eastern Tibetan river systems is driven by the indentation of India.pdf,test1/Chen Y et al.-2021-CEE-Evolution of eastern Tibetan river systems is driven by the indentation of India.pdf,True,Yi Chen; Baosheng Wu; Zhongyu Xiong; Jinbo Zan; Bangwen Zhang; Ruoyin Zhang; Yuan Xue; Minhui Li; Bingshuai Li,2021,Communications Earth & Environment,CEE,Evolution of eastern Tibetan river systems is driven by the indentation of India,Chen Y et al.,Evolution of eastern Tibetan river systems is driven by the indentation of India,Chen Y et al.-2021-CEE-Evolution of eastern Tibetan river systems is driven by the indentation of India.pdf,
"Cheng et al-2016-nature-The Asian monsoon over the past 640,000 years and ice age terminations.pdf","test1/Cheng et al-2016-nature-The Asian monsoon over the past 640,000 years and ice age terminations.pdf",True,Hai Cheng; R. Lawrence Edwards; Ashish Sinha; Christoph Spötl; Liang Yi; Shitao Chen; Megan Kelly; Gayatri Kathayat; Xianfeng Wang; Xianglei Li; Xinggong Kong; Yongjin Wang; Youfeng Ning; Haiwei Zhang,2016,Nature,Nature,"The Asian monsoon over the past 640,000 years and ice age terminations",Cheng H et al.,The Asian monsoon over the past 640000 years and ice age terminations,Cheng H et al.-2016-Nature-The Asian monsoon over the past 640000 years and ice age terminations.pdf,
Chronology-of-fluvial-terrace-sequences-for-large-Atlantic-r_2017_Quaternary.pdf,test1/Chronology-of-fluvial-terrace-sequences-for-large-Atlantic-r_2017_Quaternary.pdf,True,Pablo G. Silva; Elvira Roquero; Mario López-Recio; Pedro Huerta; Antonio M. Martínez-Graña,2016,Quaternary Science Reviews,QSR,"Chronology of fluvial terrace sequences for large Atlantic rivers in the Iberian Peninsula (Upper Tagus and Duero drainage basins, Central Spain)",Silva PG et al.,Chronology of fluvial terrace sequences for large Atlantic rivers in Iberian Peninsula Upper Tagus and Duero drainage basins Central Spain,Silva PG et al.-2016-QSR-Chronology of fluvial terrace sequences for large Atlantic rivers in Iberian Peninsula Upper Tagus and Duero drainage basins Central Spain.pdf,
Clift PD et al.-2012-BS-Sediment Source-to-Sink Processes in the Indus River since the Last Glacial Maximum.pdf,test1/Clift PD et al.-2012-BS-Sediment Source-to-Sink Processes in the Indus River since the Last Glacial Maximum.pdf,True,Peter D. Clift; Liviu Giosan,2012,,,Sediment Source-to-Sink Processes in the Indus River since the Last Glacial Maximum,Clift PD & Giosan L,Sediment Source-to-Sink Processes in the Indus River since the Last Glacial Maximum,Clift PD & Giosan L-2012-Sediment Source-to-Sink Processes in the Indus River since the Last Glacial Maximum.pdf,
Colarossi et al.-2015-GQ-Comparison of paired quartz OSL and feldspar post-IR IRSL dose distributions in poorly bleached fluvial sediments from South Africa.pdf,test1/Colarossi et al.-2015-GQ-Comparison of paired quartz OSL and feldspar post-IR IRSL dose distributions in poorly bleached fluvial sediments from South Africa.pdf,True,"Colarossi, Debra; Duller, G. A. T.; Roberts, H. M.; Tooth, Stephen; Lyons, James Richard",2015,Quaternary Geochronology,QG,Comparison of paired quartz OSL and feldspar post-IR IRSL dose distributions in poorly bleached fluvial sediments from South Africa,Colarossi D et al.,Comparison of paired quartz OSL and feldspar postIR IRSL dose distributions in poorly bleached fluvial sediments from South Africa,Colarossi D et al.-2015-QG-Comparison of paired quartz OSL and feldspar postIR IRSL dose distributions in poorly bleached fluvial sediments from South Africa.pdf,
Controls-on-dryland-mountain-landscape-development-along-the-N_2017_Quaterna.pdf,test1/Controls-on-dryland-mountain-landscape-development-along-the-N_2017_Quaterna.pdf,True,M. Stokes; A.E. Mather; M. Belfoul; F. Faik; S. Bouzid; M.R. Geach; P.P. Cunha; S.J. Boulton; C. Thiel,2017,Quaternary Science Reviews,QSR,"Controls on dryland mountain landscape development along the NW Saharan desert margin: Insights from Quaternary river terrace sequences (Dad es River, south-central High Atlas, Morocco)",Stokes M et al.,Controls on dryland mountain landscape development along the NW Saharan desert margin Insights from Quaternary river terrace sequences,Stokes M et al.-2017-QSR-Controls on dryland mountain landscape development along the NW Saharan desert margin Insights from Quaternary river terrace sequences.pdf,
"Cordier S et al.-2017-QSR-Of ice and water, Quaternary fluvial response to glacial forcing.pdf","test1/Cordier S et al.-2017-QSR-Of ice and water, Quaternary fluvial response to glacial forcing.pdf",True,Stéphane Cordier; Kathryn Adamson; Magali Delmas; Marc Calvet; Dominique Harmand,2017,Quaternary Science Reviews,QSR,Of ice and water: Quaternary fluvial response to glacial forcing,Cordier S et al.,Of ice and water Quaternary fluvial response to glacial forcing,Cordier S et al.-2017-QSR-Of ice and water Quaternary fluvial response to glacial forcing.pdf,
Croissant T et al.-2017-NG-Rapid post-seismic landslide evacuation boosted by dynamic river width..pdf,test1/Croissant T et al.-2017-NG-Rapid post-seismic landslide evacuation boosted by dynamic river width..pdf,True,Thomas Croissant; Dimitri Lague; Philippe Steer; Philippe Davy,2017,Nature Geoscience,NG,Rapid post-seismic landslide evacuation boosted by dynamic river width,Croissant T et al.,Rapid post-seismic landslide evacuation boosted by dynamic river width,Croissant T et al.-2017-NG-Rapid post-seismic landslide evacuation boosted by dynamic river width.pdf,
"Cui FR et al.-2022-QG-Isolating quartz-dominated OSL signal of rock slice by using pulsed stimulation, Implications for dating burial age of cobbles.pdf","test1/Cui FR et al.-2022-QG-Isolating quartz-dominated OSL signal of rock slice by using pulsed stimulation, Implications for dating burial age of cobbles.pdf",True,Furong Cui; Jintang Qin; Jinfeng Liu; Pengli Fan; Zhaoning Li; Kechang Li; Jie Chen,2022,Quaternary Geochronology,QG,Isolating quartz-dominated OSL signal of rock slice by using pulsed stimulation: Implications for dating burial age of cobbles,Cui F et al.,Isolating quartz-dominated OSL signal of rock slice by using pulsed stimulation Implications for dating burial age of cobbles,Cui F et al.-2022-QG-Isolating quartz-dominated OSL signal of rock slice by using pulsed stimulation Implications for dating burial age of cobbles.pdf,
Dadson_et_al_2004_Geology_76085.pdf,test1/Dadson_et_al_2004_Geology_76085.pdf,True,Simon J. Dadson; Niels Hovius; Hongey Chen; W. Brian Dade; Jiun-Chuan Lin; Mei-Ling Hsu; Ching-Weei Lin; Ming-Jame Horng; Tien-Chien Chen; John Milliman; Colin P. Stark,2004,Geology,Geology,Earthquake-triggered increase in sediment delivery from an active mountain belt,Dadson SJ et al.,Earthquake-triggered increase in sediment delivery from an active mountain belt,Dadson SJ et al.-2004-Geology-Earthquake-triggered increase in sediment delivery from an active mountain belt.pdf,
DingZY_Geodema_2021_MuUs color.pdf,test1/DingZY_Geodema_2021_MuUs color.pdf,True,Zhiyong Ding; Ruijie Lu; Lindong Wang; Lupeng Yu; Xiaokang Liu; Yingna Liu; Liyun Liu; Min Bai; Shuzhi Wang,2021,Geoderma,Geoderma,Early-Mid Holocene climatic changes inferred from colors of eolian deposits in the Mu Us Desert,Ding Z et al.,Early-Mid Holocene climatic changes inferred from colors of eolian deposits in the Mu Us Desert,Ding Z et al.-2021-Geoderma-Early-Mid Holocene climatic changes inferred from colors of eolian deposits in the Mu Us Desert.pdf,
Dingetal.2021_Geochronometria_Post-IRIRSLchronologyofpaleo-lacustrinesedimentsfromYardangsintheQaidamBasinNETibetanPlateau.pdf,test1/Dingetal.2021_Geochronometria_Post-IRIRSLchronologyofpaleo-lacustrinesedimentsfromYardangsintheQaidamBasinNETibetanPlateau.pdf,True,Zhaojing Ding; Lupeng Yu; ZhongPing Lai; Xiaodong Miao,2021,Geochronometria,Geochronometria,"Post-IR IRSL chronology of paleo-lacustrine sediments from yardangs in the Qaidam Basin, ne Tibetan Plateau",Ding Z et al.,Post-IR IRSL chronology of paleo-lacustrine sediments from yardangs in the Qaidam Basin ne Tibetan Plateau,Ding Z et al.-2021-Geochronometria-Post-IR IRSL chronology of paleo-lacustrine sediments from yardangs in the Qaidam Basin ne Tibetan Plateau.pdf,
Dong P-2022-FES-Advance of megadunes and its implications in the Badain Jaran Sand.pdf,test1/Dong P-2022-FES-Advance of megadunes and its implications in the Badain Jaran Sand.pdf,True,Peng Dong; Aimin Liang; Yali Zhou,2022,Frontiers in Earth Science,FES,Advancement of Megadunes and its Implications in the Badain Jaran Sand Sea,Dong P et al.,Advancement of Megadunes and its Implications in the Badain Jaran Sand Sea,Dong P et al.-2022-FES-Advancement of Megadunes and its Implications in the Badain Jaran Sand Sea.pdf,
"Dong SP et al.-2022-Catena-Quantitative reconstruction of consecutive paleolake-level fluctuations by the groundwater recharged lake in the desert hinterland，A case study in the Badain Jaran Desert, Northwestern China.pdf","test1/Dong SP et al.-2022-Catena-Quantitative reconstruction of consecutive paleolake-level fluctuations by the groundwater recharged lake in the desert hinterland，A case study in the Badain Jaran Desert, Northwestern China.pdf",True,Shipei Dong; Zhuolun Li; Meng Li; Chen'ao Lu; Nai'ang Wang; Kai Ning,2022,Catena,Catena,"Quantitative reconstruction of consecutive paleolake-level fluctuations by the groundwater recharged lake in the desert hinterland: A case study in the Badain Jaran Desert, Northwestern China",Dong SP et al.,Quantitative reconstruction of consecutive paleolake-level fluctuations by the groundwater recharged lake in the desert hinterland A case study in the Badain Jaran Desert Northwestern China,Dong SP et al.-2022-Catena-Quantitative reconstruction of consecutive paleolake-level fluctuations by the groundwater recharged lake in the desert hinterland A case study in the Badain Ja.pdf,
Dosseto et al.-2010-Geology-Climatic and vegetation control on sediment dynamics during the last glacial cycle.pdf,test1/Dosseto et al.-2010-Geology-Climatic and vegetation control on sediment dynamics during the last glacial cycle.pdf,True,A. Dosseto; P.P. Hesse; K. Maher; K. Fryirs; S. Turner,2010,Geology,Geology,Climatic and vegetation control on sediment dynamics during the last glacial cycle,Dosseto A et al.,Climatic and vegetation control on sediment dynamics during the last glacial cycle,Dosseto A et al.-2010-Geology-Climatic and vegetation control on sediment dynamics during the last glacial cycle.pdf,
Duan Z et al-2021-EG-Interactions of landslide deposit with terrace sediments， Perspectives from velocity of deposit movement and apparent friction angle.pdf,test1/Duan Z et al-2021-EG-Interactions of landslide deposit with terrace sediments， Perspectives from velocity of deposit movement and apparent friction angle.pdf,True,Zhao Duan; Wen-Chieh Cheng; Jian-Bing Peng; Md Mizanur Rahman; Hao Tang,2021,Engineering Geology,EG,Interactions of landslide deposit with terrace sediments: Perspectives from velocity of deposit movement and apparent friction angle,Duan Z et al.,Interactions of landslide deposit with terrace sediments Perspectives from velocity of deposit movement and apparent friction angle,Duan Z et al.-2021-EG-Interactions of landslide deposit with terrace sediments Perspectives from velocity of deposit movement and apparent friction angle.pdf,
"Duller-2008-Boreas-Single-grain optical dating of Quaternary sediments, why aliquot size matters in luminescence dating.pdf","test1/Duller-2008-Boreas-Single-grain optical dating of Quaternary sediments, why aliquot size matters in luminescence dating.pdf",True,Geoffrey A. T. Duller,2008,Boreas,Boreas,Single-grain optical dating of Quaternary sediments: why aliquot size matters in luminescence dating,Duller GAT,Single-grain optical dating of Quaternary sediments why aliquot size matters in luminescence dating,Duller GAT-2008-Boreas-Single-grain optical dating of Quaternary sediments why aliquot size matters in luminescence dating.pdf,
"E CY et al.-2018-Boreas-Hebei loess section in the Anyemaqen Mountains, northeast Tibetan Plateau, a high-resolution luminescence chronology.pdf","test1/E CY et al.-2018-Boreas-Hebei loess section in the Anyemaqen Mountains, northeast Tibetan Plateau, a high-resolution luminescence chronology.pdf",True,Chongyi E; Reza Sohbati; Andrew S. Murray; Jan-Pieter Buylaert; Xiangjun Liu; Long Yang; Jie Yuan; Wenting Yan,2018,Boreas,Boreas,"Hebei loess section in the Anyemaqen Mountains, northeast Tibetan Plateau: a high-resolution luminescence chronology",E C et al.,Hebei loess section in the Anyemaqen Mountains northeast Tibetan Plateau a high-resolution luminescence chronology,E C et al.-2018-Boreas-Hebei loess section in the Anyemaqen Mountains northeast Tibetan Plateau a high-resolution luminescence chronology.pdf,
"E CY et al.-2018-The Holocene-A comparative study of radiocarbon dating on terrestrial organisms and fish from Qinghai Lake in the northeastern Tibetan Plateau, China.pdf","test1/E CY et al.-2018-The Holocene-A comparative study of radiocarbon dating on terrestrial organisms and fish from Qinghai Lake in the northeastern Tibetan Plateau, China.pdf",True,E ChongYi; YongJuan Sun; XiangJun Liu; Guangliang Hou; ShunChang Lv; Jie Yuan; Manping Sun,2018,The Holocene,HOL,"A comparative study of radiocarbon dating on terrestrial organisms and fish from Qinghai Lake in the northeastern Tibetan Plateau, China",ChongYi E et al.,A comparative study of radiocarbon dating on terrestrial organisms and fish from Qinghai Lake in the northeastern Tibetan Plateau China,ChongYi E et al.-2018-HOL-A comparative study of radiocarbon dating on terrestrial organisms and fish from Qinghai Lake in the northeastern Tibetan Plateau China.pdf,
Editors--amp--Editorial-board_2017_Quaternary-Science-Reviews.pdf,test1/Editors--amp--Editorial-board_2017_Quaternary-Science-Reviews.pdf,False,,,,,,,,.pdf,
Egholm DL et al.-2013-Nature-Lifespan of mountain ranges scaled by feedbacks between landsliding and erosion by rivers.pdf,test1/Egholm DL et al.-2013-Nature-Lifespan of mountain ranges scaled by feedbacks between landsliding and erosion by rivers.pdf,True,David L. Egholm; Mads F. Knudsen; Mike Sandiford,2013,Nature,Nature,Lifespan of mountain ranges scaled by feedbacks between landsliding and erosion by rivers,Egholm DL et al.,Lifespan of mountain ranges scaled by feedbacks between landsliding and erosion by rivers,Egholm DL et al.-2013-Nature-Lifespan of mountain ranges scaled by feedbacks between landsliding and erosion by rivers.pdf,
Enhanced provenance interpretation using combined U_Pb and U_Th_He double dating of detrital zircon grains from lower Miocene strata.pdf,test1/Enhanced provenance interpretation using combined U_Pb and U_Th_He double dating of detrital zircon grains from lower Miocene strata.pdf,True,Jie Xu; Daniel F. Stockli; John W. Snedden,2017,Earth and Planetary Science Letters,EPSL,"Enhanced provenance interpretation using combined U–Pb and (U–Th)/He double dating of detrital zircon grains from lower Miocene strata, proximal Gulf of Mexico Basin, North America",Xu J et al.,Enhanced provenance interpretation using combined U-Pb and U-Th-He double dating of detrital zircon grains from lower Miocene strata,Xu J et al.-2017-EPSL-Enhanced provenance interpretation using combined U-Pb and U-Th-He double dating of detrital zircon grains from lower Miocene strata.pdf,
Evolution-of-the-alluvial-fans-of-the-Luo-River-in-the-Weihe-B_2017_Quaterna.pdf,test1/Evolution-of-the-alluvial-fans-of-the-Luo-River-in-the-Weihe-B_2017_Quaterna.pdf,True,Daniël S. Rits; Ronald T. van Balen; Maarten A. Prins; Hongbo Zheng,2017,Quaternary Science Reviews,QSR,"Evolution of the alluvial fans of the Luo River in the Weihe Basin, central China, controlled by faulting and climate change - A reevaluation of the paleogeographical setting of Dali Man site",Rits DS et al.,Evolution of the alluvial fans of the Luo River in the Weihe Basin central China controlled by faulting and climate change A reevaluation of the paleogeographical setting of Dali Man site,Rits DS et al.-2017-QSR-Evolution of the alluvial fans of the Luo River in the Weihe Basin central China controlled by faulting and climate change A reevaluation of the paleogeographic.pdf,
Finnegan et al.-2014-Nature-A signature of transience in bedrock river incision rates over timescales of 10(4)-10(7) years.pdf,test1/Finnegan et al.-2014-Nature-A signature of transience in bedrock river incision rates over timescales of 10(4)-10(7) years.pdf,True,Rina Schumer; Seth Finnegan,2014,Nature,Nature,A signature of transience in bedrock river incision rates over timescales of 10(4)-10(7) years,Schumer R & Finnegan S,A signature of transience in bedrock river incision rates over timescales of 104-107 years,Schumer R & Finnegan S-2014-Nature-A signature of transience in bedrock river incision rates over timescales of 104-107 years.pdf,
Finnegan et al.-2014-Nature-A signature of transience in bedrock river incision rates over timescales of 104 –107 years.pdf,test1/Finnegan et al.-2014-Nature-A signature of transience in bedrock river incision rates over timescales of 104 –107 years.pdf,True,Noah J. Finnegan; Rina Schumer; Seth Finnegan,2014,Nature,Nature,A signature of transience in bedrock river incision rates over timescales of 104–107 years,Finnegan NJ et al.,A signature of transience in bedrock river incision rates over timescales of 104107 years,Finnegan NJ et al.-2014-Nature-A signature of transience in bedrock river incision rates over timescales of 104107 years.pdf,
Fisher GB et al.-2023-NC-Milankovitch-paced erosion in the southern Central Andes.pdf,test1/Fisher GB et al.-2023-NC-Milankovitch-paced erosion in the southern Central Andes.pdf,True,G. Burch Fisher; Lisa V. Luna; William H. Amidon; Douglas W. Burbank; Bas de Boer; Lennert B. Stap; Bodo Bookhagen; Vincent Godard; Michael E. Oskin; Ricardo N. Alonso; Erik Tuenter; Lucas J. Lourens,2023,Nature Communications,NC,Milankovitch-paced erosion in the southern Central Andes,Fisher GB et al.,Milankovitch-paced erosion in the southern Central Andes,Fisher GB et al.-2023-NC-Milankovitch-paced erosion in the southern Central Andes.pdf,
Fluvial-archives--a-valuable-record-of-vertical-cru_2017_Quaternary-Science-.pdf,test1/Fluvial-archives--a-valuable-record-of-vertical-cru_2017_Quaternary-Science-.pdf,True,A. Demoulin; A. Mather; A. Whittaker,2016,Quaternary Science Reviews,QSR,"Fluvial archives, a valuable record of vertical crustal deformation",Demoulin A et al.,Fluvial archives a valuable record of vertical crustal deformation,Demoulin A et al.-2016-QSR-Fluvial archives a valuable record of vertical crustal deformation.pdf,
Fluvial-deposits-as-an-archive-of-early-human-activity--P_2017_Quaternary-Sc.pdf,test1/Fluvial-deposits-as-an-archive-of-early-human-activity--P_2017_Quaternary-Sc.pdf,True,Parth R. Chauhan; David R. Bridgland; Marie-Hélène Moncel; Pierre Antoine; Jean-Jacques Bahain; Rebecca Briant; Pedro P. Cunha; Jackie Despriée; Nicole Limondin-Lozouet; Jean-Luc Locht; Antonio A. Martins; Danielle C. Schreve; Andrew D. Shaw; Pierre Voinchet; Rob Westaway; Mark J. White; Tom S. White,2017,Quaternary Science Reviews,QSR,Fluvial deposits as an archive of early human activity: Progress during the 20 years of the Fluvial Archives Group,Chauhan PR et al.,Fluvial deposits as an archive of early human activity Progress during the 20 years of the Fluvial Archives Group,Chauhan PR et al.-2017-QSR-Fluvial deposits as an archive of early human activity Progress during the 20 years of the Fluvial Archives Group.pdf,
Fossils-from-Quaternary-fluvial-archives--Sources-of-biost_2017_Quaternary-S.pdf,test1/Fossils-from-Quaternary-fluvial-archives--Sources-of-biost_2017_Quaternary-S.pdf,True,Tom S. White; David R. Bridgland; Nicole Limondin-Lozouet; Danielle C. Schreve,2017,Quaternary Science Reviews,QSR,"Fossils from Quaternary ﬂuvial archives: Sources of biostratigraphical, biogeographical and palaeoclimatic evidence",White TS et al.,Fossils from Quaternary fluvial archives Sources of biostratigraphical biogeographical and palaeoclimatic evidence,White TS et al.-2017-QSR-Fossils from Quaternary fluvial archives Sources of biostratigraphical biogeographical and palaeoclimatic evidence.pdf,
"Foster et al.-2017-Geomorphology-Dating of river terraces along Lefthand Creek, western High Plains, Colorado, reveals punctuated incision.pdf","test1/Foster et al.-2017-Geomorphology-Dating of river terraces along Lefthand Creek, western High Plains, Colorado, reveals punctuated incision.pdf",True,Melissa A. Foster; Robert S. Anderson; Harrison J. Gray; Shannon A. Mahan,2017,Geomorphology,Geomorphology,"Dating of river terraces along Lefthand Creek, western High Plains, Colorado, reveals punctuated incision",Foster MA et al.,Dating of river terraces along Lefthand Creek western High Plains Colorado reveals punctuated incision,Foster MA et al.-2017-Geomorphology-Dating of river terraces along Lefthand Creek western High Plains Colorado reveals punctuated incision.pdf,
GEOMOR-12492_R1.pdf,test1/GEOMOR-12492_R1.pdf,True,Qinjing Shen; Yinjun Zhou; Yantian Xu; Yuansen Lai; Xia Yan; Xianmei Huang; Xiaobin Liu; Jiemei Zhong; Shuai Zhu; Zhijing Li; Zhongping Lai,2024,Geomorphology,Geomorphology,Late Quaternary river evolution and its response to climate changes in the upper Mekong River of the Qinghai‒Tibetan Plateau,Shen Q et al.,Late Quaternary river evolution and its response to climate changes in the upper Mekong River of the Qinghai Tibetan Plateau,Shen Q et al.-2024-Geomorphology-Late Quaternary river evolution and its response to climate changes in the upper Mekong River of the Qinghai Tibetan Plateau.pdf,
Gallen et al.-2015-Geology-The dynamic reference frame of rivers and apparent transience in incision rates.pdf,test1/Gallen et al.-2015-Geology-The dynamic reference frame of rivers and apparent transience in incision rates.pdf,True,Sean F. Gallen; Frank J. Pazzaglia; Karl W. Wegmann; Joel L. Pederson; Thomas W. Gardner,2015,Geology,Geology,The dynamic reference frame of rivers and apparent transience in incision rates,Gallen SF et al.,The dynamic reference frame of rivers and apparent transience in incision rates,Gallen SF et al.-2015-Geology-The dynamic reference frame of rivers and apparent transience in incision rates.pdf,
"Gao HS et al.-2016-Geomorhpology-Fluvial responses to late Quaternary climate change in the Shiyang River drainage system, western China.pdf","test1/Gao HS et al.-2016-Geomorhpology-Fluvial responses to late Quaternary climate change in the Shiyang River drainage system, western China.pdf",True,Hongshan Gao; Zongmeng Li; Baotian Pan; Fenliang Liu; Xiaopeng Liu,2016,Geomorphology,Geomorphology,"Fluvial responses to late Quaternary climate change in the Shiyang River drainage system, western China",Gao H et al.,Fluvial responses to late Quaternary climate change in the Shiyang River drainage system western China,Gao H et al.-2016-Geomorphology-Fluvial responses to late Quaternary climate change in the Shiyang River drainage system western China.pdf,
Gao L et al.-2022-MPG-Luminescence dating of a sedimentary sequence in the eastern North__Yellow Sea.pdf,test1/Gao L et al.-2022-MPG-Luminescence dating of a sedimentary sequence in the eastern North__Yellow Sea.pdf,True,Lei Gao; Jun Li; Bangqi Hu; Liang Yi; Toru Tamura; Hao Long,2022,Marine and Petroleum Geology,MPG,Luminescence dating of a sedimentary sequence in the eastern North Yellow Sea,Gao L et al.,Luminescence dating of a sedimentary sequence in the eastern North Yellow Sea,Gao L et al.-2022-MPG-Luminescence dating of a sedimentary sequence in the eastern North Yellow Sea.pdf,
Ge Y et al.-2023-Geomorphology-Incision history of the Mekong River valley revealed by spatially differential exhumation.pdf,test1/Ge Y et al.-2023-Geomorphology-Incision history of the Mekong River valley revealed by spatially differential exhumation.pdf,True,Yukui Ge; Matthew Fox; Jing Liu-Zeng; Huiping Zhang; Xiaoming Shen,2023,Geomorphology,Geomorphology,Incision history of the Mekong River valley revealed by spatially differential exhumation,Ge Y et al.,Incision history of the Mekong River valley revealed by spatially differential exhumation,Ge Y et al.-2023-Geomorphology-Incision history of the Mekong River valley revealed by spatially differential exhumation.pdf,
GeomorphMetamorphism.pdf,test1/GeomorphMetamorphism.pdf,True,Peter Zeitler; P. O. Koons; B. Hallet; Charles Page Chamberlain; J.F. Shroder,2001,GSA Today,GSA Today,"Erosion, Himalayan Geodynamics, and the Geomorphology of Metamorphism",Zeitler P et al.,Erosion Himalayan Geodynamics and the Geomorphology of Metamorphism,Zeitler P et al.-2001-GSA Today-Erosion Himalayan Geodynamics and the Geomorphology of Metamorphism.pdf,
GeomorphologicevidenceofphasedupliftofthenortheasternQinghai-TibetPlateausince14millionyearsago.pdf,test1/GeomorphologicevidenceofphasedupliftofthenortheasternQinghai-TibetPlateausince14millionyearsago.pdf,True,Huayu Lu; Zhisheng An; Xianyan Wang; Xiaodong Miao,2004,Geomorphologic evidence of phased uplift of the northeastern Qinghai-Tibet Plateau since 14 million years ago,GEPUQTP,Geomorphologic evidence of phased uplift of the northeastern Qinghai-Tibet Plateau since 14 million years ago,Lu H et al.,Geomorphologic evidence of phased uplift of the northeastern Qinghai-Tibet Plateau since 14 million years ago,Lu H et al.-2004-GEPUQTP-Geomorphologic evidence of phased uplift of the northeastern Qinghai-Tibet Plateau since 14 million years ago.pdf,
Geophysical Research Letters - 2022 - Luo - A Novel Approach for Reconstructing Slip Histories for Bedrock Fault Scarps.pdf,test1/Geophysical Research Letters - 2022 - Luo - A Novel Approach for Reconstructing Slip Histories for Bedrock Fault Scarps.pdf,True,Ming Luo; Jie Chen; Lewis A. Owen; Jintang Qin; Jinhui Yin; Huili Yang; Jinfeng Liu; Zhijun Gong; Jiahong Luo,2022,Geophysical Research Letters,GRL,A Novel Approach for Reconstructing Slip Histories for Bedrock Fault Scarps Using Rock Surface Luminescence Dating,Luo M et al.,A Novel Approach for Reconstructing Slip Histories for Bedrock Fault Scarps Using Rock Surface Luminescence Dating,Luo M et al.-2022-GRL-A Novel Approach for Reconstructing Slip Histories for Bedrock Fault Scarps Using Rock Surface Luminescence Dating.pdf,
Giosan L et al.-2012-PNAS-Fluvial landscapes of the Harappan civilization.pdf,test1/Giosan L et al.-2012-PNAS-Fluvial landscapes of the Harappan civilization.pdf,True,Liviu Giosan; Peter D. Clift; Mark G. Macklin; Dorian Q. Fuller; Stefan Constantinescu; Julie A. Durcan; Thomas Stevens; Geoff A. T. Duller; Ali R. Tabrez; Kavita Gangal; Ronojoy Adhikari; Anwar Alizai; Florin Filip; Sam VanLaningham; James P. M. Syvitski,2012,Proceedings of the National Academy of Sciences,PNAS,Fluvial landscapes of the Harappan civilization,Giosan L et al.,Fluvial landscapes of the Harappan civilization,Giosan L et al.-2012-PNAS-Fluvial landscapes of the Harappan civilization.pdf,
Glacial geomorphology of the Bayan Har.pdf,test1/Glacial geomorphology of the Bayan Har.pdf,True,JAKOB HEYMAN; CLAS HÄTTESTRAND; ARJEN P. STROEVEN,2008,Journal of Maps,JM,Glacial geomorphology of the Bayan Har sector of the NE Tibetan Plateau,Heyman J et al.,Glacial geomorphology of the Bayan Har sector of the NE Tibetan Plateau,Heyman J et al.-2008-JM-Glacial geomorphology of the Bayan Har sector of the NE Tibetan Plateau.pdf,
GodardV etal-2014-Geology-Dominance of tectonics over climate in Himalayan denudation.pdf,test1/GodardV etal-2014-Geology-Dominance of tectonics over climate in Himalayan denudation.pdf,True,Vincent Godard; Didier L Bourlès; Douglas W. Burbank; Bodo Bookhagen,2014,Geology,Geology,Dominance of tectonics over climate in Himalayan denudation,Godard V et al.,Dominance of tectonics over climate in Himalayan denudation,Godard V et al.-2014-Geology-Dominance of tectonics over climate in Himalayan denudation.pdf,
Gorin AL et al.-2024-Science-Recent tropical Andean glacier retreat is unprecedented in the Holocene.pdf,test1/Gorin AL et al.-2024-Science-Recent tropical Andean glacier retreat is unprecedented in the Holocene.pdf,True,Andrew L. Gorin; Jeremy D. Shakun; Andrew G. Jones; Tori M. Kennedy; Shaun A. Marcott; Brent M. Goehring; Lucas K. Zoet; Vincent Jomelli; Gordon R. M. Bromley; Emilio I. Mateo; Bryan G. Mark; Donald T. Rodbell; Adrien Gilbert; Marc W. Caffee,2024,Science,Science,Recent tropical Andean glacier retreat is unprecedented in the Holocene,Gorin AL et al.,Recent tropical Andean glacier retreat is unprecedented in the Holocene,Gorin AL et al.-2024-Science-Recent tropical Andean glacier retreat is unprecedented in the Holocene.pdf,
Goswami K et al.-2024-QG-Luminescence for sedimentary provenance quantification in river basins A methodological advancement.pdf,test1/Goswami K et al.-2024-QG-Luminescence for sedimentary provenance quantification in river basins A methodological advancement.pdf,True,Kartika Goswami; Santunu Kumar Panda; Linto Alappat; Naveen Chauhan,2024,Quaternary Geochronology,QG,Luminescence for sedimentary provenance quantification in river basins: A methodological advancement,Goswami K et al.,Luminescence for sedimentary provenance quantification in river basins A methodological advancement,Goswami K et al.-2024-QG-Luminescence for sedimentary provenance quantification in river basins A methodological advancement.pdf,
"Goswami K et al.-2024-QG-Luminescence for sedimentary provenance quantification in river basins, A methodological advancement.pdf","test1/Goswami K et al.-2024-QG-Luminescence for sedimentary provenance quantification in river basins, A methodological advancement.pdf",True,Kartika Goswami; Santunu Kumar Panda; Linto Alappat; Naveen Chauhan,2024,Quaternary Geochronology,QG,Luminescence for sedimentary provenance quantification in river basins: A methodological advancement,Goswami K et al.,Luminescence for sedimentary provenance quantification in river basins A methodological advancement,Goswami K et al.-2024-QG-Luminescence for sedimentary provenance quantification in river basins A methodological advancement.pdf,
Guide for authors - Earth and Planetary Science Letters - ISSN 0012-821X _ ScienceDirect.com by Elsevier.pdf,test1/Guide for authors - Earth and Planetary Science Letters - ISSN 0012-821X _ ScienceDirect.com by Elsevier.pdf,False,,,,,,,,.pdf,
Gupta A-2007-Large Rivers_Geomorphology and Management.pdf,test1/Gupta A-2007-Large Rivers_Geomorphology and Management.pdf,False,,,,,,,,.pdf,
"Gutierrez & Stockli-2023-Geology-Fluvial response to Late Pleistocene−Holocene climate change in the Colorado River drainage, central Texas, USA.pdf","test1/Gutierrez & Stockli-2023-Geology-Fluvial response to Late Pleistocene−Holocene climate change in the Colorado River drainage, central Texas, USA.pdf",True,E. Gabriela Gutierrez; Daniel F. Stockli,2023,Geology,Geology,"Fluvial response to Late Pleistocene−Holocene climate change in the Colorado River drainage, central Texas, USA",Gutierrez EG & Stockli DF,Fluvial response to Late PleistoceneHolocene climate change in the Colorado River drainage central Texas USA,Gutierrez EG & Stockli DF-2023-Geology-Fluvial response to Late PleistoceneHolocene climate change in the Colorado River drainage central Texas USA.pdf,
Haffman-2015-ESR-Sediment residence time and connectivity in non-equilibrium and transient geomorphic systems.pdf,test1/Haffman-2015-ESR-Sediment residence time and connectivity in non-equilibrium and transient geomorphic systems.pdf,True,Thomas Hoffmann,2015,Earth-Science Reviews,ESR,Sediment residence time and connectivity in non-equilibrium and transient geomorphic systems,Hoffmann T,Sediment residence time and connectivity in non-equilibrium and transient geomorphic systems,Hoffmann T-2015-ESR-Sediment residence time and connectivity in non-equilibrium and transient geomorphic systems.pdf,
Harrison et al.-2019-RG-Luminescence as a Sediment Tracer and Provenance Tool.pdf,test1/Harrison et al.-2019-RG-Luminescence as a Sediment Tracer and Provenance Tool.pdf,True,"Gray, Harrison J.; Jain, Mayank; Sawakuchi, Andre O.; Mahan, Shannon A.; Tucker, Gregory E.",2019,Reviews of Geophysics,RG,Luminescence as a Sediment Tracer and Provenance Tool,Gray HJ et al.,Luminescence as a Sediment Tracer and Provenance Tool,Gray HJ et al.-2019-RG-Luminescence as a Sediment Tracer and Provenance Tool.pdf,
"Hassenruck-Gudipati HJ et al.-2022-ESD-A multi-proxy assessment of terrace formation in the lower Trinity River valley, Texas.pdf","test1/Hassenruck-Gudipati HJ et al.-2022-ESD-A multi-proxy assessment of terrace formation in the lower Trinity River valley, Texas.pdf",True,Hima J. Hassenrück-Gudipati; Thaddeus Ellis; Timothy A. Goudge; David Mohrig,2022,Earth Surface Dynamics,ESD,"A multi-proxy assessment of terrace formation in the lower Trinity River valley, Texas",Hassenrück-Gudipati HJ et al.,A multi-proxy assessment of terrace formation in the lower Trinity River valley Texas,Hassenrück-Gudipati HJ et al.-2022-ESD-A multi-proxy assessment of terrace formation in the lower Trinity River valley Texas.pdf,
Herman 2010.pdf,test1/Herman 2010.pdf,True,Frédéric Herman; Edward J. Rhodes; Jean Braun; Lukas Heiniger,2010,Earth and Planetary Science Letters,EPSL,"Uniform erosion rates and relief amplitude during glacial cycles in the Southern Alps of New Zealand, as revealed from OSL-thermochronology",Herman F et al.,Uniform erosion rates and relief amplitude during glacial cycles in the Southern Alps of New Zealand as revealed from OSL thermochronology,Herman F et al.-2010-EPSL-Uniform erosion rates and relief amplitude during glacial cycles in the Southern Alps of New Zealand as revealed from OSL thermochronology.pdf,
"Hetzel et al.-2004-tectonics-Late Pleistocene-Holocene slip rate of the Zhangye thrust (Qilian Shan, China) and implications for the active growth.pdf","test1/Hetzel et al.-2004-tectonics-Late Pleistocene-Holocene slip rate of the Zhangye thrust (Qilian Shan, China) and implications for the active growth.pdf",True,Ralf Hetzel; Mingxin Tao; Stephen Stokes; Samuel Niedermann; Susan Ivy-Ochs; Bo Gao; Manfred R. Strecker; Peter W. Kubik,2004,Tectonics,Tectonics,"Late Pleistocene/Holocene slip rate of the Zhangye thrust (Qilian Shan, China) and implications for the active growth of the northeastern Tibetan Plateau",Hetzel R et al.,Late Pleistocene Holocene slip rate of the Zhangye thrust Qilian Shan China and implications for the active growth of the northeastern Tibetan Plateau,Hetzel R et al.-2004-Tectonics-Late Pleistocene Holocene slip rate of the Zhangye thrust Qilian Shan China and implications for the active growth of the northeastern Tibetan Plateau.pdf,
Hetzel et al.-2019-EPSL-A constant slip rate for the western Qilian Shan frontal thrust during the last 200 ka consistent with GPS-derived and geological shortening rates..pdf,test1/Hetzel et al.-2019-EPSL-A constant slip rate for the western Qilian Shan frontal thrust during the last 200 ka consistent with GPS-derived and geological shortening rates..pdf,True,Ralf Hetzel; Andrea Hampel; Pia Gebbeken; Qiang Xu; Ryan D. Gold,2019,Earth and Planetary Science Letters,EPSL,A constant slip rate for the western Qilian Shan frontal thrust during the last 200 ka consistent with GPS-derived and geological shortening rates,Hetzel R et al.,A constant slip rate for the western Qilian Shan frontal thrust during the last 200 ka consistent with GPS-derived and geological shortening rates,Hetzel R et al.-2019-EPSL-A constant slip rate for the western Qilian Shan frontal thrust during the last 200 ka consistent with GPS-derived and geological shortening rates.pdf,
"Hilley & Strecker-2005-GSAB-Processes of oscillatory basin filling and excavation in a tectonically active orogen, Quebrada del Toro Basin, NW Argentina.pdf","test1/Hilley & Strecker-2005-GSAB-Processes of oscillatory basin filling and excavation in a tectonically active orogen, Quebrada del Toro Basin, NW Argentina.pdf",True,George E. Hilley; Manfred R. Strecker,2005,GSA Bulletin,GSAB,"Processes of oscillatory basin filling and excavation in a tectonically active orogen: Quebrada del Toro Basin, NW Argentina",Hilley GE & Strecker MR,Processes of oscillatory basin filling and excavation in a tectonically active orogen Quebrada del Toro Basin NW Argentina,Hilley GE & Strecker MR-2005-GSAB-Processes of oscillatory basin filling and excavation in a tectonically active orogen Quebrada del Toro Basin NW Argentina.pdf,
Hillslope_Sediment_Supply_Limits_Alluvial_Valley_W.pdf,test1/Hillslope_Sediment_Supply_Limits_Alluvial_Valley_W.pdf,True,Stefanie Tofelde; Aaron Bufe; Jens M. Turowski,2022,AGU Advances,AGUA,Hillslope Sediment Supply Limits Alluvial Valley Width,Tofelde S et al.,Hillslope Sediment Supply Limits Alluvial Valley Width,Tofelde S et al.-2022-AGUA-Hillslope Sediment Supply Limits Alluvial Valley Width.pdf,
Holocene moist period recorded by the chronostratigraphy of a lake sedimentary.pdf,test1/Holocene moist period recorded by the chronostratigraphy of a lake sedimentary.pdf,True,Hao Long; ZhongPing Lai; Peter Frenzel; Markus Fuchs; Torsten Haberzettl,2011,Quaternary Geochronology,QG,Holocene moist period recorded by the chronostratigraphy of a lake sedimentary sequence from Lake Tangra Yumco on the south Tibetan Plateau,Long H et al.,Holocene moist period recorded by chronostratigraphy of lake sedimentary sequence from Lake Tangra Yumco on south Tibetan Plateau,Long H et al.-2011-QG-Holocene moist period recorded by chronostratigraphy of lake sedimentary sequence from Lake Tangra Yumco on south Tibetan Plateau.pdf,
How “wet islands” form – A case study of the Qilian Mountains on the arid northern Tibetan Plateau during the Middle Miocene.pdf,test1/How “wet islands” form – A case study of the Qilian Mountains on the arid northern Tibetan Plateau during the Middle Miocene.pdf,True,Yongheng Yang; Yunfa Miao; Xuelian Wang; Jie Wu; Yulong Ren; Tao Zhang; Liwu Li; Xiaomin Fang,2025,Earth-Science Reviews,ESR,How “wet islands” form – A case study of the Qilian Mountains on the arid northern Tibetan Plateau during the Middle Miocene,Yang Y et al.,How wet islands form A case study of the Qilian Mountains on the arid northern Tibetan Plateau during the Middle Miocene,Yang Y et al.-2025-ESR-How wet islands form A case study of the Qilian Mountains on the arid northern Tibetan Plateau during the Middle Miocene.pdf,
"Hu KH et al.-2021-Recurrent dammed-lake outburst superfloods in the Yigong river, southeastern margin of the Tibet.pdf","test1/Hu KH et al.-2021-Recurrent dammed-lake outburst superfloods in the Yigong river, southeastern margin of the Tibet.pdf",True,Kaiheng Hu; Chaohua Wu; Li Wei; Xiaopeng Zhang; Qiyuan Zhang; Weiming Liu; Brian J. Yanites,2021,Research Square,RS,"Recurrent dammed-lake outburst superfloods in the Yigong river, southeastern margin of the Tibet",Hu K et al.,Recurrent dammed-lake outburst superfloods in the Yigong river southeastern margin of the Tibet,Hu K et al.-2021-RS-Recurrent dammed-lake outburst superfloods in the Yigong river southeastern margin of the Tibet.pdf,
"Hu XF et al.-2013-Tectonics-Rates and kinematics of active shortening along the eastern Qilian Shan, China, inferred from deformed fluvial terraces.pdf","test1/Hu XF et al.-2013-Tectonics-Rates and kinematics of active shortening along the eastern Qilian Shan, China, inferred from deformed fluvial terraces.pdf",True,Xiaofei Hu; Eric Kirby; Hongshan Gao; Zhenbo Hu,2015,Tectonics,Tectonics,"Rates and kinematics of active shortening along the eastern Qilian Shan, China, inferred from deformed fluvial terraces",Hu X et al.,Rates and kinematics of active shortening along the eastern Qilian Shan China inferred from deformed fluvial terraces,Hu X et al.-2015-Tectonics-Rates and kinematics of active shortening along the eastern Qilian Shan China inferred from deformed fluvial terraces.pdf,
"Hu XF et al.-2023-EPSL-Fluvial evolution in a growing thrust-fold range of the Yumu Shan, NE Tibetan Plateau.pdf","test1/Hu XF et al.-2023-EPSL-Fluvial evolution in a growing thrust-fold range of the Yumu Shan, NE Tibetan Plateau.pdf",True,Xiaofei Hu; Jiakun Wu; Zhenling Wen; Jiaxin Zhang; Qiming Zhao; Baotian Pan,2022,Earth and Planetary Science Letters,EPSL,"Fluvial evolution in a growing thrust-fold range of the Yumu Shan, NE Tibetan Plateau",Hu X et al.,Fluvial evolution in a growing thrust-fold range of the Yumu Shan NE Tibetan Plateau,Hu X et al.-2022-EPSL-Fluvial evolution in a growing thrust-fold range of the Yumu Shan NE Tibetan Plateau.pdf,
HydrologicalProcesses-2022-Lu-ProglacialriversedimentfluxesinthesoutheasternTibetanPlateauMingyongGlacier.pdf,test1/HydrologicalProcesses-2022-Lu-ProglacialriversedimentfluxesinthesoutheasternTibetanPlateauMingyongGlacier.pdf,True,Xixi Lu; Ting Zhang; Boey Lai Hsia; Dongfeng Li; Heather Fair; Hewen Niu; Samuel D. X. Chua; Li Li; Shaoqian Li,2022,Hydrological Processes,HP,Proglacial river sediment fluxes in the southeastern Tibetan Plateau: Mingyong Glacier in the Upper Mekong River,Lu X et al.,Proglacial river sediment fluxes in the southeastern Tibetan Plateau Mingyong Glacier in the Upper Mekong River,Lu X et al.-2022-HP-Proglacial river sediment fluxes in the southeastern Tibetan Plateau Mingyong Glacier in the Upper Mekong River.pdf,
Inoue T. et al-2023-Geology-Waterfall height sets the mechanism and rate of upstream retreat.pdf,test1/Inoue T. et al-2023-Geology-Waterfall height sets the mechanism and rate of upstream retreat.pdf,True,T. Inoue; N. Izumi; J.S. Scheingross; Y. Hiramatsu; S. Tanigawa; T. Sumner,2023,Geology,Geology,Waterfall height sets the mechanism and rate of upstream retreat,Inoue T et al.,Waterfall height sets the mechanism and rate of upstream retreat,Inoue T et al.-2023-Geology-Waterfall height sets the mechanism and rate of upstream retreat.pdf,
Inplications of sediment-flux-dependent river incision models for landscape evolution.pdf,test1/Inplications of sediment-flux-dependent river incision models for landscape evolution.pdf,True,Kelin X. Whipple; Gregory E. Tucker,2002,Journal of Geophysical Research,JGR,Implications of sediment-flux-dependent river incision models for landscape evolution,Whipple KX & Tucker GE,Implications of sediment-flux-dependent river incision models for landscape evolution,Whipple KX & Tucker GE-2002-JGR-Implications of sediment-flux-dependent river incision models for landscape evolution.pdf,
IsoplotR (1).pdf,test1/IsoplotR (1).pdf,False,,,,,,,,.pdf,
IsoplotR.pdf,test1/IsoplotR.pdf,False,,,,,,,,.pdf,
IsoplotRV3.pdf,test1/IsoplotRV3.pdf,False,,,,,,,,.pdf,
JGR Earth Surface - 2022 - Ben‐Israel - Sediment Residence Times in Large Rivers Quantified Using a Cosmogenic Nuclides.pdf,test1/JGR Earth Surface - 2022 - Ben‐Israel - Sediment Residence Times in Large Rivers Quantified Using a Cosmogenic Nuclides.pdf,True,Michal Ben-Israel; Moshe Armon; ASTER Team; Ari Matmon,2022,Journal of Geophysical Research: Earth Surface,JGRES,Sediment Residence Times in Large Rivers Quantified Using a Cosmogenic Nuclides Based Transport Model and Implications for Buffering of Continental Erosion Signals,Ben-Israel M et al.,Sediment Residence Times in Large Rivers Quantified Using a Cosmogenic Nuclides Based Transport Model and Implications for Buffering of Continental Erosion Signals,Ben-Israel M et al.-2022-JGRES-Sediment Residence Times in Large Rivers Quantified Using a Cosmogenic Nuclides Based Transport Model and Implications for Buffering of Continental Erosion Sign.pdf,
JGR Earth Surface - 2023 - Li - Provenance Analysis of Yellow River Terraces Highlights Causes of Siltation and Natural.pdf,test1/JGR Earth Surface - 2023 - Li - Provenance Analysis of Yellow River Terraces Highlights Causes of Siltation and Natural.pdf,True,Menghao Li; Zhenbo Hu; Ping Wang; Baotian Pan; Qinhong Mo; Zijuan Dong; Xiaohua Li; Meiling Zhong; Renzhe Pan; Eduardo Garzanti,2023,Journal of Geophysical Research: Earth Surface,JGRES,Provenance Analysis of Yellow River Terraces Highlights Causes of Siltation and Natural Hazards in the North China Plain,Li M et al.,Provenance Analysis of Yellow River Terraces Highlights Causes of Siltation and Natural Hazards in the North China Plain,Li M et al.-2023-JGRES-Provenance Analysis of Yellow River Terraces Highlights Causes of Siltation and Natural Hazards in the North China Plain.pdf,
Jainetal_Quaternaire.pdf,test1/Jainetal_Quaternaire.pdf,True,Mayank Jain; Andrew Sean Murray,2004,Quaternaire,Quaternaire,Optically stimulated luminescence dating: How signiﬁcant is incomplete light exposure in ﬂuvial environments?,Jain M & Murray AS,Optically stimulated luminescence dating How significant is incomplete light exposure in fluvial environments,Jain M & Murray AS-2004-Quaternaire-Optically stimulated luminescence dating How significant is incomplete light exposure in fluvial environments.pdf,
Jane SF et al.-2021-Nature-Widespread deoxygenation of temperate lakes.pdf,test1/Jane SF et al.-2021-Nature-Widespread deoxygenation of temperate lakes.pdf,True,Stephen F. Jane; Gretchen J. A. Hansen; Benjamin M. Kraemer; Peter R. Leavitt; Joshua L. Mincer; Rebecca L. North; Rachel M. Pilla; Jonathan T. Stetler; Craig E. Williamson; R. Iestyn Woolway; Lauri Arvola; Sudeep Chandra; Curtis L. DeGasperi; Laura Diemer; Julita Dunalska; Oxana Erina; Giovanna Flaim; Hans-Peter Grossart; K. David Hambright; Catherine Hein; Josef Hejzlar; Lorraine L. Janus; Jean-Philippe Jenny; John R. Jones; Lesley B. Knoll; Barbara Leoni; Eleanor Mackay; Shin-Ichiro S. Matsuzaki; Chris McBride; Dörthe C. Müller-Navarra; Andrew M. Paterson; Don Pierson; Michela Rogora; James A. Rusak; Steven Sadro; Emilie Saulnier-Talbot; Martin Schmid; Ruben Sommaruga; Wim Thiery; Piet Verburg; Kathleen C. Weathers; Gesa A. Weyhenmeyer; Kiyoko Yokota; Kevin C. Rose,2021,Nature,Nature,Widespread deoxygenation of temperate lakes,Jane SF et al.,Widespread deoxygenation of temperate lakes,Jane SF et al.-2021-Nature-Widespread deoxygenation of temperate lakes.pdf,
"Jiang YT et al.-2024-ESR-Two-stage exhumatio, uplift, and basinward propagation of the Tian Shan during the late Cenozoic.pdf","test1/Jiang YT et al.-2024-ESR-Two-stage exhumatio, uplift, and basinward propagation of the Tian Shan during the late Cenozoic.pdf",False,,,,,,,,.pdf,
"Jonell TN et al.-2017-QR-Quantifying episodic erosion and transient storage on the western margin of the Tibetan Plateau, upper Indus River.pdf","test1/Jonell TN et al.-2017-QR-Quantifying episodic erosion and transient storage on the western margin of the Tibetan Plateau, upper Indus River.pdf",True,Tara N. Jonell; Lewis A. Owen; Andrew Carter; Peter D. Clift,2017,Quaternary Research,QR,"Quantifying episodic erosion and transient storage on the western margin of the Tibetan Plateau, upper Indus River",Jonell TN et al.,Quantifying episodic erosion and transient storage on the western margin of the Tibetan Plateau upper Indus River,Jonell TN et al.-2017-QR-Quantifying episodic erosion and transient storage on the western margin of the Tibetan Plateau upper Indus River.pdf,
Jonell TN et al.-2020-QSR-Revisiting growth and decline of late Quaternary mega-lakes across the south-central Tibetan Plateau.pdf,test1/Jonell TN et al.-2020-QSR-Revisiting growth and decline of late Quaternary mega-lakes across the south-central Tibetan Plateau.pdf,True,Tara N. Jonell; Jonathan C. Aitchison; Guoqiang Li; James Shulmeister; Renjie Zhou; Haixia Zhang,2020,Quaternary Science Reviews,QSR,Revisiting growth and decline of late Quaternary mega-lakes across the south-central Tibetan Plateau,Jonell TN et al.,Revisiting growth and decline of late Quaternary mega-lakes across the south-central Tibetan Plateau,Jonell TN et al.-2020-QSR-Revisiting growth and decline of late Quaternary mega-lakes across the south-central Tibetan Plateau.pdf,
Jonell et al.2022-EPSL-No modern Irrawaddy River until the late Miocene-Pliocene.pdf,test1/Jonell et al.2022-EPSL-No modern Irrawaddy River until the late Miocene-Pliocene.pdf,True,Tara N. Jonell; Liviu Giosan; Peter D. Clift; Andrew Carter,2022,Earth and Planetary Sciences Letters,EPSL,No modern Irrawaddy River until the late Miocene-Pliocene,Jonell TN et al.,No modern Irrawaddy River until the late Miocene Pliocene,Jonell TN et al.-2022-EPSL-No modern Irrawaddy River until the late Miocene Pliocene.pdf,
"Juyal N et al.-2009-JAES-Reconstruction of Last Glacial to early Holocene monsoon variability from relict lake sediments of the Higher Central Himalaya, Uttrakhand, India.pdf","test1/Juyal N et al.-2009-JAES-Reconstruction of Last Glacial to early Holocene monsoon variability from relict lake sediments of the Higher Central Himalaya, Uttrakhand, India.pdf",True,N. Juyal; R.K. Pant; N. Basavaiah; R. Bhushan; M. Jain; N.K. Saini; M.G. Yadava; A.K. Singhvi,2009,Journal of Asian Earth Sciences,JAES,"Reconstruction of Last Glacial to early Holocene monsoon variability from relict lake sediments of the Higher Central Himalaya, Uttrakhand, India",Juyal N et al.,Reconstruction of Last Glacial to early Holocene monsoon variability from relict lake sediments of the Higher Central Himalaya Uttrakhand India,Juyal N et al.-2009-JAES-Reconstruction of Last Glacial to early Holocene monsoon variability from relict lake sediments of the Higher Central Himalaya Uttrakhand India.pdf,
"KP McClain et al.-2021-Geomorphology-River, alluvial fan and landslide interactions in a tributary junction setting Implications for tectonic controls on Quaternary fluvial landscape development .pdf","test1/KP McClain et al.-2021-Geomorphology-River, alluvial fan and landslide interactions in a tributary junction setting Implications for tectonic controls on Quaternary fluvial landscape development .pdf",True,Kevin P. McClain; Cengiz Yıldırım; Attila Çiner; M. Akif Sarıkaya; Orkan Özcan; Tolga Görüm; Oğuzhan Köse; Sefa Şahin; Nafıye Güneç Kıyak; Tuğba Öztürk,2021,Geomorphology,Geomorphology,"River, alluvial fan and landslide interactions in a tributary junction setting: Implications for tectonic controls on Quaternary ﬂuvial landscape development (Central Anatolian Plateau northern margin, Turkey)",McClain KP et al.,River alluvial fan and landslide interactions in a tributary junction setting Implications for tectonic controls on Quaternary fluvial landscape development,McClain KP et al.-2021-Geomorphology-River alluvial fan and landslide interactions in a tributary junction setting Implications for tectonic controls on Quaternary fluvial landscape development.pdf,
KangH2025Geomorphology.ModernriversedimentsfromtheHeiheRiver.pdf,test1/KangH2025Geomorphology.ModernriversedimentsfromtheHeiheRiver.pdf,True,Huan Kang; Huiping Zhang; Jiarun Tu; Qinjing Shen; Jiawei Zhang; Xudong Zhao,2025,Geomorphology,Geomorphology,Geochemistry and geochronology of modern river sediments from the Heihe River on the northeastern Tibetan Plateau: Implications for weathering and sediment source-to-sink processes,Kang H et al.,Geochemistry and geochronology of modern river sediments from the Heihe River on the northeastern Tibetan Plateau Implications for weathering and sediment source-to-sink processes,Kang H et al.-2025-Geomorphology-Geochemistry and geochronology of modern river sediments from the Heihe River on the northeastern Tibetan Plateau Implications for weathering and sediment sourc.pdf,
"Krapf C et al.-2018- Optically stimulated luminescence dating revealing new insights into the age of major regolith units of the eastern Musgrave Province, South Australia. 2018..pdf","test1/Krapf C et al.-2018- Optically stimulated luminescence dating revealing new insights into the age of major regolith units of the eastern Musgrave Province, South Australia. 2018..pdf",False,,,,,,,,.pdf,
Lacustrine-fluvial-interactions-in-Australia-s-Riv_2017_Quaternary-Science-R.pdf,test1/Lacustrine-fluvial-interactions-in-Australia-s-Riv_2017_Quaternary-Science-R.pdf,True,Justine Kemp; Timothy Pietsch; Allen Gontz; Jon Olley,2017,Quaternary Science Reviews,QSR,Lacustrine-ﬂuvial interactions in Australia's Riverine Plains,Kemp J et al.,Lacustrine-fluvial interactions in Australias Riverine Plains,Kemp J et al.-2017-QSR-Lacustrine-fluvial interactions in Australias Riverine Plains.pdf,
Lai JT & Anders-2021-ESD-Climatic controls on mountain glacier basal thermal regimes dictate spatial patterns of glacial erosion.pdf,test1/Lai JT & Anders-2021-ESD-Climatic controls on mountain glacier basal thermal regimes dictate spatial patterns of glacial erosion.pdf,True,Jingtao Lai; Alison M. Anders,2021,Earth Surface Dynamics,ESD,Climatic controls on mountain glacier basal thermal regimes dictate spatial patterns of glacial erosion,Lai JT & Anders AM,Climatic controls on mountain glacier basal thermal regimes dictate spatial patterns of glacial erosion,Lai JT & Anders AM-2021-ESD-Climatic controls on mountain glacier basal thermal regimes dictate spatial patterns of glacial erosion.pdf,
"Lai JT-Climate-driven topographic asymmetry enhanced by glaciers, Implication for drainage reorganization in glacial landscapes.pdf","test1/Lai JT-Climate-driven topographic asymmetry enhanced by glaciers, Implication for drainage reorganization in glacial landscapes.pdf",True,Jingtao Lai; Kimberly Huppert,2024,Geophysical Research Letters,GRL,Climate-driven topographic asymmetry enhanced by glaciers: Implication for drainage reorganization in glacial landscapes,Lai J & Huppert K,Climate-driven topographic asymmetry enhanced by glaciers Implication for drainage reorganization in glacial landscapes,Lai J & Huppert K-2024-GRL-Climate-driven topographic asymmetry enhanced by glaciers Implication for drainage reorganization in glacial landscapes.pdf,
LaiZPetal-2025-SA-Headwardincisionoflargeriversinresponsetoglacialsealevelfall.pdf,test1/LaiZPetal-2025-SA-Headwardincisionoflargeriversinresponsetoglacialsealevelfall.pdf,True,Zhongping Lai; Yuexin Liu; Ziyuan Wu; Yantian Xu,2025,Science Advances,SA,Headward incision of large rivers in response to glacial sea level fall,Lai Z et al.,Headward incision of large rivers in response to glacial sea level fall,Lai Z et al.-2025-SA-Headward incision of large rivers in response to glacial sea level fall.pdf,
LaiZPetal-2025-SA-Supplementarymaterials-Headwardincisionoflargeriversinresponsetoglacialsealevelfall.pdf,test1/LaiZPetal-2025-SA-Supplementarymaterials-Headwardincisionoflargeriversinresponsetoglacialsealevelfall.pdf,False,,,,,,,,.pdf,
Late quaternary glacial history of northeast tibet.pdf,test1/Late quaternary glacial history of northeast tibet.pdf,False,,,,,,,,.pdf,
Late-Holocene-lowland-fluvial-archives-and-geoarchaeology--U_2017_Quaternary.pdf,test1/Late-Holocene-lowland-fluvial-archives-and-geoarchaeology--U_2017_Quaternary.pdf,True,Marieke van Dinter; Kim M. Cohen; Wim Z. Hoek; Esther Stouthamer; Esther Jansma; Hans Middelkoop,2017,Quaternary Science Reviews,QSR,Late Holocene lowland ﬂuvial archives and geoarchaeology: Utrecht's case study of Rhine river abandonment under Roman and Medieval settlement,van Dinter M et al.,Late Holocene lowland fluvial archives and geoarchaeology Utrecht case study of Rhine river abandonment under Roman and Medieval settlement,van Dinter M et al.-2017-QSR-Late Holocene lowland fluvial archives and geoarchaeology Utrecht case study of Rhine river abandonment under Roman and Medieval settlement.pdf,
Lehmkuhl & Liu-1994-An outline of physical geography including Pleistocene glacial landforms of Eastern Tibet (provinces Sichuan and Qinghai).pdf,test1/Lehmkuhl & Liu-1994-An outline of physical geography including Pleistocene glacial landforms of Eastern Tibet (provinces Sichuan and Qinghai).pdf,True,"Lehmkuhl, Frank; Liu Shijian",1994,GeoJournal,GeoJournal,An Outline of Physical Geography Including Pleistocene Glacial Landforms of Eastern Tibet (Provinces Sichuan and Qinghai),Lehmkuhl F & Liu S,An Outline of Physical Geography Including Pleistocene Glacial Landforms of Eastern Tibet Provinces Sichuan and Qinghai,Lehmkuhl F & Liu S-1994-GeoJournal-An Outline of Physical Geography Including Pleistocene Glacial Landforms of Eastern Tibet Provinces Sichuan and Qinghai.pdf,
"Lei JH et al.-2020-JGR-Segmented Thrust Faulting, Example From the Northeastern Margin of the Tibetan Plateau.pdf","test1/Lei JH et al.-2020-JGR-Segmented Thrust Faulting, Example From the Northeastern Margin of the Tibetan Plateau.pdf",True,Youli Li; Yiran Wang; Jianguo Xiong; Xiu Hu,2020,Journal of Geophysical Research Solid Earth,JGR,Segmented Thrust Faulting: Example From the Northeastern Margin of the Tibetan Plateau,Li Y et al.,Segmented Thrust Faulting Example From the Northeastern Margin of the Tibetan Plateau,Li Y et al.-2020-JGR-Segmented Thrust Faulting Example From the Northeastern Margin of the Tibetan Plateau.pdf,
Leonard et al.-2023-Geology-Controls on topography and erosion of the north-central Andes.pdf,test1/Leonard et al.-2023-Geology-Controls on topography and erosion of the north-central Andes.pdf,True,Joel S. Leonard; Kelin X. Whipple; Arjun M. Heimsath,2024,Geology,Geology,Controls on topography and erosion of the north-central Andes,Leonard JS et al.,Controls on topography and erosion of the north-central Andes,Leonard JS et al.-2024-Geology-Controls on topography and erosion of the north-central Andes.pdf,
"LeonardJS etal2023-SA-Isolating climatic, tectonic, & lithologic controls on mountain lanscape evolution.pdf","test1/LeonardJS etal2023-SA-Isolating climatic, tectonic, & lithologic controls on mountain lanscape evolution.pdf",True,Joel S. Leonard; Kelin Whipple; Arjun M. Heimsath,2023,Science Advances,SA,"Isolating climatic, tectonic, and lithologic controls on mountain landscape evolution",Leonard JS et al.,Isolating climatic tectonic and lithologic controls on mountain landscape evolution,Leonard JS et al.-2023-SA-Isolating climatic tectonic and lithologic controls on mountain landscape evolution.pdf,
"Lewis & Douglas-2005-QI-Equilibrium-line altitudes of the Last Glacial Maximum for the Himalaya and Tibet, an assessment and evaluation of results.pdf","test1/Lewis & Douglas-2005-QI-Equilibrium-line altitudes of the Last Glacial Maximum for the Himalaya and Tibet, an assessment and evaluation of results.pdf",True,Lewis A. Owen; Douglas I. Benn,2005,Quaternary International,QI,Equilibrium-line altitudes of the Last Glacial Maximum for the Himalaya and Tibet: an assessment and evaluation of results,Owen LA & Benn DI,Equilibrium-line altitudes of the Last Glacial Maximum for the Himalaya and Tibet an assessment and evaluation of results,Owen LA & Benn DI-2005-QI-Equilibrium-line altitudes of the Last Glacial Maximum for the Himalaya and Tibet an assessment and evaluation of results.pdf,
Lghamour M et al.-2024-QSR-Late Pleistocene to Holocene alluvial deposits of the Inaou`ene Valley and their paleoenvironmental significance (north Morocco).pdf,test1/Lghamour M et al.-2024-QSR-Late Pleistocene to Holocene alluvial deposits of the Inaou`ene Valley and their paleoenvironmental significance (north Morocco).pdf,True,Mohammed Lghamour; Lhoucine Karrat; Vincenzo Picotti; Irka Hajdas; Negar Haghipour; Giulia Guidobaldi; Karin Wyss Heeb; Lahcen Gourari,2024,Quaternary Science Reviews,QSR,Late Pleistocene to Holocene alluvial deposits of the Inaou`ene Valley and their paleoenvironmental significance (north Morocco),Lghamour M et al.,Late Pleistocene to Holocene alluvial deposits of the Inaouene Valley and their paleoenvironmental significance north Morocco,Lghamour M et al.-2024-QSR-Late Pleistocene to Holocene alluvial deposits of the Inaouene Valley and their paleoenvironmental significance north Morocco.pdf,
"Li DF & Zhang T-2023-Geomorphology-Fluvial sediment load sensitivity to climate change in cold basins on the Tibetan Plateau, An elasticity approach and the spatial scale effect.pdf","test1/Li DF & Zhang T-2023-Geomorphology-Fluvial sediment load sensitivity to climate change in cold basins on the Tibetan Plateau, An elasticity approach and the spatial scale effect.pdf",True,Dongfeng Li; Ting Zhang,2023,Geomorphology,Geomorphology,Fluvial sediment load sensitivity to climate change in cold basins on the Tibetan Plateau: An elasticity approach and the spatial scale effect,Li D & Zhang T,Fluvial sediment load sensitivity to climate change in cold basins on the Tibetan Plateau An elasticity approach and the spatial scale effect,Li D & Zhang T-2023-Geomorphology-Fluvial sediment load sensitivity to climate change in cold basins on the Tibetan Plateau An elasticity approach and the spatial scale effect.pdf,
Li LF et al.-2018-EPSL-Weathering dynamics reflected by the response of riverine uranium isotope disequilibrium to changes in denudation rate.pdf,test1/Li LF et al.-2018-EPSL-Weathering dynamics reflected by the response of riverine uranium isotope disequilibrium to changes in denudation rate.pdf,True,Laifeng Li; David William Hedding; Gaojun Li; Tao Li,2018,Earth and Planetary Science Letters,EPSL,Weathering dynamics reflected by the response of riverine uranium isotope disequilibrium to changes in denudation rate,Li L et al.,Weathering dynamics reflected by the response of riverine uranium isotope disequilibrium to changes in denudation rate,Li L et al.-2018-EPSL-Weathering dynamics reflected by the response of riverine uranium isotope disequilibrium to changes in denudation rate.pdf,
Li MH et al.-2022-Catena-Quantification of river network types based on hierarchical structures.pdf,test1/Li MH et al.-2022-Catena-Quantification of river network types based on hierarchical structures.pdf,True,Minhui Li; Baosheng Wu; Yi Chen; Dan Li,2022,Catena,Catena,Quantification of river network types based on hierarchical structures,Li M et al.,Quantification of river network types based on hierarchical structures,Li M et al.-2022-Catena-Quantification of river network types based on hierarchical structures.pdf,
"Li ZC et al.-2021-SCES-The impacts of base level and lithology on fluvial geomorphic evolution at the tectonically active Laohu and Hasi Mountains, northeastern Tibetan Plateau.pdf","test1/Li ZC et al.-2021-SCES-The impacts of base level and lithology on fluvial geomorphic evolution at the tectonically active Laohu and Hasi Mountains, northeastern Tibetan Plateau.pdf",True,Xianyan Wang; Qi Su; Xiaodong Miao; Huayu Lu,2021,Science China Earth Sciences,SCES,"The impacts of base level and lithology on fluvial geomorphic evolution at the tectonically active Laohu and Hasi Mountains, northeastern Tibetan Plateau",Wang X et al.,The impacts of base level and lithology on fluvial geomorphic evolution at the tectonically active Laohu and Hasi Mountains northeastern Tibetan Plateau,Wang X et al.-2021-SCES-The impacts of base level and lithology on fluvial geomorphic evolution at the tectonically active Laohu and Hasi Mountains northeastern Tibetan Plateau.pdf,
Li et al ACME2 Geomorphology 2024.pdf,test1/Li et al ACME2 Geomorphology 2024.pdf,True,Yingkui Li; Ian S. Evans; Matteo Spagnolo; Ramón Pellitero; Iestyn D. Barr; Jeremy C. Ely,2024,Geomorphology,Geomorphology,ACME2: An extended toolbox for automated cirque metrics extraction,Li Y et al.,ACME2 An extended toolbox for automated cirque metrics extraction,Li Y et al.-2024-Geomorphology-ACME2 An extended toolbox for automated cirque metrics extraction.pdf,
"Li,et al.,Hetao Basin, Hobq Desert, and the Yellow River,2017.pdf","test1/Li,et al.,Hetao Basin, Hobq Desert, and the Yellow River,2017.pdf",True,Baofeng Li; Donghuai Sun; Weihong Xu; Fei Wang; Baiqing Liang; Zhiwei Ma; Xin Wang; Zaijun Li; Fahu Chen,2017,Quaternary Science Reviews,QSR,Paleomagnetic chronology and paleoenvironmental records from drill cores from the Hetao Basin and their implications for the formation of the Hobq Desert and the Yellow River,Li B et al.,Paleomagnetic chronology and paleoenvironmental records from drill cores from the Hetao Basin and their implications for the formation of the Hobq Desert and the Yellow River,Li B et al.-2017-QSR-Paleomagnetic chronology and paleoenvironmental records from drill cores from the Hetao Basin and their implications for the formation of the Hobq Desert and th.pdf,
Lin et al-LED2023 poster-v2-20230616.pdf,test1/Lin et al-LED2023 poster-v2-20230616.pdf,True,Penghui Lin; Weiqi Zhan; Yucong Chen; Ken Ling; Zhongping Lai,2023,Quaternary Geochronology,QG,Luminescence and radiocarbon dating of core SXG06 from the Pearl River Delta in China and implication for late Pleistocene sedimentary history,Lin P et al.,Luminescence and radiocarbon dating of core SXG06 from Pearl River Delta China and implication for late Pleistocene sedimentary history,Lin P et al.-2023-QG-Luminescence and radiocarbon dating of core SXG06 from Pearl River Delta China and implication for late Pleistocene sedimentary history.pdf,
Liu J et al.-2008-JGR-Quantifying landscape differences across the Tibetan plateau.pdf,test1/Liu J et al.-2008-JGR-Quantifying landscape differences across the Tibetan plateau.pdf,True,J. Liu-Zeng; P. Tapponnier; Y. Gaudemer; L. Ding,2008,Journal of Geophysical Research,JGR,Quantifying landscape differences across the Tibetan plateau: Implications for topographic relief evolution,Liu-Zeng J et al.,Quantifying landscape differences across the Tibetan plateau Implications for topographic relief evolution,Liu-Zeng J et al.-2008-JGR-Quantifying landscape differences across the Tibetan plateau Implications for topographic relief evolution.pdf,
Liu JJ et al.-2023-Nature-Martian dunes indicative of wind regime shift in line with end of ice age.pdf,test1/Liu JJ et al.-2023-Nature-Martian dunes indicative of wind regime shift in line with end of ice age.pdf,True,Jianjun Liu; Xiaoguang Qin; Xin Ren; Xu Wang; Yong Sun; Xingguo Zeng; Haibin Wu; Zhaopeng Chen; Wangli Chen; Yuan Chen; Cheng Wang; Zezhou Sun; Rongqiao Zhang; Ziyuan Ouyang; Zhengtang Guo; James W. Head; Chunlai Li,2023,Nature,Nature,Martian dunes indicative of wind regime shift in line with end of ice age,Liu J et al.,Martian dunes indicative of wind regime shift in line with end of ice age,Liu J et al.-2023-Nature-Martian dunes indicative of wind regime shift in line with end of ice age.pdf,
Liu XJ et al.-2017-JAES-.pdf,test1/Liu XJ et al.-2017-JAES-.pdf,True,Xiang-Jun Liu; Guoqiao Xiao; Chongyi E; Xiangzhong Li; Zhongping Lai; Lupeng Yu; Zhong Wang,2016,Journal of Asian Earth Sciences,JAES,Accumulation and erosion of aeolian sediments in the northeastern Qinghai-Tibetan Plateau and implications for provenance to the Chinese Loess Plateau,Liu XJ et al.,Accumulation and erosion of aeolian sediments in the northeastern Qinghai-Tibetan Plateau and implications for provenance to the Chinese Loess Plateau,Liu XJ et al.-2016-JAES-Accumulation and erosion of aeolian sediments in the northeastern Qinghai-Tibetan Plateau and implications for provenance to the Chinese Loess Plateau.pdf,
Lu HY et al.-2013-Geology-Variation of EAM precipitaion during the past 21 ky.pdf,test1/Lu HY et al.-2013-Geology-Variation of EAM precipitaion during the past 21 ky.pdf,True,Huayu Lu; Shuangwen Yi; Zhengyu Liu; Joseph A. Mason; Dabang Jiang; Jun Cheng; Thomas Stevens; Zhiwei Xu; Enlou Zhang; Liya Jin; Zhaohui Zhang; Zhengtang Guo; Yi Wang; Bette Otto-Bliesner,2013,Geology,Geology,Variation of East Asian monsoon precipitation during the past 21 k.y. and potential CO2 forcing,Lu H et al.,Variation of East Asian monsoon precipitation during the past 21 ky and potential CO2 forcing,Lu H et al.-2013-Geology-Variation of East Asian monsoon precipitation during the past 21 ky and potential CO2 forcing.pdf,
Ma ZF et al.-2020-GRL-Inversion of Dadu River Bedrock Channels for the Late Cenozoic Uplift History of the Eastern Tibetan Plateau.pdf,test1/Ma ZF et al.-2020-GRL-Inversion of Dadu River Bedrock Channels for the Late Cenozoic Uplift History of the Eastern Tibetan Plateau.pdf,True,Zifa Ma; Yizhou Wang; Tao Yaling,2020,Geophysical Research Letters,GRL,Inversion of Dadu River Bedrock Channels for the Late Cenozoic Uplift History of the Eastern Tibetan Plateau,Ma Z et al.,Inversion of Dadu River Bedrock Channels for the Late Cenozoic Uplift History of the Eastern Tibetan Plateau,Ma Z et al.-2020-GRL-Inversion of Dadu River Bedrock Channels for the Late Cenozoic Uplift History of the Eastern Tibetan Plateau.pdf,
"Ma ZH et al.-2020-Geomorphology-Quaternary drainage evolution of the Datong River,Qilian Mountains, northeastern Tibetan Plateau,China#U-Pb锆石#OSL#宇生核素暴露、埋藏#黄河#祁连山#黄河演化#青藏高原隆升#未读.pdf","test1/Ma ZH et al.-2020-Geomorphology-Quaternary drainage evolution of the Datong River,Qilian Mountains, northeastern Tibetan Plateau,China#U-Pb锆石#OSL#宇生核素暴露、埋藏#黄河#祁连山#黄河演化#青藏高原隆升#未读.pdf",True,Zhenhua Ma; Zhantao Feng; Tingjiang Peng; Shanpin Liu; Meng Li; Benhong Guo; Xiaomiao Li; Chunhui Song; Zhijun Zhao; Jijun Li,2020,Geomorphology,Geomorphology,"Quaternary drainage evolution of the Datong River, Qilian Mountains, northeastern Tibetan Plateau, China",Ma Z et al.,Quaternary drainage evolution of the Datong River Qilian Mountains northeastern Tibetan Plateau China,Ma Z et al.-2020-Geomorphology-Quaternary drainage evolution of the Datong River Qilian Mountains northeastern Tibetan Plateau China.pdf,
Mahanetal2022GuideforLuminescence.pdf,test1/Mahanetal2022GuideforLuminescence.pdf,True,Shannon A Mahan; Tammy M. Rittenour; Michelle Summa Nelson; Nina Ataee,2022,Geological Society of America Bulletin,GSAB,Guide for interpreting and reporting luminescence dating results,Mahan SA et al.,Guide for interpreting and reporting luminescence dating results,Mahan SA et al.-2022-GSAB-Guide for interpreting and reporting luminescence dating results.pdf,
Malatesta & Avouac-2018-Geology-Contrasting river incision in north and south Tian Shan piedmonts due to variable glacial imprint in mountain valleys.pdf,test1/Malatesta & Avouac-2018-Geology-Contrasting river incision in north and south Tian Shan piedmonts due to variable glacial imprint in mountain valleys.pdf,True,Luca C. Malatesta; Jean-Philippe Avouac,2018,Geology,Geology,Contrasting river incision in north and south Tian Shan piedmonts due to variable glacial imprint in mountain valleys,Malatesta LC & Avouac JP,Contrasting river incision in north and south Tian Shan piedmonts due to variable glacial imprint in mountain valleys,Malatesta LC & Avouac JP-2018-Geology-Contrasting river incision in north and south Tian Shan piedmonts due to variable glacial imprint in mountain valleys.pdf,
Malatesta et al.-2017-JGR-Autogenic entrenchment patterns and terraces due to coupling with lateral erosion in incising alluvial channels.pdf,test1/Malatesta et al.-2017-JGR-Autogenic entrenchment patterns and terraces due to coupling with lateral erosion in incising alluvial channels.pdf,True,Luca C. Malatesta; Jeffrey P. Prancevic; Jean-Philippe Avouac,2017,Journal of Geophysical Research: Earth Surface,JGR,Autogenic entrenchment patterns and terraces due to coupling with lateral erosion in incising alluvial channels,Malatesta LC et al.,Autogenic entrenchment patterns and terraces due to coupling with lateral erosion in incising alluvial channels,Malatesta LC et al.-2017-JGR-Autogenic entrenchment patterns and terraces due to coupling with lateral erosion in incising alluvial channels.pdf,
Malatesta et al.-2018-BR-Lag and mixing during sediment transfer across the Tian Shan piedmont caused by climate-driven aggradation-incision cycles.pdf,test1/Malatesta et al.-2018-BR-Lag and mixing during sediment transfer across the Tian Shan piedmont caused by climate-driven aggradation-incision cycles.pdf,True,Luca C. Malatesta; Jean-Philippe Avouac; Nathan D. Brown; Sebastian F. M. Breitenbach; Jiawei Pan; Marie-Luce Chevalier; Edward Rhodes; Dimitri Saint-Carlier; Wenjing Zhang; Julien Charreau; Jérôme Lavé; Pierre-Henri Blard,2018,Basin Research,BR,Lag and mixing during sediment transfer across the Tian Shan piedmont caused by climate-driven aggradation–incision cycles,Malatesta LC et al.,Lag and mixing during sediment transfer across the Tian Shan piedmont caused by climatedriven aggradationincision cycles,Malatesta LC et al.-2018-BR-Lag and mixing during sediment transfer across the Tian Shan piedmont caused by climatedriven aggradationincision cycles.pdf,
Marder & Gallen-2023-Geology-Climate control on the relationship between erosion rate and fluvial topography.pdf,test1/Marder & Gallen-2023-Geology-Climate control on the relationship between erosion rate and fluvial topography.pdf,True,Eyal Marder; Sean F. Gallen,2023,Geology,Geology,Climate control on the relationship between erosion rate and fluvial topography,Marder E & Gallen SF,Climate control on the relationship between erosion rate and fluvial topography,Marder E & Gallen SF-2023-Geology-Climate control on the relationship between erosion rate and fluvial topography.pdf,
"Meigs A et al.-2006-Geomorphology-Ultra-rapid landscape response and sediment yield following glacier retreat, Icy Bay, southern Alaska..pdf","test1/Meigs A et al.-2006-Geomorphology-Ultra-rapid landscape response and sediment yield following glacier retreat, Icy Bay, southern Alaska..pdf",True,Andrew Meigs; William C. Krugh; Kelsay Davis; Greg Bank,2006,Geomorphology,Geomorphology,"Ultra-rapid landscape response and sediment yield following glacier retreat, Icy Bay, southern Alaska",Meigs A et al.,Ultra-rapid landscape response and sediment yield following glacier retreat Icy Bay southern Alaska,Meigs A et al.-2006-Geomorphology-Ultra-rapid landscape response and sediment yield following glacier retreat Icy Bay southern Alaska.pdf,
Meijer N et al.-2020-ESR-Identifying eolian dust in the geological record.pdf,test1/Meijer N et al.-2020-ESR-Identifying eolian dust in the geological record.pdf,True,Niels Meijer; Guillaume Dupont-Nivet; Alexis Licht; João Trabucho-Alexandre; Sylvie Bourquin; Hemmo A. Abels,2020,Earth-Science Reviews,ESR,Identifying eolian dust in the geological record,Meijer N et al.,Identifying eolian dust in the geological record,Meijer N et al.-2020-ESR-Identifying eolian dust in the geological record.pdf,
Micheal M et al.-2024-CEE-Supraglacial debris thickness and supply rate in High-Mountain Asia.pdf,test1/Micheal M et al.-2024-CEE-Supraglacial debris thickness and supply rate in High-Mountain Asia.pdf,True,Michael McCarthy; Evan Miles; Marin Kneib; Pascal Buri; Stefan Fugger; Francesca Pellicciotti,2022,Communications Earth & Environment,CEE,Supraglacial debris thickness and supply rate in High-Mountain Asia,McCarthy M et al.,Supraglacial debris thickness and supply rate in High-Mountain Asia,McCarthy M et al.-2022-CEE-Supraglacial debris thickness and supply rate in High-Mountain Asia.pdf,
Mills et al.-2000-Geology-Apparent increasing rates of stream incision in the eastern United States during the late Cenozoic.pdf,test1/Mills et al.-2000-Geology-Apparent increasing rates of stream incision in the eastern United States during the late Cenozoic.pdf,True,Hugh H. Mills,2000,Geology,Geology,Apparent increasing rates of stream incision in the eastern United States during the late Cenozoic,Mills HH,Apparent increasing rates of stream incision in the eastern United States during the late Cenozoic,Mills HH-2000-Geology-Apparent increasing rates of stream incision in the eastern United States during the late Cenozoic.pdf,
"Mineli T et al.-2021-RM-Variation of luminescence sensitivity, characteristic dose and trap parameters of quartz from rocks and sediments.pdf","test1/Mineli T et al.-2021-RM-Variation of luminescence sensitivity, characteristic dose and trap parameters of quartz from rocks and sediments.pdf",True,T.D. Mineli; A.O. Sawakuchi; B. Guralnik; R. Lambert; M. Jain; F.N. Pupim; I. del Rio; C.C.F. Guedes; L. Nogueira,2021,Radiation Measurements,RM,"Variation of luminescence sensitivity, characteristic dose and trap parameters of quartz from rocks and sediments",Mineli TD et al.,Variation of luminescence sensitivity characteristic dose and trap parameters of quartz from rocks and sediments,Mineli TD et al.-2021-RM-Variation of luminescence sensitivity characteristic dose and trap parameters of quartz from rocks and sediments.pdf,
Missing water from the Qiangtang Basin on the Tibetan Plateau.pdf,test1/Missing water from the Qiangtang Basin on the Tibetan Plateau.pdf,True,Bin Yong; Chi-Yuen Wang; Jiansheng Chen; Jiaqi Chen; D. A. Barry; Tao Wang; Ling Li,2020,ESSOAr,ESSOAr,Missing water from the Qiantang Basin on the Tibetan Plateau,Yong B et al.,Missing water from the Qiantang Basin on the Tibetan Plateau,Yong B et al.-2020-ESSOAr-Missing water from the Qiantang Basin on the Tibetan Plateau.pdf,
Nativ &Turowski-2020-JGR-Site dependence of fluvial incision rate scaling with timescale.pdf,test1/Nativ &Turowski-2020-JGR-Site dependence of fluvial incision rate scaling with timescale.pdf,True,Ron Nativ; Jens M. Turowski,2020,Journal of Geophysical Research: Earth Surface,JGR,Site Dependence of Fluvial Incision Rate Scaling With Timescale,Nativ R & Turowski JM,Site dependence of fluvial incision rate scaling with timescale,Nativ R & Turowski JM-2020-JGR-Site dependence of fluvial incision rate scaling with timescale.pdf,
Neubeck N et al-2023-GSA-Climate and anthropogenic impacts on North American erosion and sediment transport since the Last Glacial Maximum.pdf,test1/Neubeck N et al-2023-GSA-Climate and anthropogenic impacts on North American erosion and sediment transport since the Last Glacial Maximum.pdf,True,Nikki Neubeck; Andrew Carter; Tammy Rittenour; Peter D. Clift,2023,GSA Bulletin,GSAB,"Climate and anthropogenic impacts on North American erosion and sediment transport since the Last Glacial Maximum: Evidence from the detrital zircon record of the Lower Mississippi Valley, USA",Neubeck N et al.,Climate and anthropogenic impacts on North American erosion and sediment transport since the Last Glacial Maximum Evidence from the detrital zircon record of the Lower Mississippi Valley USA,Neubeck N et al.-2023-GSAB-Climate and anthropogenic impacts on North American erosion and sediment transport since the Last Glacial Maximum Evidence from the detrital zircon record of th.pdf,
New-data-on-the-chronology-of-the-Vale-do-Forno-sedimentary-se_2017_Quaterna.pdf,test1/New-data-on-the-chronology-of-the-Vale-do-Forno-sedimentary-se_2017_Quaterna.pdf,True,Pedro P. Cunha; António A. Martins; Jan-Pieter Buylaert; Andrew S. Murray; Luis Raposo; Paolo Mozzi; Martin Stokes,2016,Quaternary Science Reviews,QSR,New data on the chronology of the Vale do Forno sedimentary sequence (Lower Tejo River terrace staircase) and its relevance as a fluvial archive of the Middle Pleistocene in western Iberia,Cunha PP et al.,New data on the chronology of the Vale do Forno sedimentary sequence and its relevance as a fluvial archive of the Middle Pleistocene in western Iberia,Cunha PP et al.-2016-QSR-New data on the chronology of the Vale do Forno sedimentary sequence and its relevance as a fluvial archive of the Middle Pleistocene in western Iberia.pdf,
"Olivetti V et al.-2023-SR-Increased erosion of high-elevation land during late Cenozoic, evidence from detrital thermochronology off-shore Greenland.pdf","test1/Olivetti V et al.-2023-SR-Increased erosion of high-elevation land during late Cenozoic, evidence from detrital thermochronology off-shore Greenland.pdf",True,Valerio Olivetti; Silvia Cattò; Massimiliano Zattin,2022,Scientific Reports,SR,Increased erosion of high‑elevation land during late Cenozoic: evidence from detrital thermochronology off‑shore Greenland,Olivetti V et al.,Increased erosion of high-elevation land during late Cenozoic evidence from detrital thermochronology off-shore Greenland,Olivetti V et al.-2022-SR-Increased erosion of high-elevation land during late Cenozoic evidence from detrital thermochronology off-shore Greenland.pdf,
Olszak J -2017-GPC-Climatically controlled terrace staircases in uplifting mountainous areas.pdf,test1/Olszak J -2017-GPC-Climatically controlled terrace staircases in uplifting mountainous areas.pdf,True,Janusz Olszak,2017,Global and Planetary Change,GPC,Climatically controlled terrace staircases in uplifting mountainous areas,Olszak J,Climatically controlled terrace staircases in uplifting mountainous areas,Olszak J-2017-GPC-Climatically controlled terrace staircases in uplifting mountainous areas.pdf,
Out-of-Sequence_Backthrusting_Since_the_Middle_Ple.pdf,test1/Out-of-Sequence_Backthrusting_Since_the_Middle_Ple.pdf,True,Guiming Hu; Jie Chen; Weiheng Zhang; Ning Di; Yuehua Li; Sheng-Hua Li,2021,Tectonics,Tectonics,"Out-of-Sequence Backthrusting Since the Middle Pleistocene Revealed by the Jiangnanmiao Thrust Fault Along the Northern Tian Shan, China",Hu G et al.,Out-of-Sequence Backthrusting Since the Middle Pleistocene Revealed by the Jiangnanmiao Thrust Fault Along the Northern Tian Shan China,Hu G et al.-2021-Tectonics-Out-of-Sequence Backthrusting Since the Middle Pleistocene Revealed by the Jiangnanmiao Thrust Fault Along the Northern Tian Shan China.pdf,
Palumbo et al.-2011-TN-Catchment‐wide denudation rates at the margin of NE Tibet from in situ‐produced cosmogenic.pdf,test1/Palumbo et al.-2011-TN-Catchment‐wide denudation rates at the margin of NE Tibet from in situ‐produced cosmogenic.pdf,True,Luigi Palumbo; Ralf Hetzel; Mingxin Tao; Xiaobin Li,2011,Terra Nova,Terra Nova,Catchment-wide denudation rates at the margin of NE Tibet from in situ-produced cosmogenic 10Be,Palumbo L et al.,Catchment-wide denudation rates at the margin of NE Tibet from in situ-produced cosmogenic 10Be,Palumbo L et al.-2011-Terra Nova-Catchment-wide denudation rates at the margin of NE Tibet from in situ-produced cosmogenic 10Be.pdf,
"Pan BT et al.-2013-Geomorphology-Late Quaternary river incision rates and rock uplift pattern of the eastern Qilian Shan Mountain, China.pdf","test1/Pan BT et al.-2013-Geomorphology-Late Quaternary river incision rates and rock uplift pattern of the eastern Qilian Shan Mountain, China.pdf",True,Pan Baotian; Hu Xiaofei; Gao Hongshan; Hu Zhenbo; Cao Bo; Geng Haopeng; Li Qingyang,2013,Geomorphology,Geomorphology,"Late Quaternary river incision rates and rock uplift pattern of the eastern Qilian Shan Mountain, China",Pan B et al.,Late Quaternary river incision rates and rock uplift pattern of the eastern Qilian Shan Mountain China,Pan B et al.-2013-Geomorphology-Late Quaternary river incision rates and rock uplift pattern of the eastern Qilian Shan Mountain China.pdf,
"Pan BT et al.-2023-QSR-Fluvial responses to late Quaternary climate change in the Shiyang River drainage system, western China.pdf","test1/Pan BT et al.-2023-QSR-Fluvial responses to late Quaternary climate change in the Shiyang River drainage system, western China.pdf",True,Baotian Pan; Xiaohua Li; Zhenbo Hu; David Bridgland; Qinhong Mo; Zijuan Dong; Menghao Li; Yanan Yang; Rob Westaway; Guanghui Dong; Shanjia Zhang; Meiling Zhong,2023,Quaternary Science Reviews,QSR,"Channel migration in the northeastern margin of the Tibetan Plateau and its implication for ﬂuvial response to the interaction between rapid tectonic activity, climatic ﬂuctuation and human inﬂuence",Pan B et al.,Channel migration in the northeastern margin of the Tibetan Plateau and its implication for fluvial response,Pan B et al.-2023-QSR-Channel migration in the northeastern margin of the Tibetan Plateau and its implication for fluvial response.pdf,
Pan BT-2009-Geology-Sagou.pdf,test1/Pan BT-2009-Geology-Sagou.pdf,True,Baotian Pan; Douglas Burbank; Yixiang Wang; Guangjian Wu; Jijun Li; Qingyu Guan,2003,Geology,Geology,A 900 k.y. record of strath terrace formation during glacial-interglacial transitions in northwest China,Pan B et al.,A 900 ky record of strath terrace formation during glacial interglacial transitions in northwest China,Pan B et al.-2003-Geology-A 900 ky record of strath terrace formation during glacial interglacial transitions in northwest China.pdf,
"Parida S et al.-2025-EPSL-Changes in thermoluminescence sensitivity of 110°C glow peak of quartz grains from sediments of River Ganga, Observation and implications.pdf","test1/Parida S et al.-2025-EPSL-Changes in thermoluminescence sensitivity of 110°C glow peak of quartz grains from sediments of River Ganga, Observation and implications.pdf",True,S. Parida; R.K. Kaushal; N. Chauhan; A.K. Singhvi,2025,Earth and Planetary Science Letters,EPSL,Changes in thermoluminescence sensitivity of 110◦C glow peak of quartz grains from sediments of River Ganga: Observation and implications,Parida S et al.,Changes in thermoluminescence sensitivity of 110C glow peak of quartz grains from sediments of River Ganga Observation and implications,Parida S et al.-2025-EPSL-Changes in thermoluminescence sensitivity of 110C glow peak of quartz grains from sediments of River Ganga Observation and implications.pdf,
Peng J&Li B et al.-2017-ATL-Single-aliquot Regenerative-Dose (SAR) and Standardised Growth Curve (SGC) Equivalent Dose Determination.pdf,test1/Peng J&Li B et al.-2017-ATL-Single-aliquot Regenerative-Dose (SAR) and Standardised Growth Curve (SGC) Equivalent Dose Determination.pdf,True,Jun Peng; Bo Li,2017,Ancient TL,ATL,Single-aliquot Regenerative-dose (SAR) and Standardised Growth Curve (SGC) Equivalent Dose Determination in a Batch Model Using the R Package 'numOSL',Peng J & Li B,Single-aliquot Regenerative-dose SAR and Standardised Growth Curve SGC Equivalent Dose Determination in a Batch Model Using the R Package numOSL,Peng J & Li B-2017-ATL-Single-aliquot Regenerative-dose SAR and Standardised Growth Curve SGC Equivalent Dose Determination in a Batch Model Using the R Package numOSL.pdf,
"Penprase SB et al.-2025-Geology-Plow versus Ice Age, Erosion rate variability from glacial–interglacial climate change is an order of magnitude lower than agricultural erosion in the Upper Mississippi River Valley, USA.pdf","test1/Penprase SB et al.-2025-Geology-Plow versus Ice Age, Erosion rate variability from glacial–interglacial climate change is an order of magnitude lower than agricultural erosion in the Upper Mississippi River Valley, USA.pdf",True,Shanti B. Penprase; Andrew D. Wickert; Phillip H. Larson; Jimmy J. Wood; Isaac J. Larsen; Tammy M. Rittenour,2025,Geology,Geology,"Plow versus Ice Age: Erosion rate variability from glacial–interglacial climate change is an order of magnitude lower than agricultural erosion in the Upper Mississippi River Valley, USA",Penprase SB et al.,Plow versus Ice Age Erosion rate variability from glacial interglacial climate change is an order of magnitude lower than agricultural erosion in the Upper Mississippi River Valley USA,Penprase SB et al.-2025-Geology-Plow versus Ice Age Erosion rate variability from glacial interglacial climate change is an order of magnitude lower than agricultural erosion in the Upper Miss.pdf,
Pleistocene exhumation in Namche Barwa Syntaxis (Eastern Tibet) revealed by detrital apatite fission track thermochronology.pdf,test1/Pleistocene exhumation in Namche Barwa Syntaxis (Eastern Tibet) revealed by detrital apatite fission track thermochronology.pdf,True,Dongxia Sun; Jianqing Ji; Jiyao Tu; Dalai Zhong; Junfeng Gong,2024,Journal of Asian Earth Sciences,JAES,Pleistocene exhumation in Namche Barwa Syntaxis (Eastern Tibet) revealed by detrital apatite fission track thermochronology,Sun D et al.,Pleistocene exhumation in Namche Barwa Syntaxis Eastern Tibet revealed by detrital apatite fission track thermochronology,Sun D et al.-2024-JAES-Pleistocene exhumation in Namche Barwa Syntaxis Eastern Tibet revealed by detrital apatite fission track thermochronology.pdf,
Pleistocene_drainage_reorganization_driven_by_the_isostatic_response_to_deep_incision_into_the_northeastern_Tibetan_Plateau.pdf,test1/Pleistocene_drainage_reorganization_driven_by_the_isostatic_response_to_deep_incision_into_the_northeastern_Tibetan_Plateau.pdf,True,Huiping Zhang; Peizhen Zhang; Jean-Daniel Champagnac; Peter Molnar; Robert S. Anderson; Eric Kirby; William H. Craddock; Shaofeng Liu,2014,Geology,Geology,Pleistocene drainage reorganization driven by the isostatic response to deep incision into the northeastern Tibetan Plateau,Zhang H et al.,Pleistocene drainage reorganization driven by the isostatic response to deep incision into the northeastern Tibetan Plateau,Zhang H et al.-2014-Geology-Pleistocene drainage reorganization driven by the isostatic response to deep incision into the northeastern Tibetan Plateau.pdf,
"Poisson B, & Avouac J P.-2004-JoG- Holocene hydrological changes inferred from alluvial stream entrenchment in North Tian Shan(Northwestern China).pdf","test1/Poisson B, & Avouac J P.-2004-JoG- Holocene hydrological changes inferred from alluvial stream entrenchment in North Tian Shan(Northwestern China).pdf",True,Blanche Poisson; Jean‐Philippe Avouac,2004,The Journal of Geology,JG,Holocene Hydrological Changes Inferred from Alluvial Stream Entrenchment in North Tian Shan (Northwestern China),Poisson B & Avouac J‐P,Holocene Hydrological Changes Inferred from Alluvial Stream Entrenchment in North Tian Shan Northwestern China,Poisson B & Avouac J‐P-2004-JG-Holocene Hydrological Changes Inferred from Alluvial Stream Entrenchment in North Tian Shan Northwestern China.pdf,
"Pratt B et al.-2002-Geology-Impulsive alluviation during early Holocene strengthened monsoons, central Nepal Himalaya.pdf","test1/Pratt B et al.-2002-Geology-Impulsive alluviation during early Holocene strengthened monsoons, central Nepal Himalaya.pdf",True,Beth Pratt; Douglas W. Burbank; Arjun Heimsath; Tank Ojha,2002,Geology,Geology,"Impulsive alluviation during early Holocene strengthened monsoons, central Nepal Himalaya",Pratt B et al.,Impulsive alluviation during early Holocene strengthened monsoons central Nepal Himalaya,Pratt B et al.-2002-Geology-Impulsive alluviation during early Holocene strengthened monsoons central Nepal Himalaya.pdf,
"Pu Y et al.-2013-PPP-Paleoclimate changes of the last 1000yr on the eastern Qinghai–Tibetan Plateau recorded by elemental, isotopic, and molecular organic matter proxies in sediment from glacial Lake Ximencuo.pdf","test1/Pu Y et al.-2013-PPP-Paleoclimate changes of the last 1000yr on the eastern Qinghai–Tibetan Plateau recorded by elemental, isotopic, and molecular organic matter proxies in sediment from glacial Lake Ximencuo.pdf",True,Yang Pu; Trevor Nace; Philip A. Meyers; Hucai Zhang; Yongli Wang; Chuanlun L. Zhang; Xiaohua Shao,2013,"Palaeogeography, Palaeoclimatology, Palaeoecology",PPP,"Paleoclimate changes of the last 1000 yr on the eastern Qinghai–Tibetan Plateau recorded by elemental, isotopic, and molecular organic matter proxies in sediment from glacial Lake Ximencuo",Pu Y et al.,Paleoclimate changes of the last 1000yr on the eastern Qinghai–Tibetan Plateau recorded by elemental isotopic and molecular organic matter proxies in sediment from glacial Lake Ximencuo,Pu Y et al.-2013-PPP-Paleoclimate changes of the last 1000yr on the eastern Qinghai–Tibetan Plateau recorded by elemental isotopic and molecular organic matter proxies in sediment f.pdf,
Putnam A-Nature-2022-Sediment study finds the pulse of tropical glaciers.pdf,test1/Putnam A-Nature-2022-Sediment study finds the pulse of tropical glaciers.pdf,False,,,,,,,,.pdf,
"Qin JT et al.-2018-RM-Initial sensitivity change of K-feldspar pIRIR signals due to uncompensated decrease in electron trapping probability, Evidence from radiofluorescence measurements..pdf","test1/Qin JT et al.-2018-RM-Initial sensitivity change of K-feldspar pIRIR signals due to uncompensated decrease in electron trapping probability, Evidence from radiofluorescence measurements..pdf",True,Jintang Qin; Jie Chen; Yuetian Li; Liping Zhou,2018,Radiation Measurements,RM,Initial sensitivity change of K-feldspar pIRIR signals due to uncompensated decrease in electron trapping probability: Evidence from radioﬂuorescence measurements,Qin J et al.,Initial sensitivity change of K-feldspar pIRIR signals due to uncompensated decrease in electron trapping probability Evidence from radioﬂuorescence measurements,Qin J et al.-2018-RM-Initial sensitivity change of K-feldspar pIRIR signals due to uncompensated decrease in electron trapping probability Evidence from radioﬂuorescence measurement.pdf,
"Qiu QR et al.-2021-Tectonophysics-Late Quaternary steady deformation of the Minle Fault in the north Qilian Shan, NE Tibet.pdf","test1/Qiu QR et al.-2021-Tectonophysics-Late Quaternary steady deformation of the Minle Fault in the north Qilian Shan, NE Tibet.pdf",True,Liu Qingri; Youli Li; Jianguo Xiong; Huiping Zhang,2021,Tectonophysics,Tectonophysics,"Late Quaternary steady deformation of the Minle Fault in the north Qilian Shan, NE Tibet",Liu Q et al.,Late Quaternary steady deformation of the Minle Fault in the north Qilian Shan NE Tibet,Liu Q et al.-2021-Tectonophysics-Late Quaternary steady deformation of the Minle Fault in the north Qilian Shan NE Tibet.pdf,
RPC_FURONG_2023.pdf,test1/RPC_FURONG_2023.pdf,True,Furong Cui; Andrew Sean Murray; Mayank Jain; Myungho Kook; Jintang Qin; Jinfeng Liu,2023,Radiation Physics and Chemistry,RPC,Improved separation of quartz optically stimulated luminescence from a mixed sample using pulsed green light,Cui F et al.,Improved separation of quartz optically stimulated luminescence from mixed sample using pulsed green light,Cui F et al.-2023-RPC-Improved separation of quartz optically stimulated luminescence from mixed sample using pulsed green light.pdf,
Rainfall_and_sea_level_drove_the_expansion_of_seas.pdf,test1/Rainfall_and_sea_level_drove_the_expansion_of_seas.pdf,True,A. O. Sawakuchi; E. D. Schultz; F. N. Pupim; D. J. Bertassoli Jr.; D. F. Souza; D. F. Cunha; C. E. Mazoca; M. P. Ferreira; C. H. Grohmann; I. D. Wahnfried; C. M. Chiessi; F. W. Cruz; R. P. Almeida; C. C. Ribas,2022,Nature Communications,NC,Rainfall and sea level drove the expansion of seasonally flooded habitats and associated bird populations across Amazonia,Sawakuchi AO et al.,Rainfall and sea level drove the expansion of seasonally flooded habitats and associated bird populations across Amazonia,Sawakuchi AO et al.-2022-NC-Rainfall and sea level drove the expansion of seasonally flooded habitats and associated bird populations across Amazonia.pdf,
Reconstruction_of_the_Catastrophic_Outburst_Floods.pdf,test1/Reconstruction_of_the_Catastrophic_Outburst_Floods.pdf,True,Junxue Ma; Jian Chen; Zhijiu Cui; Wendy Zhou; Ruichen Chen; Chengbiao Wang,2024,,,"Reconstruction of the Catastrophic Outburst Floods of the Diexi Ancient Landslide-Dammed Lake in the Upper Minjiang River, Eastern Tibetan Plateau",Ma J et al.,Reconstruction of the Catastrophic Outburst Floods of the Diexi Ancient Landslide-Dammed Lake in the Upper Minjiang River Eastern Tibetan Plateau,Ma J et al.-2024-Reconstruction of the Catastrophic Outburst Floods of the Diexi Ancient Landslide-Dammed Lake in the Upper Minjiang River Eastern Tibetan Plateau.pdf,
Registration Slip - AOGS MARS.pdf,test1/Registration Slip - AOGS MARS.pdf,False,,,,,,,,.pdf,
Reiners-2006-Annual Review of Earth and Planet.pdf,test1/Reiners-2006-Annual Review of Earth and Planet.pdf,True,Peter W. Reiners; Mark T. Brandon,2006,Annual Review of Earth and Planetary Sciences,AREPS,Using Thermochronology to Understand Orogenic Erosion,Reiners PW & Brandon MT,Using Thermochronology to Understand Orogenic Erosion,Reiners PW & Brandon MT-2006-AREPS-Using Thermochronology to Understand Orogenic Erosion.pdf,
Relationships-between-fluvial-evolution-and-karstification-_2017_Quaternary-.pdf,test1/Relationships-between-fluvial-evolution-and-karstification-_2017_Quaternary-.pdf,True,Dominique Harmand; Kathryn Adamson; Gilles Rixhon; Stéphane Jaillet; Benoît Losson; Alain Devos; Gabriel Hez; Marc Calvet; Philippe Audra,2017,Quaternary Science Reviews,QSR,"Relationships between ﬂuvial evolution and karstiﬁcation related to climatic, tectonic and eustatic forcing in temperate regions",Harmand D et al.,Relationships between fluvial evolution and karstification related to climatic tectonic and eustatic forcing in temperate regions,Harmand D et al.-2017-QSR-Relationships between fluvial evolution and karstification related to climatic tectonic and eustatic forcing in temperate regions.pdf,
Revealing-the-pace-of-river-landscape-evolution-during-the_2017_Quaternary-S.pdf,test1/Revealing-the-pace-of-river-landscape-evolution-during-the_2017_Quaternary-S.pdf,True,Gilles Rixhon; Rebecca M. Briant; Stéphane Cordier; Mathieu Duval; Anna Jones; Denis Scholz,2016,Quaternary Science Reviews,QSR,Revealing the pace of river landscape evolution during the Quaternary: recent developments in numerical dating methods,Rixhon G et al.,Revealing the pace of river landscape evolution during the Quaternary recent developments in numerical dating methods,Rixhon G et al.-2016-QSR-Revealing the pace of river landscape evolution during the Quaternary recent developments in numerical dating methods.pdf,
River-terrace-development-in-the-NE-Mediterranean-region-_2017_Quaternary-Sc.pdf,test1/River-terrace-development-in-the-NE-Mediterranean-region-_2017_Quaternary-Sc.pdf,True,David R. Bridgland; Tuncer Demir; Ali Seyrek; Mohamad Daoud; Mohammad Abou Romieh; Rob Westaway,2017,Quaternary Science Reviews,QSR,River terrace development in the NE Mediterranean region (Syria and Turkey): Patterns in relation to crustal type,Bridgland DR et al.,River terrace development in the NE Mediterranean region Syria and Turkey Patterns in relation to crustal type,Bridgland DR et al.-2017-QSR-River terrace development in the NE Mediterranean region Syria and Turkey Patterns in relation to crustal type.pdf,
River-terraces-and-alluvial-fans--The-case-for-an-inte_2017_Quaternary-Scien.pdf,test1/River-terraces-and-alluvial-fans--The-case-for-an-inte_2017_Quaternary-Scien.pdf,True,A.E. Mather; M. Stokes; E. Whitfield,2016,Quaternary Science Reviews,QSR,River terraces and alluvial fans: The case for an integrated Quaternary fluvial archive,Mather AE et al.,River terraces and alluvial fans The case for an integrated Quaternary fluvial archive,Mather AE et al.-2016-QSR-River terraces and alluvial fans The case for an integrated Quaternary fluvial archive.pdf,
"Roberts HM-2012-RM-Testing Post-IR IRSL protocols for minimising fading in feldspars, using Alaskan loess with independent chronological control.pdf","test1/Roberts HM-2012-RM-Testing Post-IR IRSL protocols for minimising fading in feldspars, using Alaskan loess with independent chronological control.pdf",True,Helen M. Roberts,2012,Radiation Measurements,RM,"Testing Post-IR IRSL protocols for minimising fading in feldspars, using Alaskan loess with independent chronological control",Roberts HM,Testing Post-IR IRSL protocols for minimising fading in feldspars using Alaskan loess with independent chronological control,Roberts HM-2012-RM-Testing Post-IR IRSL protocols for minimising fading in feldspars using Alaskan loess with independent chronological control.pdf,
Roberts HM-2012-RM-Testing Post-IR IRSL protocols for minimising fading in feldspars.pdf,test1/Roberts HM-2012-RM-Testing Post-IR IRSL protocols for minimising fading in feldspars.pdf,True,Helen M. Roberts,2012,Radiation Measurements,RM,"Testing Post-IR IRSL protocols for minimising fading in feldspars, using Alaskan loess with independent chronological control",Roberts HM,Testing Post-IR IRSL protocols for minimising fading in feldspars using Alaskan loess with independent chronological control,Roberts HM-2012-RM-Testing Post-IR IRSL protocols for minimising fading in feldspars using Alaskan loess with independent chronological control.pdf,
Robins L et al.-2022-QSR-Aeolian-fluvial processes control landscape evolution along dunefield margins of the northwestern Negev (Israel) since the late Quaternary.pdf,test1/Robins L et al.-2022-QSR-Aeolian-fluvial processes control landscape evolution along dunefield margins of the northwestern Negev (Israel) since the late Quaternary.pdf,True,Lotem Robins; Joel Roskin; Lupeng Yu; Revital Bookman; Noam Greenbaum,2022,Quaternary Science Reviews,QSR,Aeolian-ﬂuvial processes control landscape evolution along duneﬁeld margins of the northwestern Negev (Israel) since the late Quaternary,Robins L et al.,Aeolian fluvial processes control landscape evolution along dunefield margins of the northwestern Negev Israel since the late Quaternary,Robins L et al.-2022-QSR-Aeolian fluvial processes control landscape evolution along dunefield margins of the northwestern Negev Israel since the late Quaternary.pdf,
"Rowan et al.-2012-QG-Optically stimulated luminescence dating of glaciofluvial sediments on the Canterbury Plains, South Island, New Zealand.pdf","test1/Rowan et al.-2012-QG-Optically stimulated luminescence dating of glaciofluvial sediments on the Canterbury Plains, South Island, New Zealand.pdf",True,Ann V. Rowan; Helen M. Roberts; Merren A. Jones; Geoff A.T. Duller; Steve J. Covey-Crump; Simon H. Brocklehurst,2011,Quaternary Geochronology,QG,"Optically stimulated luminescence dating of glaciofluvial sediments on the Canterbury Plains, South Island, New Zealand",Rowan AV et al.,Optically stimulated luminescence dating of glaciofluvial sediments on the Canterbury Plains South Island New Zealand,Rowan AV et al.-2011-QG-Optically stimulated luminescence dating of glaciofluvial sediments on the Canterbury Plains South Island New Zealand.pdf,
"Sadler & Jerolmack-2015-GS-Scaling laws for aggradation, denudation and progradation rates, the case for time-scale invariance at sediment sources and sinks..pdf","test1/Sadler & Jerolmack-2015-GS-Scaling laws for aggradation, denudation and progradation rates, the case for time-scale invariance at sediment sources and sinks..pdf",True,Peter M. Sadler; Douglas J. Jerolmack,2014,"Geological Society, London, Special Publications",GSLSP,"Scaling laws for aggradation, denudation and progradation rates: the case for time-scale invariance at sediment sources and sinks",Sadler PM & Jerolmack DJ,Scaling laws for aggradation denudation and progradation rates the case for time-scale invariance at sediment sources and sinks,Sadler PM & Jerolmack DJ-2014-GSLSP-Scaling laws for aggradation denudation and progradation rates the case for time-scale invariance at sediment sources and sinks.pdf,
Saucier RT-1996-EG-A contemporary appraisal of some key Fiskian concepts with emphasis on Holocene meander belt formation and morphology .pdf,test1/Saucier RT-1996-EG-A contemporary appraisal of some key Fiskian concepts with emphasis on Holocene meander belt formation and morphology .pdf,True,Roger T. Saucier,1996,Engineering Geology,EG,A contemporary appraisal of some key Fiskian concepts with emphasis on Holocene meander belt formation and morphology,Saucier RT,A contemporary appraisal of some key Fiskian concepts with emphasis on Holocene meander belt formation and morphology,Saucier RT-1996-EG-A contemporary appraisal of some key Fiskian concepts with emphasis on Holocene meander belt formation and morphology.pdf,
Sawakuchi A et al-2022-NC-Rainfall and sea level drove the expansion of seasonally flooded habitats and associated bird populations across Amazonia.pdf,test1/Sawakuchi A et al-2022-NC-Rainfall and sea level drove the expansion of seasonally flooded habitats and associated bird populations across Amazonia.pdf,True,A. O. Sawakuchi; E. D. Schultz; F. N. Pupim; D. J. Bertassoli Jr.; D. F. Souza; D. F. Cunha; C. E. Mazoca; M. P. Ferreira; C. H. Grohmann; I. D. Wahnfried; C. M. Chiessi; F. W. Cruz; R. P. Almeida; C. C. Ribas,2022,Nature Communications,NC,Rainfall and sea level drove the expansion of seasonally flooded habitats and associated bird populations across Amazonia,Sawakuchi AO et al.,Rainfall and sea level drove the expansion of seasonally flooded habitats and associated bird populations across Amazonia,Sawakuchi AO et al.-2022-NC-Rainfall and sea level drove the expansion of seasonally flooded habitats and associated bird populations across Amazonia.pdf,
Sawakuchi A et al.-2018-EPSL-Luminescence of quartz and feldspar fingerprints provenance and correlates with the source area denudation in the Amazon River basin.pdf,test1/Sawakuchi A et al.-2018-EPSL-Luminescence of quartz and feldspar fingerprints provenance and correlates with the source area denudation in the Amazon River basin.pdf,True,A.O. Sawakuchi; M. Jain; T.D. Mineli; L. Nogueira; D.J. Bertassoli Jr.; C. Häggi; H.O. Sawakuchi; F.N. Pupim; C.H. Grohmann; C.M. Chiessi; M. Zabel; S. Mulitza; C.E.M. Mazoca; D.F. Cunha,2018,Earth and Planetary Science Letters,EPSL,Luminescence of quartz and feldspar fingerprints provenance and correlates with the source area denudation in the Amazon River basin,Sawakuchi AO et al.,Luminescence of quartz and feldspar fingerprints provenance and correlates with source area denudation in Amazon River basin,Sawakuchi AO et al.-2018-EPSL-Luminescence of quartz and feldspar fingerprints provenance and correlates with source area denudation in Amazon River basin.pdf,
Sawakuchi et al.-2020-methods and protocols-optically stimulated luminescence sensitivity of quartz for provenance analusis.pdf,test1/Sawakuchi et al.-2020-methods and protocols-optically stimulated luminescence sensitivity of quartz for provenance analusis.pdf,True,André Oliveira Sawakuchi; Fernanda Costa Gonçalves Rodrigues; Thays Desiree Mineli; Vinícius Ribau Mendes; Dayane Batista Melo; Cristiano Mazur Chiessi; Paulo César Fonseca Giannini,2020,Methods and Protocols,MP,Optically Stimulated Luminescence Sensitivity of Quartz for Provenance Analysis,Sawakuchi AO et al.,Optically Stimulated Luminescence Sensitivity of Quartz for Provenance Analysis,Sawakuchi AO et al.-2020-MP-Optically Stimulated Luminescence Sensitivity of Quartz for Provenance Analysis.pdf,
"Schanz SA et al.-2018-Geomorphology-Multiple paths to straths, A review and reassessment of terrace genesis.pdf","test1/Schanz SA et al.-2018-Geomorphology-Multiple paths to straths, A review and reassessment of terrace genesis.pdf",True,Sarah A. Schanz; David R. Montgomery; Brian D. Collins; Alison R. Duvall,2018,Geomorphology,Geomorphology,Multiple paths to straths: A review and reassessment of terrace genesis,Schanz SA et al.,Multiple paths to straths A review and reassessment of terrace genesis,Schanz SA et al.-2018-Geomorphology-Multiple paths to straths A review and reassessment of terrace genesis.pdf,
"Schumm 1979-Geomorphic thresholds, the concept and its applications.pdf","test1/Schumm 1979-Geomorphic thresholds, the concept and its applications.pdf",True,S.A. Schumm,1979,Geomorphology,Geomorphology,Geomorphic thresholds: the concept and its applications,Schumm SA,Geomorphic thresholds the concept and its applications,Schumm SA-1979-Geomorphology-Geomorphic thresholds the concept and its applications.pdf,
"Sharman G et al.-2021-Geology-Detrital signals of coastal erosion and fluvial sediment supply during glacio-eustatic sea-level rise, Southern California, USA.pdf","test1/Sharman G et al.-2021-Geology-Detrital signals of coastal erosion and fluvial sediment supply during glacio-eustatic sea-level rise, Southern California, USA.pdf",True,G.R. Sharman; J.A. Covault; D.F. Stockli; Z.T. Sickmann; M.A. Malkowski; S.A. Johnstone,2021,Geology,Geology,"Detrital signals of coastal erosion and fluvial sediment supply during glacio-eustatic sea-level rise, Southern California, USA",Sharman GR et al.,Detrital signals of coastal erosion and fluvial sediment supply during glacio-eustatic sea-level rise Southern California USA,Sharman GR et al.-2021-Geology-Detrital signals of coastal erosion and fluvial sediment supply during glacio-eustatic sea-level rise Southern California USA.pdf,
ShenQJ et al.-2024-QG-Sedimentioy history in alpine Damqu wetland of Yangtz headwater in interior Tibetan Plateau.pdf,test1/ShenQJ et al.-2024-QG-Sedimentioy history in alpine Damqu wetland of Yangtz headwater in interior Tibetan Plateau.pdf,True,Qinjing Shen; Xinqi Feng; Yinjun Zhou; Penghui Lin; Yuexin Liu; Yuansen Lai; Junfeng Han; Yujiao Liu; Yixuan Wang; Shuai Zhu; Zhijing Li; Zhongping Lai,2024,Quaternary Geochronology,Quaternary Geochronology,Sedimentation history linked to global change in the alpine Damqu Wetland of the Yangtze River headwater in interior Tibetan Plateau,Shen Q et al.,Sedimentation history linked to global change in alpine Damqu Wetland of Yangtze River headwater in interior Tibetan Plateau,Shen Q et al.-2024-Quaternary Geochronology-Sedimentation history linked to global change in alpine Damqu Wetland of Yangtze River headwater in interior Tibetan Plateau.pdf,
ShenQJ_CV.pdf,test1/ShenQJ_CV.pdf,False,,,,,,,,.pdf,
Smedley RK et al.-2015-RM-Bleaching of the post-IR IRSL signal from individual grains of K-feldspar.pdf,test1/Smedley RK et al.-2015-RM-Bleaching of the post-IR IRSL signal from individual grains of K-feldspar.pdf,True,R.K. Smedley; G.A.T. Duller; H.M. Roberts,2015,Radiation Measurements,RM,Bleaching of the post-IR IRSL signal from individual grains of K-feldspar: Implications for single-grain dating,Smedley RK et al.,Bleaching of the post-IR IRSL signal from individual grains of K-feldspar Implications for single-grain dating,Smedley RK et al.-2015-RM-Bleaching of the post-IR IRSL signal from individual grains of K-feldspar Implications for single-grain dating.pdf,
Sohbati R et al.-2018-EPSL-Centennial- to millennial-scale hard rock erosion rates deduced from luminescence-depth profiles.pdf,test1/Sohbati R et al.-2018-EPSL-Centennial- to millennial-scale hard rock erosion rates deduced from luminescence-depth profiles.pdf,True,Reza Sohbati; Jinfeng Liu; Mayank Jain; Andrew Murray; David Egholm; Richard Paris; Benny Guralnik,2018,Earth and Planetary Science Letters,EPSL,Centennial- to millennial-scale hard rock erosion rates deduced from luminescence-depth profiles,Sohbati R et al.,Centennial to millennial scale hard rock erosion rates deduced from luminescence depth profiles,Sohbati R et al.-2018-EPSL-Centennial to millennial scale hard rock erosion rates deduced from luminescence depth profiles.pdf,
Souza P et al.-2023-QG-Quartz OSL sensitivity from dating data for provenance analysis of pleistocene and holocene fluvial sediments from lowland Amazonia.pdf,test1/Souza P et al.-2023-QG-Quartz OSL sensitivity from dating data for provenance analysis of pleistocene and holocene fluvial sediments from lowland Amazonia.pdf,True,Priscila E. Souza; Fabiano N. Pupim; Carlos E.M. Mazoca; Ian del Río; Thays D. Mineli; Fernanda C.G. Rodrigues; Naomi Porat; Gelvam A. Hartmann; André O. Sawakuchi,2023,Quaternary Geochronology,Quaternary Geochronology,Quartz OSL sensitivity from dating data for provenance analysis of pleistocene and holocene fluvial sediments from lowland Amazonia,Souza PE et al.,Quartz OSL sensitivity from dating data for provenance analysis of pleistocene and holocene fluvial sediments from lowland Amazonia,Souza PE et al.-2023-Quaternary Geochronology-Quartz OSL sensitivity from dating data for provenance analysis of pleistocene and holocene fluvial sediments from lowland Amazonia.pdf,
Souza et al.-2024-QG-Using quartz OSL signals from SAR cycles for sediment provenance studies.pdf,test1/Souza et al.-2024-QG-Using quartz OSL signals from SAR cycles for sediment provenance studies.pdf,True,Priscila E. Souza; Naomi Porat; André O. Sawakuchi; Carolina B. L. Cruz; Caio Breda; Fernanda C. G. Rodrigues; Stefania C. Oliveira; Fabiano N. Pupim,2024,Quaternary Geochronology,QG,Using quartz OSL signals from SAR cycles for sediment provenance studies,Souza PE et al.,Using quartz OSL signals from SAR cycles for sediment provenance studies,Souza PE et al.-2024-QG-Using quartz OSL signals from SAR cycles for sediment provenance studies.pdf,
Speed CM et al.-2024-Geology-Three-dimensional anatomy of a Cretaceous river avulsion.pdf,test1/Speed CM et al.-2024-Geology-Three-dimensional anatomy of a Cretaceous river avulsion.pdf,True,Cole M. Speed; Zoltán Sylvester; Paul R. Durkin; Peter P. Flaig,2024,Geology,Geology,Three-dimensional anatomy of a Cretaceous river avulsion,Speed CM et al.,Three-dimensional anatomy of a Cretaceous river avulsion,Speed CM et al.-2024-Geology-Three-dimensional anatomy of a Cretaceous river avulsion.pdf,
"Srivastava P et al.-2013-IJES-Late Pleistocene-Holocene morphosedimentary architecture, Spiti River, arid higher Himalaya.pdf","test1/Srivastava P et al.-2013-IJES-Late Pleistocene-Holocene morphosedimentary architecture, Spiti River, arid higher Himalaya.pdf",True,Pradeep Srivastava; Yogesh Ray; Binita Phartiyal; Anupam Sharma,2013,International Journal of Earth Sciences,IJES,"Late Pleistocene-Holocene morphosedimentary architecture, Spiti River, arid higher Himalaya",Srivastava P et al.,Late Pleistocene-Holocene morphosedimentary architecture Spiti River arid higher Himalaya,Srivastava P et al.-2013-IJES-Late Pleistocene-Holocene morphosedimentary architecture Spiti River arid higher Himalaya.pdf,
"Strecker et al.-2003-GSAB-Differential structural and geomorphic mountain-front evolution in an active continental collision zone, The northwest Pamir, southern Kyrgyzstan.pdf","test1/Strecker et al.-2003-GSAB-Differential structural and geomorphic mountain-front evolution in an active continental collision zone, The northwest Pamir, southern Kyrgyzstan.pdf",True,Manfred R. Strecker; George E. Hilley; J Ramón Arrowsmith; Isabelle Coutand,2003,GSA Bulletin,GSAB,"Differential structural and geomorphic mountain-front evolution in an active continental collision zone: The northwest Pamir, southern Kyrgyzstan",Strecker MR et al.,Differential structural and geomorphic mountain-front evolution in an active continental collision zone The northwest Pamir southern Kyrgyzstan,Strecker MR et al.-2003-GSAB-Differential structural and geomorphic mountain-front evolution in an active continental collision zone The northwest Pamir southern Kyrgyzstan.pdf,
Stubbins B et al.-2023-NC-Global climate forcing on late Miocene establishment of the Pampean aeolian system in South America.pdf,test1/Stubbins B et al.-2023-NC-Global climate forcing on late Miocene establishment of the Pampean aeolian system in South America.pdf,True,Blake Stubbins; Andrew L. Leier; David L. Barbeau Jr.; Alex Pullen; Jordan T. Abell; Junsheng Nie; Marcelo A. Zárate; Mary Kate Fidler,2023,Nature Communications,NC,Global climate forcing on late Miocene establishment of the Pampean aeolian system in South America,Stubbins B et al.,Global climate forcing on late Miocene establishment of the Pampean aeolian system in South America,Stubbins B et al.-2023-NC-Global climate forcing on late Miocene establishment of the Pampean aeolian system in South America.pdf,
"Su Q et al.-2019-JEAS-Geomorphic evidence for northeastward expansion of the eastern Qilian Shan, northeastern Tibetan Plateau.pdf","test1/Su Q et al.-2019-JEAS-Geomorphic evidence for northeastward expansion of the eastern Qilian Shan, northeastern Tibetan Plateau.pdf",True,Qi Su; Daoyang Yuan; Huiping Zhang; Pichawut Manopkawee; Yan Zhan; Peizhen Zhang; Hong Xie,2019,Journal of Asian Earth Sciences,JAES,"Geomorphic evidence for northeastward expansion of the eastern Qilian Shan, northeastern Tibetan Plateau",Su Q et al.,Geomorphic evidence for northeastward expansion of the eastern Qilian Shan northeastern Tibetan Plateau,Su Q et al.-2019-JAES-Geomorphic evidence for northeastward expansion of the eastern Qilian Shan northeastern Tibetan Plateau.pdf,
"Su Q et al.-2022-PPP-River piracy and its geomorphic effects in the northern Qilian Shan, northeastern Qinghai-Tibet Plateau.pdf","test1/Su Q et al.-2022-PPP-River piracy and its geomorphic effects in the northern Qilian Shan, northeastern Qinghai-Tibet Plateau.pdf",True,Qi Su; Xianyan Wang; Huayu Lu; Huiping Zhang; Hong Xie,2022,"Palaeogeography, Palaeoclimatology, Palaeoecology",PPP,"River piracy and its geomorphic effects in the northern Qilian Shan, northeastern Qinghai-Tibet Plateau",Su Q et al.,River piracy and its geomorphic effects in the northern Qilian Shan northeastern Qinghai-Tibet Plateau,Su Q et al.-2022-PPP-River piracy and its geomorphic effects in the northern Qilian Shan northeastern Qinghai-Tibet Plateau.pdf,
Sun XF et al.-2021-PNAS-Ancient DNA and multimethod dating confirm the late arrival of anatomically modern humans in southern China.pdf,test1/Sun XF et al.-2021-PNAS-Ancient DNA and multimethod dating confirm the late arrival of anatomically modern humans in southern China.pdf,True,Xue-feng Sun; Shao-qing Wen; Cheng-qiu Lu; Bo-yan Zhou; Darren Curnoe; Hua-yu Lu; Hong-chun Li; Wei Wang; Hai Cheng; Shuang-wen Yi; Xin Jia; Pan-xin Du; Xing-hua Xu; Yi-ming Lu; Ying Lu; Hong-xiang Zheng; Hong Zhang; Chang Sun; Lan-hai Wei; Fei Han; Juan Huang; R. Lawrence Edwards; Li Jin; Hui Li,2021,Proceedings of the National Academy of Sciences,PNAS,Ancient DNA and multimethod dating confirm the late arrival of anatomically modern humans in southern China,Sun XF et al.,Ancient DNA and multimethod dating confirm the late arrival of anatomically modern humans in southern China,Sun XF et al.-2021-PNAS-Ancient DNA and multimethod dating confirm the late arrival of anatomically modern humans in southern China.pdf,
Tan LC et al.-2018-QSR-High resolution monsoon precipitation changes on southeastern Tibetan Plateau over the past 2300 years.pdf,test1/Tan LC et al.-2018-QSR-High resolution monsoon precipitation changes on southeastern Tibetan Plateau over the past 2300 years.pdf,True,Liangcheng Tan; Yanjun Cai; Hai Cheng; Lawrence R. Edwards; Jianghu Lan; Haiwei Zhang; Dong Li; Le Ma; Peipei Zhao; Yongli Gao,2018,Quaternary Science Reviews,QSR,High resolution monsoon precipitation changes on southeastern Tibetan Plateau over the past 2300 years,Tan LC et al.,High resolution monsoon precipitation changes on southeastern Tibetan Plateau over the past 2300 years,Tan LC et al.-2018-QSR-High resolution monsoon precipitation changes on southeastern Tibetan Plateau over the past 2300 years.pdf,
TangjiawanPaper_2018.pdf,test1/TangjiawanPaper_2018.pdf,True,Xuanmei Fan; Weiwei Zhan; Dong Xiujun; C.J. Van Westen,2018,Engineering Geology,EG,"Analyzing successive landslide dam formation by different triggering mechanisms: The case of the Tangjiawan landslide, Sichuan, China",Fan X et al.,Analyzing successive landslide dam formation by different triggering mechanisms The case of the Tangjiawan landslide Sichuan China,Fan X et al.-2018-EG-Analyzing successive landslide dam formation by different triggering mechanisms The case of the Tangjiawan landslide Sichuan China.pdf,
The Cenozoic evolution of the Yellow River.pdf,test1/The Cenozoic evolution of the Yellow River.pdf,True,Xu Lin; Maximilian Dröllner; Milo Barham; Jing Liu-Zeng; Marc Jolivet; Haijin Liu; Kaige Guan; Chengwei Hu; Xiaokang Chen,2024,Earth-Science Reviews,ESR,The Cenozoic evolution of the Yellow River,Lin X et al.,The Cenozoic evolution of the Yellow River,Lin X et al.-2024-ESR-The Cenozoic evolution of the Yellow River.pdf,
The-Fluvial-Archives-Group--20-years-of-research-connecti_2017_Quaternary-Sc.pdf,test1/The-Fluvial-Archives-Group--20-years-of-research-connecti_2017_Quaternary-Sc.pdf,True,Stéphane Cordier; Becky Briant; David Bridgland; Jürgen Herget; Darrel Maddy; Anne Mather; Jef Vandenberghe,2017,Quaternary Science Reviews,QSR,The Fluvial Archives Group: 20 years of research connecting fluvial geomorphology and palaeoenvironments,Cordier S et al.,The Fluvial Archives Group 20 years of research connecting fluvial geomorphology and palaeoenvironments,Cordier S et al.-2017-QSR-The Fluvial Archives Group 20 years of research connecting fluvial geomorphology and palaeoenvironments.pdf,
The-Gediz-River-fluvial-archive--A-benchmark-for-Quater_2017_Quaternary-Scie.pdf,test1/The-Gediz-River-fluvial-archive--A-benchmark-for-Quater_2017_Quaternary-Scie.pdf,True,D. Maddy; A. Veldkamp; T. Demir; W. van Gorp; J.R. Wijbrans; D.J.J. van Hinsbergen; M.J. Dekkers; D. Schreve; J.M. Schoorl; R. Scaife; C. Stemerdink; T. van der Schriek; D.R. Bridgland; A.S. Aytaç,2016,Quaternary Science Reviews,QSR,The Gediz River ﬂuvial archive: A benchmark for Quaternary research in Western Anatolia,Maddy D et al.,The Gediz River fluvial archive A benchmark for Quaternary research in Western Anatolia,Maddy D et al.-2016-QSR-The Gediz River fluvial archive A benchmark for Quaternary research in Western Anatolia.pdf,
The-linking-of-the-upper-middle-and-lower-reaches-of-the-_2017_Quaternary-Sc.pdf,test1/The-linking-of-the-upper-middle-and-lower-reaches-of-the-_2017_Quaternary-Sc.pdf,True,ZhenBo Hu; BaoTian Pan; David Bridgland; Jef Vandenberghe; LianYong Guo; YunLong Fan; Rob Westaway,2017,Quaternary Science Reviews,QSR,The linking of the upper-middle and lower reaches of the Yellow River as a result of ﬂuvial entrenchment,Hu ZB et al.,The linking of the upper middle and lower reaches of the Yellow River as a result of fluvial entrenchment,Hu ZB et al.-2017-QSR-The linking of the upper middle and lower reaches of the Yellow River as a result of fluvial entrenchment.pdf,
Tian QY et al.-2020-Geomorphology-Late Quaternary variations in paleoerosion rates in the northern Qilian Shan revealed by 10Be in fluvial terraces.pdf,test1/Tian QY et al.-2020-Geomorphology-Late Quaternary variations in paleoerosion rates in the northern Qilian Shan revealed by 10Be in fluvial terraces.pdf,True,Qingying Tian; Eric Kirby; Wenjun Zheng; Huiping Zhang; Hao Liang; Zhigang Li; Weitao Wang; Tao Li; Yipeng Zhang; Binbin Xu; Peizhen Zhang,2021,Geomorphology,Geomorphology,Late Quaternary variations in paleoerosion rates in the northern Qilian Shan revealed by 10Be in ﬂuvial terraces,Tian QY et al.,Late Quaternary variations in paleoerosion rates in the northern Qilian Shan revealed by 10Be in fluvial terraces,Tian QY et al.-2021-Geomorphology-Late Quaternary variations in paleoerosion rates in the northern Qilian Shan revealed by 10Be in fluvial terraces.pdf,
Tian QY et al.-2021-Geomorphology-Late Quaternary variations in paleoerosion rates in the northern Qilian Shan revealed by 10Be in fluvial terraces.pdf,test1/Tian QY et al.-2021-Geomorphology-Late Quaternary variations in paleoerosion rates in the northern Qilian Shan revealed by 10Be in fluvial terraces.pdf,True,Qingying Tian; Eric Kirby; Wenjun Zheng; Huiping Zhang; Hao Liang; Zhigang Li; Weitao Wang; Tao Li; Yipeng Zhang; Binbin Xu; Peizhen Zhang,2021,Geomorphology,Geomorphology,Late Quaternary variations in paleoerosion rates in the northern Qilian Shan revealed by 10Be in ﬂuvial terraces,Tian QY et al.,Late Quaternary variations in paleoerosion rates in the northern Qilian Shan revealed by 10Be in fluvial terraces,Tian QY et al.-2021-Geomorphology-Late Quaternary variations in paleoerosion rates in the northern Qilian Shan revealed by 10Be in fluvial terraces.pdf,
Tian YT.pdf,test1/Tian YT.pdf,True,Yuntao Tian; Barry P. Kohn; Andrew J. W. Gleadow; Shengbiao Hu,2014,Journal of Geophysical Research: Solid Earth,JGR,A thermochronological perspective on the morphotectonic evolution of the southeastern Tibetan Plateau,Tian Y et al.,A thermochronological perspective on the morphotectonic evolution of the southeastern Tibetan Plateau,Tian Y et al.-2014-JGR-A thermochronological perspective on the morphotectonic evolution of the southeastern Tibetan Plateau.pdf,
Tian YT2.pdf,test1/Tian YT2.pdf,True,Yuntao Tian; Barry P. Kohn; Andrew J. W. Gleadow; Shengbiao Hu,2013,Tectonics,Tectonics,Constructing the Longmen Shan eastern Tibetan Plateau margin: Insights from low-temperature thermochronology,Tian Y et al.,Constructing the Longmen Shan eastern Tibetan Plateau margin Insights from low-temperature thermochronology,Tian Y et al.-2013-Tectonics-Constructing the Longmen Shan eastern Tibetan Plateau margin Insights from low-temperature thermochronology.pdf,
"Tofelde S et al.-2019-ESD-Alluvial channel response to environmental perturbations, fill-terrace formation and sediment-signal disruption.pdf","test1/Tofelde S et al.-2019-ESD-Alluvial channel response to environmental perturbations, fill-terrace formation and sediment-signal disruption.pdf",True,Stefanie Tofelde; Sara Savi; Andrew D. Wickert; Aaron Bufe; Taylor F. Schildgen,2019,Earth Surface Dynamics,ESD,Alluvial channel response to environmental perturbations: fill-terrace formation and sediment-signal disruption,Tofelde S et al.,Alluvial channel response to environmental perturbations fill-terrace formation and sediment-signal disruption,Tofelde S et al.-2019-ESD-Alluvial channel response to environmental perturbations fill-terrace formation and sediment-signal disruption.pdf,
"Tofelde et al.-2017-EPSL-100 kyr fluvial cut-and-fill terrace cycles since the Middle Pleistocene in the southern Central Andes, NW Argentina.pdf","test1/Tofelde et al.-2017-EPSL-100 kyr fluvial cut-and-fill terrace cycles since the Middle Pleistocene in the southern Central Andes, NW Argentina.pdf",True,Stefanie Tofelde; Taylor F. Schildgen; Sara Savi; Heiko Pingel; Andrew D. Wickert; Bodo Bookhagen; Hella Wittmann; Ricardo N. Alonso; John Cottle; Manfred R. Strecker,2017,Earth and Planetary Science Letters,EPSL,"100 kyr fluvial cut-and-fill terrace cycles since the Middle Pleistocene in the southern Central Andes, NW Argentina",Tofelde S et al.,100 kyr fluvial cut-and-fill terrace cycles since the Middle Pleistocene in the southern Central Andes NW Argentina,Tofelde S et al.-2017-EPSL-100 kyr fluvial cut-and-fill terrace cycles since the Middle Pleistocene in the southern Central Andes NW Argentina.pdf,
Topotoolbox userguide.pdf,test1/Topotoolbox userguide.pdf,False,,,,,,,,.pdf,
Tracking_Downstream砾石技术软件PC测量粒径.pdf,test1/Tracking_Downstream砾石技术软件PC测量粒径.pdf,True,Benjamin Purinton; Bodo Bookhagen,2021,Journal of Geophysical Research: Earth Surface,JGRES,Tracking Downstream Variability in Large Grain-Size Distributions in the South-Central Andes,Purinton B & Bookhagen B,Tracking Downstream Variability in Large Grain-Size Distributions in the South-Central Andes,Purinton B & Bookhagen B-2021-JGRES-Tracking Downstream Variability in Large Grain-Size Distributions in the South-Central Andes.pdf,
"Transforming the Miocene Altyn Tagh fault slip into shortening of the North-Western Qilian Shan, Insights from the drainage basin geometry.pdf","test1/Transforming the Miocene Altyn Tagh fault slip into shortening of the North-Western Qilian Shan, Insights from the drainage basin geometry.pdf",True,Hui-ping Zhang; Pei-zhen Zhang; De-Wen Zheng; Wen-Jun Zheng; Zheng-Wei Chen; Wei-Tao Wang,2014,Terra Nova,Terra Nova,Transforming the Miocene Altyn Tagh fault slip into shortening of the north-western Qilian Shan: insights from the drainage basin geometry,Zhang H-p et al.,Transforming the Miocene Altyn Tagh fault slip into shortening of the north-western Qilian Shan insights from the drainage basin geometry,Zhang H-p et al.-2014-Terra Nova-Transforming the Miocene Altyn Tagh fault slip into shortening of the north-western Qilian Shan insights from the drainage basin geometry.pdf,
Treatiseaeolianandclimatechange.pdf,test1/Treatiseaeolianandclimatechange.pdf,False,,,,,,,,.pdf,
Two-Late-Pleistocene-climate-driven-incision-aggradation-rh_2017_Quaternary-.pdf,test1/Two-Late-Pleistocene-climate-driven-incision-aggradation-rh_2017_Quaternary-.pdf,True,Andrei Panin; Grzegorz Adamiec; Jan-Pieter Buylaert; Ekaterina Matlakhova; Piotr Moska; Elena Novenko,2016,Quaternary Science Reviews,QSR,"Two Late Pleistocene climate-driven incision/aggradation rhythms in the middle Dnieper River basin, west-central Russian Plain",Panin A et al.,Two Late Pleistocene climate-driven incision aggradation rhythms in the middle Dnieper River basin west-central Russian Plain,Panin A et al.-2016-QSR-Two Late Pleistocene climate-driven incision aggradation rhythms in the middle Dnieper River basin west-central Russian Plain.pdf,
Two-decades-of-numerical-modelling-to-understand-long-ter_2017_Quaternary-Sc.pdf,test1/Two-decades-of-numerical-modelling-to-understand-long-ter_2017_Quaternary-Sc.pdf,True,A. Veldkamp; J.E.M. Baartman; T.J. Coulthard; D. Maddy; J.M. Schoorl; J.E.A. Storms; A.J.A.M. Temme; R. van Balen; M.J. van De Wiel; W. van Gorp; W. Viveen; R. Westaway; A.C. Whittaker,2016,Quaternary Science Reviews,QSR,Two decades of numerical modelling to understand long term ﬂuvial archives: Advances and future perspectives,Veldkamp A et al.,Two decades of numerical modelling to understand long term fluvial archives Advances and future perspectives,Veldkamp A et al.-2016-QSR-Two decades of numerical modelling to understand long term fluvial archives Advances and future perspectives.pdf,
Uraniumcomminutionages，Sedimenttransport anddepositiontime scales.pdf,test1/Uraniumcomminutionages，Sedimenttransport anddepositiontime scales.pdf,True,Donald J. DePaolo; Victoria E. Lee; John N. Christensen; Kate Maher,2012,Comptes Rendus Geoscience,CRG,Uranium comminution ages: Sediment transport and deposition time scales,DePaolo DJ et al.,Uranium comminution ages Sediment transport and deposition time scales,DePaolo DJ et al.-2012-CRG-Uranium comminution ages Sediment transport and deposition time scales.pdf,
"Usman M et al.-2024-ESR-Climatic influence on sediment distribution and transport in the Thar Desert (Sindh and Cholistan, Pakistan).pdf","test1/Usman M et al.-2024-ESR-Climatic influence on sediment distribution and transport in the Thar Desert (Sindh and Cholistan, Pakistan).pdf",True,Muhammad Usman; Peter D. Clift; Guido Pastore; Giovanni Vezzoli; Sergio Andò; Marta Barbarano; Pieter Vermeesch; Eduardo Garzanti,2024,Earth-Science Reviews,ESR,"Climatic influence on sediment distribution and transport in the Thar Desert (Sindh and Cholistan, Pakistan)",Usman M et al.,Climatic influence on sediment distribution and transport in the Thar Desert Sindh and Cholistan Pakistan,Usman M et al.-2024-ESR-Climatic influence on sediment distribution and transport in the Thar Desert Sindh and Cholistan Pakistan.pdf,
Variable_Thrust_Rates_of_the_Eastern_Qilianshan_Mo.pdf,test1/Variable_Thrust_Rates_of_the_Eastern_Qilianshan_Mo.pdf,True,Lei Jinghao; Li Youli; Ren Zhikun; Hu Xiu; Xiong Jianguo; Liu Fei; Liu Jinrui,2021,Frontiers in Earth Science,FES,"Variable Thrust Rates of the Eastern Qilianshan Mountain Front, Northeastern Margin of the Tibet Plateau and Its Implication to the Topography of the Yongchangnan Shan",Lei J et al.,Variable Thrust Rates of the Eastern Qilianshan Mountain Front Northeastern Margin of the Tibet Plateau and Its Implication to the Topography of the Yongchangnan Shan,Lei J et al.-2021-FES-Variable Thrust Rates of the Eastern Qilianshan Mountain Front Northeastern Margin of the Tibet Plateau and Its Implication to the Topography of the Yongchangna.pdf,
Wang H et al.-2019-Geomorpholohy-Evolution of a landslide-dammed lake on the southeastern Tibetan Plateau and its influence on river longitudinal profiles.pdf,test1/Wang H et al.-2019-Geomorpholohy-Evolution of a landslide-dammed lake on the southeastern Tibetan Plateau and its influence on river longitudinal profiles.pdf,True,Hao Wang; Peng Cui; Dingzhu Liu; Weiming Liu; Nazir Ahmed Bazai; Jiao Wang; Guotao Zhang; Yu Lei,2019,Geomorphology,Geomorphology,Evolution of a landslide-dammed lake on the southeastern Tibetan Plateau and its influence on river longitudinal profiles,Wang H et al.,Evolution of a landslide-dammed lake on the southeastern Tibetan Plateau and its influence on river longitudinal profiles,Wang H et al.-2019-Geomorphology-Evolution of a landslide-dammed lake on the southeastern Tibetan Plateau and its influence on river longitudinal profiles.pdf,
"Wang J et al.-2013-SCES-Late Quaternary glacial chronology on the eastern slope of Gongga, Mountain, eastern Tibetan Plateau, China.pdf","test1/Wang J et al.-2013-SCES-Late Quaternary glacial chronology on the eastern slope of Gongga, Mountain, eastern Tibetan Plateau, China.pdf",True,WANG Jie; PAN BaoTian; ZHANG GuoLiang; CUI Hang; CAO Bo; GENG HaoPeng,2013,Science China: Earth Sciences,SCES,"Late Quaternary glacial chronology on the eastern slope of Gongga Mountain, eastern Tibetan Plateau, China",Wang J et al.,Late Quaternary glacial chronology on the eastern slope of Gongga Mountain eastern Tibetan Plateau China,Wang J et al.-2013-SCES-Late Quaternary glacial chronology on the eastern slope of Gongga Mountain eastern Tibetan Plateau China.pdf,
Wang J et al.-2023-EPSL-Millennial-scale glacier fluctuations on the southeastern Tibetan Plateau during MIS 2.pdf,test1/Wang J et al.-2023-EPSL-Millennial-scale glacier fluctuations on the southeastern Tibetan Plateau during MIS 2.pdf,True,Jie Wang; Weicheng Wang; Bo Cao; Hang Cui; Xiaojing Chen; Jinkun Qiu; Manhong Lei; Jingsheng Liao,2023,Earth and Planetary Science Letters,EPSL,Millennial-scale glacier fluctuations on the southeastern Tibetan Plateau during MIS 2,Wang J et al.,Millennial-scale glacier fluctuations on the southeastern Tibetan Plateau during MIS 2,Wang J et al.-2023-EPSL-Millennial-scale glacier fluctuations on the southeastern Tibetan Plateau during MIS 2.pdf,
Wang J et al.-2025-NC-Response time of global deltas to changes in fluvial sediment supply.pdf,test1/Wang J et al.-2025-NC-Response time of global deltas to changes in fluvial sediment supply.pdf,True,Jie Wang; Zhijun Dai; Xuefei Mei; Huan-Feng Duan; Jaap H. Nienhuis,2025,Nature Communications,NC,Response time of global deltas to changes in fluvial sediment supply,Wang J et al.,Response time of global deltas to changes in fluvial sediment supply,Wang J et al.-2025-NC-Response time of global deltas to changes in fluvial sediment supply.pdf,
"Wang L et al.-2025-GRL-Slowdown of Dune Migration in East Asia's Inland Deserts A 35‐Year Response to Wind Stilling,.pdf","test1/Wang L et al.-2025-GRL-Slowdown of Dune Migration in East Asia's Inland Deserts A 35‐Year Response to Wind Stilling,.pdf",True,Li Wang; Chengzhi Hou; Xianghao Pang; Haochen Zhang; Hezi Yizhaq; Joseph A. Mason; Huayu Lu; Zhiwei Xu,2025,Geophysical Research Letters,GRL,Slowdown of Dune Migration in East Asia's Inland Deserts: A 35‐Year Response to Wind Stilling,Wang L et al.,Slowdown of Dune Migration in East Asia Inland Deserts 35 Year Response to Wind Stilling,Wang L et al.-2025-GRL-Slowdown of Dune Migration in East Asia Inland Deserts 35 Year Response to Wind Stilling.pdf,
"Wang L et al.-2025-GRL-Slowdown of Dune Migration in East Asia's Inland Deserts, A 35‐Year Response to Wind Stilling.pdf","test1/Wang L et al.-2025-GRL-Slowdown of Dune Migration in East Asia's Inland Deserts, A 35‐Year Response to Wind Stilling.pdf",True,Li Wang; Chengzhi Hou; Xianghao Pang; Haochen Zhang; Hezi Yizhaq; Joseph A. Mason; Huayu Lu; Zhiwei Xu,2025,Geophysical Research Letters,GRL,Slowdown of Dune Migration in East Asia's Inland Deserts: A 35‐Year Response to Wind Stilling,Wang L et al.,Slowdown of Dune Migration in East Asia's Inland Deserts A 35-Year Response to Wind Stilling,Wang L et al.-2025-GRL-Slowdown of Dune Migration in East Asia's Inland Deserts A 35-Year Response to Wind Stilling.pdf,
"Wang P et al.-2024-EPSL-Catastrophic outburst floods along the middle Yarlung Tsangpo River, Responses to coupled fault and glacial activity on the Southern Tibetan Plateau.pdf","test1/Wang P et al.-2024-EPSL-Catastrophic outburst floods along the middle Yarlung Tsangpo River, Responses to coupled fault and glacial activity on the Southern Tibetan Plateau.pdf",True,Ping Wang; Huiying Wang; Gang Hu; Tao Liu; Jintang Qin; Yizhou Wang; Bo Xu; Jinyu Zhang; Xiaonan Shi; Jinhua Liu,2024,Earth and Planetary Science Letters,EPSL,Catastrophic outburst floods along the middle Yarlung Tsangpo River: Responses to coupled fault and glacial activity on the Southern Tibetan Plateau,Wang P et al.,Catastrophic outburst floods along the middle Yarlung Tsangpo River Responses to coupled fault and glacial activity on the Southern Tibetan Plateau,Wang P et al.-2024-EPSL-Catastrophic outburst floods along the middle Yarlung Tsangpo River Responses to coupled fault and glacial activity on the Southern Tibetan Plateau.pdf,
Wang WC et al.-2024-QSR-Anti-phase glacier fluctuations on the millennial-scale on the southern Tibetan Plateau and New Zealand during the last glacial period.pdf,test1/Wang WC et al.-2024-QSR-Anti-phase glacier fluctuations on the millennial-scale on the southern Tibetan Plateau and New Zealand during the last glacial period.pdf,True,Weicheng Wang; Jie Wang; Jinkun Qiu; Xiaojing Chen,2024,Quaternary Science Reviews,QSR,Anti-phase glacier fluctuations on the millennial-scale on the southern Tibetan Plateau and New Zealand during the last glacial period,Wang W et al.,Anti-phase glacier fluctuations on the millennial-scale on the southern Tibetan Plateau and New Zealand during the last glacial period,Wang W et al.-2024-QSR-Anti-phase glacier fluctuations on the millennial-scale on the southern Tibetan Plateau and New Zealand during the last glacial period.pdf,
Wang2020Lithosphere.pdf,test1/Wang2020Lithosphere.pdf,True,Yizhou Wang; Dewen Zheng; Huiping Zhang; Jingxing Yu; Jianzhang Pang; Yuqi Hao,2020,Lithosphere,Lithosphere,"Channel Profile Response to Abrupt Increases in Mountain Uplift Rates: Implications for Late Miocene to Pliocene Acceleration of Intracontinental Extension in the Northern Qinling Range-Weihe Graben, Central China",Wang Y et al.,Channel Profile Response to Abrupt Increases in Mountain Uplift Rates Implications for Late Miocene to Pliocene Acceleration of Intracontinental Extension in Northern Qinling Range Weihe Graben Central China,Wang Y et al.-2020-Lithosphere-Channel Profile Response to Abrupt Increases in Mountain Uplift Rates Implications for Late Miocene to Pliocene Acceleration of Intracontinental Extension in No.pdf,
"Wegmann & Pazzaglia-2002-GSAB-Holocene strath terraces, climate change, and active tectonics, The Clearwater River basin, Olympic Peninsula, Washington State.pdf","test1/Wegmann & Pazzaglia-2002-GSAB-Holocene strath terraces, climate change, and active tectonics, The Clearwater River basin, Olympic Peninsula, Washington State.pdf",True,Karl W. Wegmann; Frank Pazzaglia,2002,Geological Society of America Bulletin,GSAB,"Holocene strath terraces, climate change, and active tectonics: The Clearwater River basin, Olympic Peninsula, Washington State",Wegmann KW & Pazzaglia F,Holocene strath terraces climate change and active tectonics The Clearwater River basin Olympic Peninsula Washington State,Wegmann KW & Pazzaglia F-2002-GSAB-Holocene strath terraces climate change and active tectonics The Clearwater River basin Olympic Peninsula Washington State.pdf,
"Willett-2006-Tectonics, Climate, and Landscape Evolution-GSA Special Publication.pdf","test1/Willett-2006-Tectonics, Climate, and Landscape Evolution-GSA Special Publication.pdf",True,Sean Willett; Mark Brandon; Donald M. Fisher,2006,Geological Society of America Special Papers,GSASP,"Tectonics, Climate, and Landscape Evolution",Willett S et al.,Tectonics Climate and Landscape Evolution,Willett S et al.-2006-GSASP-Tectonics Climate and Landscape Evolution.pdf,
Wintle-2017-RM-OSL signals from Quartz a review.pdf,test1/Wintle-2017-RM-OSL signals from Quartz a review.pdf,True,A.G. Wintle; G. Adamiec,2017,Radiation Measurements,RM,Review Optically stimulated luminescence signals from quartz: A review,Wintle AG & Adamiec G,Review Optically stimulated luminescence signals from quartz A review,Wintle AG & Adamiec G-2017-RM-Review Optically stimulated luminescence signals from quartz A review.pdf,
"Wu XW et al.-2024-QSR-Fluvial landscape change in Anqing through the last glacial cycle, Implications for eustatic controls on the Yangtze River's continental-scale incision-aggradation cycles.pdf","test1/Wu XW et al.-2024-QSR-Fluvial landscape change in Anqing through the last glacial cycle, Implications for eustatic controls on the Yangtze River's continental-scale incision-aggradation cycles.pdf",True,Xiaowen Wu; Lei Wang; La Ta; Changhui Guo; Long Qiao; Huiying Wang; Ping Wang; Liubing Xu; Jinming Xie; Jiafu Zhang; Xin Wang; Chunxin Wang; Gang Hu,2024,Quaternary Science Reviews,QSR,Fluvial landscape change in Anqing through the last glacial cycle: Implications for eustatic controls on the Yangtze River's continental-scale incision-aggradation cycles,Wu X et al.,Fluvial landscape change in Anqing through the last glacial cycle Implications for eustatic controls on the Yangtze Rivers continental-scale incision-aggradation cycles,Wu X et al.-2024-QSR-Fluvial landscape change in Anqing through the last glacial cycle Implications for eustatic controls on the Yangtze Rivers continental-scale incision-aggradatio.pdf,
"Xiong JG et al.-2017-Geomorphology-Paleomagnetic age of the Tangxian planation surface, northwestern Zhongtiao Shan of the Shanxi Graben System, North China.pdf","test1/Xiong JG et al.-2017-Geomorphology-Paleomagnetic age of the Tangxian planation surface, northwestern Zhongtiao Shan of the Shanxi Graben System, North China.pdf",True,Jianguo Xiong; Youli Li; Yuezhi Zhong; Xiu Hu,2017,Geomorphology,Geomorphology,"Paleomagnetic age of the Tangxian planation surface, northwestern Zhongtiao Shan of the Shanxi Graben System, North China",Xiong JG et al.,Paleomagnetic age of the Tangxian planation surface northwestern Zhongtiao Shan of the Shanxi Graben System North China,Xiong JG et al.-2017-Geomorphology-Paleomagnetic age of the Tangxian planation surface northwestern Zhongtiao Shan of the Shanxi Graben System North China.pdf,
"Xiong JG et al.-2017-Tectonics-Latest Pleistocene to Holocene Thrusting Recorded by a Flight of Strath Terraces in the Eastern Qilian Shan, NE Tibetan Plateau.pdf","test1/Xiong JG et al.-2017-Tectonics-Latest Pleistocene to Holocene Thrusting Recorded by a Flight of Strath Terraces in the Eastern Qilian Shan, NE Tibetan Plateau.pdf",True,Jianguo Xiong; Youli Li; Yuezhi Zhong; Honghua Lu; Jinghao Lei; Weilin Xin; Libo Wang; Xiu Hu; Peizhen Zhang,2017,Tectonics,Tectonics,"Latest Pleistocene to Holocene Thrusting Recorded by a Flight of Strath Terraces in the Eastern Qilian Shan, NE Tibetan Plateau",Xiong JG et al.,Latest Pleistocene to Holocene Thrusting Recorded by a Flight of Strath Terraces in the Eastern Qilian Shan NE Tibetan Plateau,Xiong JG et al.-2017-Tectonics-Latest Pleistocene to Holocene Thrusting Recorded by a Flight of Strath Terraces in the Eastern Qilian Shan NE Tibetan Plateau.pdf,
Xiong JG et al.-2022-Geomorphology-ntrenchment of the Yellow River since the late Miocene under changing tectonics and climate.pdf,test1/Xiong JG et al.-2022-Geomorphology-ntrenchment of the Yellow River since the late Miocene under changing tectonics and climate.pdf,True,Jianguo Xiong; Yunming Liu; Peizhen Zhang; Chenglong Deng; Vincenzo Picotti; Weitao Wang; Ke Zhang; Hao Liang; Xudong Zhao; Yuezhi Zhong; Qingri Liu; Jinghao Lei; Huan Kang; Zhikun Ren; Huiping Zhang; Youli Li,2022,Geomorphology,Geomorphology,Entrenchment of the Yellow River since the late Miocene under changing tectonics and climate,Xiong J et al.,Entrenchment of the Yellow River since the late Miocene under changing tectonics and climate,Xiong J et al.-2022-Geomorphology-Entrenchment of the Yellow River since the late Miocene under changing tectonics and climate.pdf,
"Yan Q et al.-2020-EPSL-Deciphering the evolution and forcing mechanisms of glaciation over the Himalayan-Tibetan orogen during the past 20,000 years.pdf","test1/Yan Q et al.-2020-EPSL-Deciphering the evolution and forcing mechanisms of glaciation over the Himalayan-Tibetan orogen during the past 20,000 years.pdf",True,Qing Yan; Lewis A. Owen; Zhongshi Zhang; Nanxuan Jiang; Ran Zhang,2020,Earth and Planetary Science Letters,EPSL,"Deciphering the evolution and forcing mechanisms of glaciation over the Himalayan-Tibetan orogen during the past 20,000 years",Yan Q et al.,Deciphering the evolution and forcing mechanisms of glaciation over the Himalayan-Tibetan orogen during the past 20000 years,Yan Q et al.-2020-EPSL-Deciphering the evolution and forcing mechanisms of glaciation over the Himalayan-Tibetan orogen during the past 20000 years.pdf,
"Yang HB et al.-2018.-JAES-New constraints on slip rates of the Fodongmiao-Hongyazi fault in the NorthernQilian Shan, NE Tibet, from the 10Be exposure dating of offset terraces..pdf","test1/Yang HB et al.-2018.-JAES-New constraints on slip rates of the Fodongmiao-Hongyazi fault in the NorthernQilian Shan, NE Tibet, from the 10Be exposure dating of offset terraces..pdf",True,Haibo Yang; Xiaoping Yang; Xiongnan Huang; An Li; Weiliang Huang; Ling Zhang,2018,Journal of Asian Earth Sciences,JAES,"New constraints on slip rates of the Fodongmiao-Hongyazi fault in the Northern Qilian Shan, NE Tibet, from the 10Be exposure dating of offset terraces",Yang H et al.,New constraints on slip rates of the Fodongmiao-Hongyazi fault in the Northern Qilian Shan NE Tibet from the 10Be exposure dating of offset terraces,Yang H et al.-2018-JAES-New constraints on slip rates of the Fodongmiao-Hongyazi fault in the Northern Qilian Shan NE Tibet from the 10Be exposure dating of offset terraces.pdf,
"Yang HB et al.-2018.-Tectonophysics- Activefold deformation and crustal shortening rates of the Qilian Shan ForelandThrust Belt, NE Tibet, since the LatePleistocene..pdf","test1/Yang HB et al.-2018.-Tectonophysics- Activefold deformation and crustal shortening rates of the Qilian Shan ForelandThrust Belt, NE Tibet, since the LatePleistocene..pdf",True,Haibo Yang; Xiaoping Yang; Huiping Zhang; Xiongnan Huang; Weiliang Huang; Ning Zhang,2018,Tectonophysics,Tectonophysics,"Active fold deformation and crustal shortening rates of the Qilian Shan Foreland Thrust Belt, NE Tibet, since the Late Pleistocene",Yang H et al.,Active fold deformation and crustal shortening rates of the Qilian Shan Foreland Thrust Belt NE Tibet since the Late Pleistocene,Yang H et al.-2018-Tectonophysics-Active fold deformation and crustal shortening rates of the Qilian Shan Foreland Thrust Belt NE Tibet since the Late Pleistocene.pdf,
Yanites2025_Science_Cascading land surface hazards as a nexus in the Earth system.pdf,test1/Yanites2025_Science_Cascading land surface hazards as a nexus in the Earth system.pdf,True,Brian J. Yanites; Marin K. Clark; Joshua J. Roering; A. Joshua West; Dimitrios Zekkos; Jane W. Baldwin; Corina Cerovski-Darriau; Sean F. Gallen; Daniel E. Horton; Eric Kirby; Ben A. Leshchinsky; H. Benjamin Mason; Seulgi Moon; Katherine R. Barnhart; Adam Booth; Jonathan A. Czuba; Scott McCoy; Luke McGuire; Allison Pfeiffer; Jennifer Pierce,2025,Science,Science,Cascading land surface hazards as a nexus in the Earth system,Yanites BJ et al.,Cascading land surface hazards as a nexus in the Earth system,Yanites BJ et al.-2025-Science-Cascading land surface hazards as a nexus in the Earth system.pdf,
Yao P et al.-2020-Geomorphology-The relative efficiency and influence of glacial and fluvial erosion on Tibetan Plateau landscapes.pdf,test1/Yao P et al.-2020-Geomorphology-The relative efficiency and influence of glacial and fluvial erosion on Tibetan Plateau landscapes.pdf,True,Pan Yao; Jie Wang; Jonathan M. Harbor; Fei Wang; Liyang Zou; Weicheng Wang; Xiaojing Chen,2020,Geomorphology,Geomorphology,The relative efficiency and influence of glacial and fluvial erosion on Tibetan Plateau landscapes,Yao P et al.,The relative efficiency and influence of glacial and fluvial erosion on Tibetan Plateau landscapes,Yao P et al.-2020-Geomorphology-The relative efficiency and influence of glacial and fluvial erosion on Tibetan Plateau landscapes.pdf,
"Yu Y et al.-2024-Geomorphology-Differential terrace configurations in the Upper Yangtze River, Evaluating distinct intensifies of external perturbation and their impact on river behaviors.pdf","test1/Yu Y et al.-2024-Geomorphology-Differential terrace configurations in the Upper Yangtze River, Evaluating distinct intensifies of external perturbation and their impact on river behaviors.pdf",True,Yang Yu; Xianyan Wang; Shuangwen Yi; Youwei Wang; Huayu Lu,2024,Geomorphology,Geomorphology,Differential terrace configurations in the Upper Yangtze River: Evaluating distinct intensifies of external perturbation and their impact on river behaviors,Yu Y et al.,Differential terrace configurations in the Upper Yangtze River Evaluating distinct intensifies of external perturbation and their impact on river behaviors,Yu Y et al.-2024-Geomorphology-Differential terrace configurations in the Upper Yangtze River Evaluating distinct intensifies of external perturbation and their impact on river behaviors.pdf,
"Yu et al.-2024-Geomorphology-Differential terrace configurations in the Upper Yangtze River, Evaluating distinct intensifies of external perturbation and their impact on river behaviors.pdf","test1/Yu et al.-2024-Geomorphology-Differential terrace configurations in the Upper Yangtze River, Evaluating distinct intensifies of external perturbation and their impact on river behaviors.pdf",True,Yang Yu; Xianyan Wang; Shuangwen Yi; Youwei Wang; Huayu Lu,2024,Geomorphology,Geomorphology,Differential terrace configurations in the Upper Yangtze River: Evaluating distinct intensifies of external perturbation and their impact on river behaviors,Yu Y et al.,Differential terrace configurations in the Upper Yangtze River Evaluating distinct intensifies of external perturbation and their impact on river behaviors,Yu Y et al.-2024-Geomorphology-Differential terrace configurations in the Upper Yangtze River Evaluating distinct intensifies of external perturbation and their impact on river behaviors.pdf,
Yuan XP et al.-2023-EPSL-Downstream propagation of fluvial erosion in Eastern Tibet.pdf,test1/Yuan XP et al.-2023-EPSL-Downstream propagation of fluvial erosion in Eastern Tibet.pdf,True,X.P. Yuan; R. Jiao; J. Liu-Zeng; G. Dupont-Nivet; S.G. Wolf; X. Shen,2023,Earth and Planetary Science Letters,EPSL,Downstream propagation of fluvial erosion in Eastern Tibet,Yuan XP et al.,Downstream propagation of fluvial erosion in Eastern Tibet,Yuan XP et al.-2023-EPSL-Downstream propagation of fluvial erosion in Eastern Tibet.pdf,
"Yuan XP et al.-2023-Geology-Propagating uplift controls on high-elevation, low-relief landscape formation in the southeast Tibetan Plateau.pdf","test1/Yuan XP et al.-2023-Geology-Propagating uplift controls on high-elevation, low-relief landscape formation in the southeast Tibetan Plateau.pdf",True,"Yuan, X.; Huppert, K.; Braun, J.; Shen, X.; Liu-Zeng, J.; Guerit, L.; Wolf, S.; Zhang, J.; Jolivet, M.",2022,Geology,Geology,"Propagating uplift controls on high-elevation, low-relief landscape formation in the southeast Tibetan Plateau",Yuan X et al.,Propagating uplift controls on high elevation low relief landscape formation in the southeast Tibetan Plateau,Yuan X et al.-2022-Geology-Propagating uplift controls on high elevation low relief landscape formation in the southeast Tibetan Plateau.pdf,
Zeeden C et al.-QG-2018-Discriminating luminescence age uncertainty composition for a robust Bayesian modelling.pdf,test1/Zeeden C et al.-QG-2018-Discriminating luminescence age uncertainty composition for a robust Bayesian modelling.pdf,True,Christian Zeeden; Michael Dietze; Sebastian Kreutzer,2018,Quaternary Geochronology,QG,Discriminating luminescence age uncertainty composition for a robust Bayesian modelling,Zeeden C et al.,Discriminating luminescence age uncertainty composition for a robust Bayesian modelling,Zeeden C et al.-2018-QG-Discriminating luminescence age uncertainty composition for a robust Bayesian modelling.pdf,
"Zhang & Mischke-2009-QSR-A Lateglacial and Holocene lake record from the Nianbaoyeze Mountains and inferences of lake,glacier and climate evolution on the eastern Tibetan Plateau.pdf","test1/Zhang & Mischke-2009-QSR-A Lateglacial and Holocene lake record from the Nianbaoyeze Mountains and inferences of lake,glacier and climate evolution on the eastern Tibetan Plateau.pdf",True,Chengjun Zhang; Steffen Mischke,2009,Quaternary Science Reviews,QSR,"A Lateglacial and Holocene lake record from the Nianbaoyeze Mountains and inferences of lake, glacier and climate evolution on the eastern Tibetan Plateau",Zhang C & Mischke S,A Lateglacial and Holocene lake record from the Nianbaoyeze Mountains and inferences of lake glacier and climate evolution on the eastern Tibetan Plateau,Zhang C & Mischke S-2009-QSR-A Lateglacial and Holocene lake record from the Nianbaoyeze Mountains and inferences of lake glacier and climate evolution on the eastern Tibetan Plateau.pdf,
Zhang AM et al.-2023- Luminescence fingerprints fluvial sediment transport from the Tibetan Plateau to the Bangladesh Delta.pdf,test1/Zhang AM et al.-2023- Luminescence fingerprints fluvial sediment transport from the Tibetan Plateau to the Bangladesh Delta.pdf,True,Aimin Zhang; Qihui Gao; SufiMostafizur Rahman; Muhammad Mahbubul Alam; Yujie Guo; Yiwei Chen; Jie Chen; Huiying Wang; Ping Wang; Jiafu Zhang; Chaolu Yi; Gang Hu,2023,Earth and Planetary Science Letters,EPSL,Luminescence fingerprints fluvial sediment transport from the Tibetan Plateau to the Bangladesh Delta,Zhang A et al.,Luminescence fingerprints fluvial sediment transport from the Tibetan Plateau to the Bangladesh Delta,Zhang A et al.-2023-EPSL-Luminescence fingerprints fluvial sediment transport from the Tibetan Plateau to the Bangladesh Delta.pdf,
Zhang J et al.-2023-Geomorphology-A 10Be-based paleo-erosion record for the Qilian Shan (NE Tibet) over the past 4.2 Ma from a drillcore in the Hexi Corridor.pdf,test1/Zhang J et al.-2023-Geomorphology-A 10Be-based paleo-erosion record for the Qilian Shan (NE Tibet) over the past 4.2 Ma from a drillcore in the Hexi Corridor.pdf,True,Jian Zhang; Ralf Hetzel; Baotian Pan; Haopeng Geng; Reinhard Wolff; Dianbao Chen,2023,Geomorphology,Geomorphology,A 10Be-based paleo-erosion record for the Qilian Shan (NE Tibet) over the past 4.2 Ma from a drillcore in the Hexi Corridor,Zhang J et al.,A 10Be-based paleo-erosion record for the Qilian Shan NE Tibet over the past 42 Ma from a drillcore in the Hexi Corridor,Zhang J et al.-2023-Geomorphology-A 10Be-based paleo-erosion record for the Qilian Shan NE Tibet over the past 42 Ma from a drillcore in the Hexi Corridor.pdf,
Zhang JJ et al.-2022-Geology-An absolutely dated record of climate change over the last three glacial–interglacial cycles from Chinese loess deposits.pdf,test1/Zhang JJ et al.-2022-Geology-An absolutely dated record of climate change over the last three glacial–interglacial cycles from Chinese loess deposits.pdf,True,Junjie Zhang; Qingzhen Hao; Sheng-Hua Li,2022,Geology,Geology,An absolutely dated record of climate change over the last three glacial–interglacial cycles from Chinese loess deposits,Zhang J et al.,An absolutely dated record of climate change over the last three glacial–interglacial cycles from Chinese loess deposits,Zhang J et al.-2022-Geology-An absolutely dated record of climate change over the last three glacial–interglacial cycles from Chinese loess deposits.pdf,
Zhang JJ&Li SH-2020-MP-Review of the post-IR IRSL dating protocols of K-feldspar.pdf,test1/Zhang JJ&Li SH-2020-MP-Review of the post-IR IRSL dating protocols of K-feldspar.pdf,True,Junjie Zhang; Sheng-Hua Li,2020,Methods and Protocols,MP,Review of the Post-IR IRSL Dating Protocols of K-Feldspar,Zhang J & Li S-H,Review of the Post-IR IRSL Dating Protocols of K-Feldspar,Zhang J & Li S-H-2020-MP-Review of the Post-IR IRSL Dating Protocols of K-Feldspar.pdf,
Zhang JP et al.-2024-Science-Rice's trajectory from wild to domesticated in East Asia.pdf,test1/Zhang JP et al.-2024-Science-Rice's trajectory from wild to domesticated in East Asia.pdf,True,Jianping Zhang; Leping Jiang; Lupeng Yu; Xiujia Huan; Liping Zhou; Changsheng Wang; Jianhui Jin; Xinxin Zuo; Naiqin Wu; Zhijun Zhao; Hanlong Sun; Zhaoyuan Yu; Guoping Zhang; Jiangping Zhu; Zhenlei Wu; Yajie Dong; Baoshuo Fan; Caiming Shen; Houyuan Lu,2024,Science,Science,Rice's trajectory from wild to domesticated in East Asia,Zhang J et al.,Rices trajectory from wild to domesticated in East Asia,Zhang J et al.-2024-Science-Rices trajectory from wild to domesticated in East Asia.pdf,
Zhang JP et al.-2024-Science-supplementary-Rice's trajectory from wild to domesticated in East Asia.pdf,test1/Zhang JP et al.-2024-Science-supplementary-Rice's trajectory from wild to domesticated in East Asia.pdf,False,,,,,,,,.pdf,
Zhang ZJ et al.-2021-ESR-Formation of the Three Gorges (Yangtze River) no earlier than 10 Ma.pdf,test1/Zhang ZJ et al.-2021-ESR-Formation of the Three Gorges (Yangtze River) no earlier than 10 Ma.pdf,True,Zengjie Zhang; J. Stephen Daly; Shane Tyrrell; Xilin Sun,2021,Earth-Science Reviews,ESR,Formation of the Three Gorges (Yangtze River) no earlier than 10 Ma,Zhang Z et al.,Formation of the Three Gorges Yangtze River no earlier than 10 Ma,Zhang Z et al.-2021-ESR-Formation of the Three Gorges Yangtze River no earlier than 10 Ma.pdf,
Zhao H et al.-2023-Evolution and migration of the highest megadunes on Earth.pdf,test1/Zhao H et al.-2023-Evolution and migration of the highest megadunes on Earth.pdf,False,,,,,,,,.pdf,
"Zhao XD et al.,-2021-GRL-Pliocene to Early Pleistocene Drainage Reorganization in Eastern Tibet.pdf","test1/Zhao XD et al.,-2021-GRL-Pliocene to Early Pleistocene Drainage Reorganization in Eastern Tibet.pdf",True,Xudong Zhao; Huiping Zhang; Yaling Tao; Ying Wang; Jianzhang Pang; Yan Ma; Jiawei Zhang; Zifa Ma; Jianguo Xiong,2021,Geophysical Research Letters,GRL,Pliocene to Early Pleistocene Drainage Reorganization in Eastern Tibet Inferred From Detrital Zircons,Zhao XD et al.,Pliocene to Early Pleistocene Drainage Reorganization in Eastern Tibet Inferred From Detrital Zircons,Zhao XD et al.-2021-GRL-Pliocene to Early Pleistocene Drainage Reorganization in Eastern Tibet Inferred From Detrital Zircons.pdf,
"Zhao XD et al.,-2021-NC-Existence of a continental- scale river sysetm.pdf","test1/Zhao XD et al.,-2021-NC-Existence of a continental- scale river sysetm.pdf",True,Xudong Zhao; Huiping Zhang; Ralf Hetzel; Eric Kirby; Alison R. Duvall; Kelin X. Whipple; Jianguo Xiong; Yifei Li; Jianzhang Pang; Ying Wang; Ping Wang; Kang Liu; Pengfei Ma; Bo Zhang; Xuemei Li; Jiawei Zhang; Peizhen Zhang,2021,Nature Communications,NC,Existence of a continental-scale river system in eastern Tibet during the late Cretaceous–early Palaeogene,Zhao XD et al.,Existence of a continental-scale river system in eastern Tibet during the late Cretaceous early Palaeogene,Zhao XD et al.-2021-NC-Existence of a continental-scale river system in eastern Tibet during the late Cretaceous early Palaeogene.pdf,
Zhao YQ et al.-2023-GRL-From Desiccation to Re-Integration of the Yellow River Since the Last Glaciation.pdf,test1/Zhao YQ et al.-2023-GRL-From Desiccation to Re-Integration of the Yellow River Since the Last Glaciation.pdf,True,Yuqi Zhao; Niannian Fan; Junsheng Nie; Jordan T. Abell; Yu An; Zhangdong Jin; Chengshan Wang; Jiafu Zhang; Xingnian Liu; Ruihua Nie,2023,Geophysical Research Letters,GRL,From Desiccation to Re-Integration of the Yellow River Since the Last Glaciation,Zhao Y et al.,From Desiccation to Re-Integration of the Yellow River Since the Last Glaciation,Zhao Y et al.-2023-GRL-From Desiccation to Re-Integration of the Yellow River Since the Last Glaciation.pdf,
Zheng et al 2017 Lithosphere.pdf,test1/Zheng et al 2017 Lithosphere.pdf,True,Dewen Zheng; Weitao Wang; Jinglin Wan; Daoyang Yuan; Chunru Liu; Wenjun Zheng; Huiping Zhang; Jianzhang Pang; Peizhen Zhang,2017,Lithosphere,Lithosphere,Progressive northward growth of the northern Qilian Shan–Hexi Corridor (northeastern Tibet) during the Cenozoic,Zheng D et al.,Progressive northward growth of the northern Qilian Shan Hexi Corridor northeastern Tibet during the Cenozoic,Zheng D et al.-2017-Lithosphere-Progressive northward growth of the northern Qilian Shan Hexi Corridor northeastern Tibet during the Cenozoic.pdf,
"Zhong YQ et al.-2025-JGS-Drainage response to superimposeddeformation of the Weiyuan anticline in the southwestern Sichuan Basin, China.pdf","test1/Zhong YQ et al.-2025-JGS-Drainage response to superimposeddeformation of the Weiyuan anticline in the southwestern Sichuan Basin, China.pdf",True,Yaqi Zhong; Gang Rao; Xiaohan Yin; Yan Wu; Bo Wang; Lin Gao; Pengcheng Tang,2025,Journal of the Geological Society,JGS,"Drainage response to superimposed deformation of the Weiyuan anticline in the southwestern Sichuan Basin, China",Zhong Y et al.,Drainage response to superimposed deformation of the Weiyuan anticline in the southwestern Sichuan Basin China,Zhong Y et al.-2025-JGS-Drainage response to superimposed deformation of the Weiyuan anticline in the southwestern Sichuan Basin China.pdf,
Zhou J et al.-2020-QSR-Cosmogenic exposure dating of Nam Co lake terraces since MIS 5 in Tibet#湖泊沉积物#年代学#未读.pdf,test1/Zhou J et al.-2020-QSR-Cosmogenic exposure dating of Nam Co lake terraces since MIS 5 in Tibet#湖泊沉积物#年代学#未读.pdf,True,Jie Zhou; Weijian Zhou; Guocheng Dong; Yaoyao Hou; Feng Xian; Li Zhang; Ling Tang; Guoqing Zhao; Yunchong Fu,2020,Quaternary Science Reviews,QSR,"Cosmogenic 10Be and 26Al exposure dating of Nam Co lake terraces since MIS 5, southern Tibetan Plateau",Zhou J et al.,Cosmogenic 10Be and 26Al exposure dating of Nam Co lake terraces since MIS 5 southern Tibetan Plateau,Zhou J et al.-2020-QSR-Cosmogenic 10Be and 26Al exposure dating of Nam Co lake terraces since MIS 5 southern Tibetan Plateau.pdf,
Zhou SZ et al-2011-Quaternary Glaciations - Extent and Chronology - A Closer Look .pdf,test1/Zhou SZ et al-2011-Quaternary Glaciations - Extent and Chronology - A Closer Look .pdf,False,,,,,,,,.pdf,
Zondaervan et al.-Geomorphology-Constraining a model of punctuated river incision for Quaternary strath terrace formation.pdf,test1/Zondaervan et al.-Geomorphology-Constraining a model of punctuated river incision for Quaternary strath terrace formation.pdf,True,Jesse R. Zondervan; Martin Stokes; Matt W. Telfer; Sarah J. Boulton; Anne E. Mather; Jan-Pieter Buylaert; Mayank Jain; Andrew S. Murray; Mhamed A. Belfoul,2022,Geomorphology,Geomorphology,Constraining a model of punctuated river incision for Quaternary strath terrace formation,Zondervan JR et al.,Constraining a model of punctuated river incision for Quaternary strath terrace formation,Zondervan JR et al.-2022-Geomorphology-Constraining a model of punctuated river incision for Quaternary strath terrace formation.pdf,
Zondervan et al.-2023-ESPL-Lithological controls on the timing of strath terrace staircase formation in a collisional mountain belt.pdf,test1/Zondervan et al.-2023-ESPL-Lithological controls on the timing of strath terrace staircase formation in a collisional mountain belt.pdf,True,Jesse R. Zondervan; Martin Stokes; Sarah J. Boulton; Matt W. Telfer; Anne E. Mather; Mhamed A. Belfoul,2024,Earth Surface Processes and Landforms,ESPL,Lithological controls on the timing of strath terrace staircase formation in a collisional mountain belt,Zondervan JR et al.,Lithological controls on the timing of strath terrace staircase formation in a collisional mountain belt,Zondervan JR et al.-2024-ESPL-Lithological controls on the timing of strath terrace staircase formation in a collisional mountain belt.pdf,
acceptance-32557.pdf,test1/acceptance-32557.pdf,False,,,,,,,,.pdf,
esurf-12-783-2024.pdf,test1/esurf-12-783-2024.pdf,True,Katrina D. Gelwick; Sean D. Willett; Rong Yang,2024,Earth Surface Dynamics,ESD,"Geomorphic indicators of continental-scale landscape transience in the Hengduan Mountains, SE Tibet, China",Gelwick KD et al.,Geomorphic indicators of continental-scale landscape transience in the Hengduan Mountains SE Tibet China,Gelwick KD et al.-2024-ESD-Geomorphic indicators of continental-scale landscape transience in the Hengduan Mountains SE Tibet China.pdf,
j.1365-2117.1992.tb00145.x.pdf,test1/j.1365-2117.1992.tb00145.x.pdf,True,Chris Paola; Paul L. Heller; Charles L. Angevine,1992,Basin Research,BR,"The large-scale dynamics of grain-size variation in alluvial basins, 1 : Theory",Paola C et al.,The large-scale dynamics of grain-size variation in alluvial basins 1 Theory,Paola C et al.-1992-BR-The large-scale dynamics of grain-size variation in alluvial basins 1 Theory.pdf,
j.quascirev.2014.11.011.pdf,test1/j.quascirev.2014.11.011.pdf,True,Ronald C. Counts; Madhav K. Murari; Lewis A. Owen; Shannon A. Mahan; Michele Greenan,2015,Quaternary Science Reviews,QSR,"Late Quaternary chronostratigraphic framework of terraces and alluvium along the lower Ohio River, southwestern Indiana and western Kentucky, USA",Counts RC et al.,Late Quaternary chronostratigraphic framework of terraces and alluvium along lower Ohio River southwestern Indiana western Kentucky USA,Counts RC et al.-2015-QSR-Late Quaternary chronostratigraphic framework of terraces and alluvium along lower Ohio River southwestern Indiana western Kentucky USA.pdf,
jgs2023-104.pdf,test1/jgs2023-104.pdf,True,Qiang Su; Xianyan Wang; Linman Gao; Shuangwen Yi; Zhiyong Han; Junjie Ren; Jef Vandenberghe; Huayu Lu; Ronald Van Balen,2024,Journal of the Geological Society,JGS,"The impact of faulting-induced uplift and subsidence on terrace formation and abandonment: A case study of the Huangshui River, NE Tibetan Plateau",Su Q et al.,The impact of faulting-induced uplift and subsidence on terrace formation and abandonment A case study of the Huangshui River NE Tibetan Plateau,Su Q et al.-2024-JGS-The impact of faulting-induced uplift and subsidence on terrace formation and abandonment A case study of the Huangshui River NE Tibetan Plateau.pdf,
pan_b_etal_2015_channels_qilian_shan.pdf,test1/pan_b_etal_2015_channels_qilian_shan.pdf,True,Baotian Pan; Qiong Li; Xiaofei Hu; Haopeng Geng; Hongshan Gao,2015,Journal of Asian Earth Sciences,JAES,Bedrock channels response to differential rock uplift in eastern Qilian Mountain along the northeastern margin of the Tibetan Plateau,Pan B et al.,Bedrock channels response to differential rock uplift in eastern Qilian Mountain along the northeastern margin of the Tibetan Plateau,Pan B et al.-2015-JAES-Bedrock channels response to differential rock uplift in eastern Qilian Mountain along the northeastern margin of the Tibetan Plateau.pdf,
part1.pdf,test1/part1.pdf,False,,,,,,,,.pdf,
s41467-023-42152-2.pdf,test1/s41467-023-42152-2.pdf,True,Stewart S. R. Jamieson; Neil Ross; Guy J. G. Paxman; Fiona J. Clubb; Duncan A. Young; Shuai Yan; Jamin Greenbaum; Donald D. Blankenship; Martin J. Siegert,2023,Nature Communications,NC,An ancient river landscape preserved beneath the East Antarctic Ice Sheet,Jamieson SSR et al.,An ancient river landscape preserved beneath the East Antarctic Ice Sheet,Jamieson SSR et al.-2023-NC-An ancient river landscape preserved beneath the East Antarctic Ice Sheet.pdf,
s41598-018-32268-7.pdf,test1/s41598-018-32268-7.pdf,True,Andrea Fildani; Angela M. Hessler; Cody C. Mason; Matthew P. McKay; Daniel F. Stockli,2018,Scientific Reports,Sci Rep,"Late Pleistocene glacial transitions in North America altered major river drainages, as revealed by deep-sea sediment",Fildani A et al.,Late Pleistocene glacial transitions in North America altered major river drainages as revealed by deep-sea sediment,Fildani A et al.-2018-Sci Rep-Late Pleistocene glacial transitions in North America altered major river drainages as revealed by deep-sea sediment.pdf,
sciadv.ads6196V2.pdf,test1/sciadv.ads6196V2.pdf,True,Dongfeng Li; Ting Zhang; Desmond E. Walling; Stuart Lane; Bodo Bookhagen; Shang Tian; Irina Overeem; Jaia Syvitski; Albert J. Kettner; Edward Park; Michèle Koppes; Rafael J. P. Schmitt; Weiling Sun; Jinren Ni; Todd A. Ehlers,2024,Science Advances,SciAdv,"The competing controls of glaciers, precipitation, and vegetation on high-mountain fluvial sediment yields",Li D et al.,The competing controls of glaciers precipitation and vegetation on high-mountain fluvial sediment yields,Li D et al.-2024-SciAdv-The competing controls of glaciers precipitation and vegetation on high-mountain fluvial sediment yields.pdf,
shenqj_APLED-posterV4.pdf,test1/shenqj_APLED-posterV4.pdf,False,,,,,,,,.pdf,
两种碎屑沉积物分类方法的比较_王中波.pdf,test1/两种碎屑沉积物分类方法的比较_王中波.pdf,True,王中波; 杨守业; 张志,2007,Marine Geology Letters 海洋地质动态,MGL,两种碎屑沉积物分类方法的比较,王中波 et al.,两种碎屑沉积物分类方法的比较,王中波 et al.-2007-MGL-两种碎屑沉积物分类方法的比较.pdf,
个人简历_沈勤径.pdf,test1/个人简历_沈勤径.pdf,False,,,,,,,,.pdf,
中华人民共和国地质矿产部地质专报  1  区域地质  第23号  四川省区域地质志_10029585.pdf,test1/中华人民共和国地质矿产部地质专报  1  区域地质  第23号  四川省区域地质志_10029585.pdf,False,,,,,,,,.pdf,
中更新世晚期以来中条山北麓断层滑动速率研究.pdf,test1/中更新世晚期以来中条山北麓断层滑动速率研究.pdf,True,张秀丽; 熊建国; 张培震; 刘晴日; 姚勇; 钟岳志; 张会平; 李有利,2022,地震地质,SEISMOLOGYANDGEOLOGY,中更新世晚期以来中条山北麓断层滑动速率研究,张秀丽 et al.,中更新世晚期以来中条山北麓断层滑动速率研究,张秀丽 et al.-2022-SEISMOLOGYANDGEOLOGY-中更新世晚期以来中条山北麓断层滑动速率研究.pdf,
中美双边会议议程-20230729-v7.pdf,test1/中美双边会议议程-20230729-v7.pdf,False,,,,,,,,.pdf,
于洋 等-2022-第四纪研究-晚第四纪长江源区水系演化对断裂活动和气候变化的响应.pdf,test1/于洋 等-2022-第四纪研究-晚第四纪长江源区水系演化对断裂活动和气候变化的响应.pdf,True,于洋; 王先彦; 李正晨; 李一泉; 鹿化煜,2022,第四纪研究,QSR,晚第四纪长江源区水系演化对断裂活动和气候变化的响应,于洋 et al.,晚第四纪长江源区水系演化对断裂活动和气候变化的响应,于洋 et al.-2022-QSR-晚第四纪长江源区水系演化对断裂活动和气候变化的响应.pdf,
于航-祁连山大通河河流阶地形成时代及地质意义.pdf,test1/于航-祁连山大通河河流阶地形成时代及地质意义.pdf,True,于航; 步凡; 胡道功; 张绪教; 杨金中,2018,中国地质调查,中国地质调查,祁连山大通河河流阶地形成时代及地质意义,于航 et al.,祁连山大通河河流阶地形成时代及地质意义,于航 et al.-2018-中国地质调查-祁连山大通河河流阶地形成时代及地质意义.pdf,
他念他翁山中段第四纪冰川沉积物时空分布特征与环境_唐倩玉.pdf,test1/他念他翁山中段第四纪冰川沉积物时空分布特征与环境_唐倩玉.pdf,False,,,,,,,,.pdf,
会议手册_2023全国地貌与第四纪学术研讨会-编辑.pdf,test1/会议手册_2023全国地貌与第四纪学术研讨会-编辑.pdf,False,,,,,,,,.pdf,
冷先伦-2009-博士论文-中科院武汉岩土力学研究所-深埋长隧洞TBM掘进围岩开挖扰动与损伤区研究.pdf,test1/冷先伦-2009-博士论文-中科院武汉岩土力学研究所-深埋长隧洞TBM掘进围岩开挖扰动与损伤区研究.pdf,False,,,,,,,,.pdf,
刑 等-2023-地质通报-青藏高原周缘的河流纵剖面特征及其对构造地貌演化的启示.pdf,test1/刑 等-2023-地质通报-青藏高原周缘的河流纵剖面特征及其对构造地貌演化的启示.pdf,True,Yukun Xing; Jing Liu-Zeng,2023,地质通报,地质通报,青藏高原周缘的河流纵剖面特征及其对构造地貌演化的启示,Xing Y & Liu-Zeng J,青藏高原周缘的河流纵剖面特征及其对构造地貌演化的启示,Xing Y & Liu-Zeng J-2023-地质通报-青藏高原周缘的河流纵剖面特征及其对构造地貌演化的启示.pdf,
刘向军-202305-武汉-青年地学论坛-释光年代揭示的青藏高原黄土沉积模式.pdf,test1/刘向军-202305-武汉-青年地学论坛-释光年代揭示的青藏高原黄土沉积模式.pdf,False,,,,,,,,.pdf,
刘奇博士论文初稿送审版-20230616.pdf,test1/刘奇博士论文初稿送审版-20230616.pdf,False,,,,,,,,.pdf,
刘彧 等-2012-地理科学进展-宇宙成因核素在地质年代学.pdf,test1/刘彧 等-2012-地理科学进展-宇宙成因核素在地质年代学.pdf,True,刘彧; 王世杰; 刘秀明,2012,地球科学进展,AES,宇宙成因核素在地质年代学研究中的新进展,刘彧 et al.,宇宙成因核素在地质年代学研究中的新进展,刘彧 et al.-2012-AES-宇宙成因核素在地质年代学研究中的新进展.pdf,
刘晴日-博士论文2022.6.15.pdf,test1/刘晴日-博士论文2022.6.15.pdf,False,,,,,,,,.pdf,
刘睿-博士论文-中国地震局地质研究所-河西走廊西端晚第四纪构造变形与断裂相互作用.pdf,test1/刘睿-博士论文-中国地震局地质研究所-河西走廊西端晚第四纪构造变形与断裂相互作用.pdf,False,,,,,,,,.pdf,
刘睿-白杨河阶地揭示的北祁连山西段晚第四纪构造变形.pdf,test1/刘睿-白杨河阶地揭示的北祁连山西段晚第四纪构造变形.pdf,True,刘睿; 李安; 张世民; 陈志丹; 郭长辉,2017,地震地质,SEISMOLOGY AND GEOLOGY,白杨河阶地揭示的北祁连山西段晚第四纪构造变形,刘睿 et al.,白杨河阶地揭示的北祁连山西段晚第四纪构造变形,刘睿 et al.-2017-SEISMOLOGY AND GEOLOGY-白杨河阶地揭示的北祁连山西段晚第四纪构造变形.pdf,
利用黄土—红粘土重矿物组合...究黄土高原物源及古气候变化_彭文彬.pdf,test1/利用黄土—红粘土重矿物组合...究黄土高原物源及古气候变化_彭文彬.pdf,False,,,,,,,,.pdf,
北碱-2015-濑户内海.pdf,test1/北碱-2015-濑户内海.pdf,False,,,,,,,,.pdf,
地震动力学国家重点实验室开放基金课题经费决算表-留所经费部分.pdf,test1/地震动力学国家重点实验室开放基金课题经费决算表-留所经费部分.pdf,False,,,,,,,,.pdf,
基于BASEGRAIN软件的卵石粒径自动识别应用研究_黄科翰.pdf,test1/基于BASEGRAIN软件的卵石粒径自动识别应用研究_黄科翰.pdf,True,黄科翰; 张晨笛; 徐梦珍; 林永鹏,2020,Journal of Sediment Research,JSR,基于BASEGRAIN软件的卵石粒径自动识别应用研究,黄科翰 et al.,基于BASEGRAIN软件的卵石粒径自动识别应用研究,黄科翰 et al.-2020-JSR-基于BASEGRAIN软件的卵石粒径自动识别应用研究.pdf,
基于变分贝叶斯深度学习的水文概率预报方法_李大洋.pdf,test1/基于变分贝叶斯深度学习的水文概率预报方法_李大洋.pdf,True,李大洋; 姚轶; 梁忠民; 周艳; 李彬权,2023,水科学进展,水科学进展,基于变分贝叶斯深度学习的水文概率预报方法,李大洋 et al.,基于变分贝叶斯深度学习的水文概率预报方法,李大洋 et al.-2023-水科学进展-基于变分贝叶斯深度学习的水文概率预报方法.pdf,
基金申请书V2.pdf,test1/基金申请书V2.pdf,False,,,,,,,,.pdf,
多指标物源分析揭示的黄土高原粉尘来源时空变化_张浩博.pdf,test1/多指标物源分析揭示的黄土高原粉尘来源时空变化_张浩博.pdf,False,,,,,,,,.pdf,
大数据方法寻找顺北碳酸盐岩...开采过程中井壁坍塌主控因素_陶杉.pdf,test1/大数据方法寻找顺北碳酸盐岩...开采过程中井壁坍塌主控因素_陶杉.pdf,True,陶杉; 余星; 宋海; 廖亚民; 常启帆; 樊晶晶,2020,石油钻采工艺,ODPT,大数据方法寻找顺北碳酸盐岩储层开采过程中井壁坍塌主控因素,陶杉 et al.,大数据方法寻找顺北碳酸盐岩储层开采过程中井壁坍塌主控因素,陶杉 et al.-2020-ODPT-大数据方法寻找顺北碳酸盐岩储层开采过程中井壁坍塌主控因素.pdf,
夷平面研究新进展.pdf,test1/夷平面研究新进展.pdf,True,熊建国; 李有利; 张培震,2020,地球科学进展,AES,夷平面研究新进展,熊建国 et al.,夷平面研究新进展,熊建国 et al.-2020-AES-夷平面研究新进展.pdf,
姜大伟-2016-第四纪研究-龙门山南段前陆区古冲积扇分析及河流地貌面序列的建立——基于地貌面的测年数据、野外地貌分析与调查.pdf,test1/姜大伟-2016-第四纪研究-龙门山南段前陆区古冲积扇分析及河流地貌面序列的建立——基于地貌面的测年数据、野外地貌分析与调查.pdf,True,姜大伟; 张世民; 丁锐; 刘汉永; 刘韶; 刘睿,2016,第四纪研究,QSR,龙门山南段前陆区古冲积扇分析及河流地貌面序列的建立——基于地貌面的测年数据、野外地貌分析与调查,姜大伟 et al.,龙门山南段前陆区古冲积扇分析及河流地貌面序列的建立基于地貌面的测年数据野外地貌分析与调查,姜大伟 et al.-2016-QSR-龙门山南段前陆区古冲积扇分析及河流地貌面序列的建立基于地貌面的测年数据野外地貌分析与调查.pdf,
季建清-地壳变形的地貌响应之河流.pdf,test1/季建清-地壳变形的地貌响应之河流.pdf,False,,,,,,,,.pdf,
宇宙成因核素年代学_俞晶星.pdf,test1/宇宙成因核素年代学_俞晶星.pdf,False,,,,,,,,.pdf,
尼加提·黑力力-2022-硕士论文-地大北京-祁连山东北缘西营河河流阶地地貌特征及地质意义.pdf,test1/尼加提·黑力力-2022-硕士论文-地大北京-祁连山东北缘西营河河流阶地地貌特征及地质意义.pdf,False,,,,,,,,.pdf,
崔博-2020-硕士论文-成都理工-川西阿坝断裂地质构造特征及活动性分析.pdf,test1/崔博-2020-硕士论文-成都理工-川西阿坝断裂地质构造特征及活动性分析.pdf,False,,,,,,,,.pdf,
崔富荣 等-2018-第四纪研究-岩石暴露年龄释光测定的若干影响因素研究术.pdf,test1/崔富荣 等-2018-第四纪研究-岩石暴露年龄释光测定的若干影响因素研究术.pdf,True,崔富荣; 刘进峰; 包创; 陈杰,2018,第四纪研究,第四纪研究,岩石暴露年龄释光测定的若干影响因素研究术,崔富荣 et al.,岩石暴露年龄释光测定的若干影响因素研究,崔富荣 et al.-2018-第四纪研究-岩石暴露年龄释光测定的若干影响因素研究.pdf,
崔富荣-2024-博士论文-岩片光释光测年技术用于砾石埋藏定年的研究.pdf,test1/崔富荣-2024-博士论文-岩片光释光测年技术用于砾石埋藏定年的研究.pdf,False,,,,,,,,.pdf,
崔航-2017-博士论文-兰大-祁连山地区古冰川演化序列及其古气候重建研究.pdf,test1/崔航-2017-博士论文-兰大-祁连山地区古冰川演化序列及其古气候重建研究.pdf,False,,,,,,,,.pdf,
巴丹吉林沙漠季节冻土特征.pdf,test1/巴丹吉林沙漠季节冻土特征.pdf,True,宁凯; 王乃昂; 胡文峰; 张洵赫; 孙杰; 王旭,2015,Journal of Glaciology and Geocryology,JGG,巴丹吉林沙漠季节冻土特征,宁凯 et al.,巴丹吉林沙漠季节冻土特征,宁凯 et al.-2015-JGG-巴丹吉林沙漠季节冻土特征.pdf,
应用石英释光灵敏度溯源的研究现状和展望_吕同艳.pdf,test1/应用石英释光灵敏度溯源的研究现状和展望_吕同艳.pdf,True,吕同艳; 龚志军; 薛蕾,2016,地质通报,地质通报,应用石英释光灵敏度溯源的研究现状和展望,吕同艳 et al.,应用石英释光灵敏度溯源的研究现状和展望,吕同艳 et al.-2016-地质通报-应用石英释光灵敏度溯源的研究现状和展望.pdf,
开放基金结题报告V2021-惠格格.pdf,test1/开放基金结题报告V2021-惠格格.pdf,False,,,,,,,,.pdf,
张军龙-2013-博士论文-中国地震局地质研究所-巴颜喀拉地块东北端第四纪隆升量研究.pdf,test1/张军龙-2013-博士论文-中国地震局地质研究所-巴颜喀拉地块东北端第四纪隆升量研究.pdf,False,,,,,,,,.pdf,
张培震-东亚大陆新生代构造演化.pdf,test1/张培震-东亚大陆新生代构造演化.pdf,True,张培震; 张会平; 郑文俊; 郑德文; 王伟涛; 张竹琪,2014,地震地质,SEISMOLOGY AND GEOLOGY,东亚大陆新生代构造演化,张培震 et al.,东亚大陆新生代构造演化,张培震 et al.-2014-SEISMOLOGY AND GEOLOGY-东亚大陆新生代构造演化.pdf,
张金玉-2014-博士论文-中国地质大学（北京）-晚新生代雅鲁藏布江短期改道事件.pdf,test1/张金玉-2014-博士论文-中国地质大学（北京）-晚新生代雅鲁藏布江短期改道事件.pdf,False,,,,,,,,.pdf,
彭俊 韩凤清-2013-地球学报-腾格里沙漠南缘风积物快组分光释光信号选择研究.pdf,test1/彭俊 韩凤清-2013-地球学报-腾格里沙漠南缘风积物快组分光释光信号选择研究.pdf,True,彭俊; 韩凤清,2013,地球学报,地球学报,腾格里沙漠南缘风积物快组分光释光信号选择研究,彭俊 & 韩凤清,腾格里沙漠南缘风积物快组分光释光信号选择研究,彭俊 & 韩凤清-2013-地球学报-腾格里沙漠南缘风积物快组分光释光信号选择研究.pdf,
徐洪敏 等-2023-中国科学-利用铀同位素破碎年代学方法示踪流域侵蚀深度变化的原理、应用和前景.pdf,test1/徐洪敏 等-2023-中国科学-利用铀同位素破碎年代学方法示踪流域侵蚀深度变化的原理、应用和前景.pdf,True,徐洪敏; 李超; 段知非; 郭玉龙; 杨守业,2023,中国科学: 地球科学,SCST,利用铀同位素破碎年代学方法示踪流域侵蚀深度变化的原理、应用和前景,徐洪敏 et al.,利用铀同位素破碎年代学方法示踪流域侵蚀深度变化的原理应用和前景,徐洪敏 et al.-2023-SCST-利用铀同位素破碎年代学方法示踪流域侵蚀深度变化的原理应用和前景.pdf,
戴宗明-2011-博士论文-青藏高原东部四姑娘山地区晚新生代隆升.pdf,test1/戴宗明-2011-博士论文-青藏高原东部四姑娘山地区晚新生代隆升.pdf,False,,,,,,,,.pdf,
晚第四纪黄河源采日玛-宁木特河段地貌过程及驱动机制_石灵璠.pdf,test1/晚第四纪黄河源采日玛-宁木特河段地貌过程及驱动机制_石灵璠.pdf,False,,,,,,,,.pdf,
曹鹏举-2022-硕士论文-长安大学-祁连山东段庄浪河流域地貌特征及其构造指示意义.pdf,test1/曹鹏举-2022-硕士论文-长安大学-祁连山东段庄浪河流域地貌特征及其构造指示意义.pdf,False,,,,,,,,,"HTTP 400: {""error"":{""message"":""Content Exists Risk"",""type"":""invalid_request_error"",""param"":null,""code"":""invalid_request_error""}}"
李乐 等-2018-第四纪研究-青藏高原周缘流域尺度土壤产生方程的铀同位素破碎年龄学证据.pdf,test1/李乐 等-2018-第四纪研究-青藏高原周缘流域尺度土壤产生方程的铀同位素破碎年龄学证据.pdf,True,李乐; 李来峰; 李高军,2018,第四纪研究,QSR,青藏高原周缘流域尺度土壤产生方程的铀同位素破碎年龄学证据,李乐 et al.,青藏高原周缘流域尺度土壤产生方程的铀同位素破碎年龄学证据,李乐 et al.-2018-QSR-青藏高原周缘流域尺度土壤产生方程的铀同位素破碎年龄学证据.pdf,
李正晨 等-2021-中国科学-岩性和侵蚀基准面对构造活跃区河流地貌演化的影响——以青藏高原东北缘老虎山和哈思山地区为例.pdf,test1/李正晨 等-2021-中国科学-岩性和侵蚀基准面对构造活跃区河流地貌演化的影响——以青藏高原东北缘老虎山和哈思山地区为例.pdf,True,Xianyan Wang,2021,中国科学,中国科学,岩性和侵蚀基准面对构造活跃区河流地貌演化的影响——以青藏高原东北缘老虎山和哈思山地区为例,Wang X et al.,岩性和侵蚀基准面对构造活跃区河流地貌演化的影响以青藏高原东北缘老虎山和哈思山地区为例,Wang X et al.-2021-中国科学-岩性和侵蚀基准面对构造活跃区河流地貌演化的影响以青藏高原东北缘老虎山和哈思山地区为例.pdf,
李翠平 等-2015-地质地质-雅鲁藏布江大峡谷入口河段最近两期古堰塞湖事件的年龄.pdf,test1/李翠平 等-2015-地质地质-雅鲁藏布江大峡谷入口河段最近两期古堰塞湖事件的年龄.pdf,True,李翠平; 王萍; 钱达; 唐茂云,2015,地震地质,SEG,雅鲁藏布江大峡谷入口河段最近两期古堰塞湖事件的年龄,李翠平 et al.,雅鲁藏布江大峡谷入口河段最近两期古堰塞湖事件的年龄,李翠平 et al.-2015-SEG-雅鲁藏布江大峡谷入口河段最近两期古堰塞湖事件的年龄.pdf,
李长安 等-1999-科学通报-东昆仑山构造隆升与水系演化及其发展趋势#阶地#青藏高原#构造#精读.pdf,test1/李长安 等-1999-科学通报-东昆仑山构造隆升与水系演化及其发展趋势#阶地#青藏高原#构造#精读.pdf,True,李长安; 殷鸿福; 于庆文,1999,科学通报,科学通报,东昆仑山构造隆升与水系演化及其发展趋势,李长安 et al.,东昆仑山构造隆升与水系演化及其发展趋势,李长安 et al.-1999-科学通报-东昆仑山构造隆升与水系演化及其发展趋势.pdf,
杜明甫-2020-硕士论文-成都理工-阿坝地区小震精定位及其活动构造意义.pdf,test1/杜明甫-2020-硕士论文-成都理工-阿坝地区小震精定位及其活动构造意义.pdf,False,,,,,,,,.pdf,
构造地貌学，构造-气候-地表过程相互作用的交叉研究.pdf,test1/构造地貌学，构造-气候-地表过程相互作用的交叉研究.pdf,True,刘静; 张金玉; 葛玉魁; 王伟; 曾令森; 李根; 林旭,2018,科学通报,科学通报,构造地貌学: 构造-气候-地表过程相互作用的交叉研究,刘静 et al.,构造地貌学构造气候地表过程相互作用的交叉研究,刘静 et al.-2018-科学通报-构造地貌学构造气候地表过程相互作用的交叉研究.pdf,
梁萍-2019-核电子学与探测技术-水成沉积物快组分分离特性初步研究.pdf,test1/梁萍-2019-核电子学与探测技术-水成沉积物快组分分离特性初步研究.pdf,True,梁萍,2019,核电子学与探测技术,核电子学与探测技术,水成沉积物快组分分离特性初步研究,梁萍,水成沉积物快组分分离特性初步研究,梁萍-2019-核电子学与探测技术-水成沉积物快组分分离特性初步研究.pdf,
汶川 MS8 地震最大地表同震垂直位移量及其地表.pdf,test1/汶川 MS8 地震最大地表同震垂直位移量及其地表.pdf,True,冉勇康; 史翔; 王虎; 陈立春; 陈杰; 刘瑞春; 宫会玲,2010,Chinese Science Bulletin,CSB,汶川MS8 地震最大地表同震垂直位移量及其地表变形样式,冉勇康 et al.,汶川MS8地震最大地表同震垂直位移量及其地表变形样式,冉勇康 et al.-2010-CSB-汶川MS8地震最大地表同震垂直位移量及其地表变形样式.pdf,
沈勤径-CV-20250225-面上.pdf,test1/沈勤径-CV-20250225-面上.pdf,False,,,,,,,,.pdf,
沈勤径-中文简历-202306.pdf,test1/沈勤径-中文简历-202306.pdf,False,,,,,,,,.pdf,
沉积物源-EPSL2025_冰川活动磷灰石年代学_Novel apatite provenance analysis reveals erosion of moraines as primary.pdf,test1/沉积物源-EPSL2025_冰川活动磷灰石年代学_Novel apatite provenance analysis reveals erosion of moraines as primary.pdf,True,Scott Jess; Lindsay Schoenbohm; Eva Enkelmann,2025,Earth and Planetary Science Letters,EPSL,Novel apatite provenance analysis reveals erosion of moraines as primary sediment source during glacial retreat,Jess S et al.,Novel apatite provenance analysis reveals erosion of moraines as primary sediment source during glacial retreat,Jess S et al.-2025-EPSL-Novel apatite provenance analysis reveals erosion of moraines as primary sediment source during glacial retreat.pdf,
测试结果统计.pdf,test1/测试结果统计.pdf,False,,,,,,,,.pdf,
涂华-面上2023-提交版.pdf,test1/涂华-面上2023-提交版.pdf,False,,,,,,,,.pdf,
温佳洁 等-2022-第四纪研究-岩石释光埋藏测年中砾石晒退程度的快速评估.pdf,test1/温佳洁 等-2022-第四纪研究-岩石释光埋藏测年中砾石晒退程度的快速评估.pdf,True,温佳洁; 欧先交; 李阳; 曾兰华; 李嘉燕; 邹晓君; 杨彩,2022,第四纪研究,QSR,岩石释光埋藏测年中砾石晒退程度的快速评估,温佳洁 et al.,岩石释光埋藏测年中砾石晒退程度的快速评估,温佳洁 et al.-2022-QSR-岩石释光埋藏测年中砾石晒退程度的快速评估.pdf,
王杰&周尚哲-2009-冰川冻土-宇宙成因核素技术在第四纪冰川测年研究中的评述及展望􏱇􏱈􏱉􏱊.pdf,test1/王杰&周尚哲-2009-冰川冻土-宇宙成因核素技术在第四纪冰川测年研究中的评述及展望􏱇􏱈􏱉􏱊.pdf,True,王杰; 周尚哲,2009,冰川冻土,冰川冻土,宇宙成因核素技术在第四纪冰川测年研究中的评述及展望,王杰 & 周尚哲,宇宙成因核素技术在第四纪冰川测年研究中的评述及展望,王杰 & 周尚哲-2009-冰川冻土-宇宙成因核素技术在第四纪冰川测年研究中的评述及展望.pdf,
王杰-2007-博士论文-兰州大学-西藏东南部第四纪冰川演化序列与宇宙成因核素测年研究.pdf,test1/王杰-2007-博士论文-兰州大学-西藏东南部第四纪冰川演化序列与宇宙成因核素测年研究.pdf,False,,,,,,,,.pdf,
王随继&任明达-1999-沉积学报-根据河道形态和沉积物特征的河流新分类.pdf,test1/王随继&任明达-1999-沉积学报-根据河道形态和沉积物特征的河流新分类.pdf,True,王随继; 任明达,1999,沉积学报,沉积学报,根据河道形态和沉积物特征的河流新分类,王随继 & 任明达,根据河道形态和沉积物特征的河流新分类,王随继 & 任明达-1999-沉积学报-根据河道形态和沉积物特征的河流新分类.pdf,
田晴映-构造活动和气候变化对河流阶.pdf,test1/田晴映-构造活动和气候变化对河流阶.pdf,True,田晴映; 郑文俊; 张冬丽; 张逸鹏; 许斌斌; 黄柳婷,2017,地震地质,地震地质,构造活动和气候变化对河流阶地发育的影响———以祁连山北缘洪水坝河和马营河为例,田晴映 et al.,构造活动和气候变化对河流阶地发育的影响以祁连山北缘洪水坝河和马营河为例,田晴映 et al.-2017-地震地质-构造活动和气候变化对河流阶地发育的影响以祁连山北缘洪水坝河和马营河为例.pdf,
"盆地分析Basin Analysis (Philip A. Allen, John R. Allen)(1).pdf","test1/盆地分析Basin Analysis (Philip A. Allen, John R. Allen)(1).pdf",False,,,,,,,,.pdf,
石磊-2007-兰州大学-硕士论文-年保玉则国家冰川地质公园生态旅游规划研究.pdf,test1/石磊-2007-兰州大学-硕士论文-年保玉则国家冰川地质公园生态旅游规划研究.pdf,False,,,,,,,,.pdf,
祁连山北缘断裂带中段晚第四纪活动速率初步研究.pdf,test1/祁连山北缘断裂带中段晚第四纪活动速率初步研究.pdf,True,杨海波; 杨晓平; 黄雄南,2017,地震地质,SEISMOLOGYANDGEOLOGY,祁连山北缘断裂带中段晚第四纪活动速率初步研究,杨海波 et al.,祁连山北缘断裂带中段晚第四纪活动速率初步研究,杨海波 et al.-2017-SEISMOLOGYANDGEOLOGY-祁连山北缘断裂带中段晚第四纪活动速率初步研究.pdf,
祁连山地貌特征及对青藏高原隆升的响应_褚永彬.pdf,test1/祁连山地貌特征及对青藏高原隆升的响应_褚永彬.pdf,False,,,,,,,,.pdf,
祁连山洪水坝河流域地貌特征及其构造指示意义.pdf,test1/祁连山洪水坝河流域地貌特征及其构造指示意义.pdf,True,王一舟; 张会平; 俞晶星; 张竹琪; 郑文俊; 郑德文,2013,第四纪研究,QSR,祁连山洪水坝河流域地貌特征及其构造指示意义,王一舟 et al.,祁连山洪水坝河流域地貌特征及其构造指示意义,王一舟 et al.-2013-QSR-祁连山洪水坝河流域地貌特征及其构造指示意义.pdf,
祁连山走滑速率hetzel2002.pdf,test1/祁连山走滑速率hetzel2002.pdf,True,Ralf Hetzel; Samuel Niedermann; Mingxin Tao; Peter W. Kubik; Susan Ivy-Ochs; Bo Gao; Manfred R. Strecker,2002,Nature,Nature,Low slip rates and long-term preservation of geomorphic features in Central Asia,Hetzel R et al.,Low slip rates and long-term preservation of geomorphic features in Central Asia,Hetzel R et al.-2002-Nature-Low slip rates and long-term preservation of geomorphic features in Central Asia.pdf,
祝婷等-2023-现代地质-川西阿坝盆地南缘阿柯河Ⅲ级阶地晚更新世中期的孢粉记录.pdf,test1/祝婷等-2023-现代地质-川西阿坝盆地南缘阿柯河Ⅲ级阶地晚更新世中期的孢粉记录.pdf,True,祝婷; 何政伟; 杨振京; 康桂川; 管森森; 朱昱汀,2023,现代地质,现代地质,川西阿坝盆地南缘阿柯河Ⅲ级阶地晚更新世中期的孢粉记录,祝婷 et al.,川西阿坝盆地南缘阿柯河Ⅲ级阶地晚更新世中期的孢粉记录,祝婷 et al.-2023-现代地质-川西阿坝盆地南缘阿柯河Ⅲ级阶地晚更新世中期的孢粉记录.pdf,
程延-2018-硕士论文-福建师范大学-华南沿海老红砂石英释光年代学研究.pdf,test1/程延-2018-硕士论文-福建师范大学-华南沿海老红砂石英释光年代学研究.pdf,False,,,,,,,,.pdf,
稻城古冰帽第四纪冰川年代学研究_张志刚.pdf,test1/稻城古冰帽第四纪冰川年代学研究_张志刚.pdf,False,,,,,,,,.pdf,
管森森-2020-硕士论文-成都理工-川西阿坝盆地活动构造地貌研究.pdf,test1/管森森-2020-硕士论文-成都理工-川西阿坝盆地活动构造地貌研究.pdf,False,,,,,,,,.pdf,
罗明 等-2017-地震地质-岩石暴露与埋藏面释光测年进展及其应用.pdf,test1/罗明 等-2017-地震地质-岩石暴露与埋藏面释光测年进展及其应用.pdf,True,罗明; 陈杰; 刘进峰,2017,地震地质,地震地质,岩石暴露与埋藏面释光测年进展及其应用,罗明 et al.,岩石暴露与埋藏面释光测年进展及其应用,罗明 et al.-2017-地震地质-岩石暴露与埋藏面释光测年进展及其应用.pdf,
蒲蔚-2021-硕士论文-成都理工-基于多源遥感数据的阿坝盆地活动构造精细识别与提取.pdf,test1/蒲蔚-2021-硕士论文-成都理工-基于多源遥感数据的阿坝盆地活动构造精细识别与提取.pdf,False,,,,,,,,.pdf,
蔡宏明-2010-博士论文-地大北京-松潘—甘孜褶皱带印支期花岗...类和火山岩类成因及深部作用.pdf,test1/蔡宏明-2010-博士论文-地大北京-松潘—甘孜褶皱带印支期花岗...类和火山岩类成因及深部作用.pdf,False,,,,,,,,.pdf,
裂点---Whittaker_Tectonic and climatic control on knickpoint retreat rates_Landscape response time_JGR2012.pdf,test1/裂点---Whittaker_Tectonic and climatic control on knickpoint retreat rates_Landscape response time_JGR2012.pdf,True,Alexander C. Whittaker; Sarah J. Boulton,2012,Journal of Geophysical Research,JGR,Tectonic and climatic controls on knickpoint retreat rates and landscape response times,Whittaker AC & Boulton SJ,Tectonic and climatic controls on knickpoint retreat rates and landscape response times,Whittaker AC & Boulton SJ-2012-JGR-Tectonic and climatic controls on knickpoint retreat rates and landscape response times.pdf,
西藏纳木错全新世沉积物的环境磁学参数变化机理_苏有亮.pdf,test1/西藏纳木错全新世沉积物的环境磁学参数变化机理_苏有亮.pdf,True,苏有亮; 高星; 刘青松; 胡鹏翔; 段宗奇; 姜兆霞; 王君波; 朱立平; DOBERSCHÜTZ Stefan; MÄUSBACHER Roland; DAUT Gerhard; HABERZETTL Torsten,2012,Chinese Science Bulletin,CSB,西藏纳木错全新世沉积物的环境磁学参数变化机理,苏有亮 et al.,西藏纳木错全新世沉积物的环境磁学参数变化机理,苏有亮 et al.-2012-CSB-西藏纳木错全新世沉积物的环境磁学参数变化机理.pdf,
许刘兵&周尚哲-2006-冰川冻土-宇宙成因核素测年方法及其在地球科学中的应用.pdf,test1/许刘兵&周尚哲-2006-冰川冻土-宇宙成因核素测年方法及其在地球科学中的应用.pdf,True,许刘兵; 周尚哲,2006,冰川冻土,冰川冻土,宇宙成因核素测年方法及其在地球科学中的应用,许刘兵 & 周尚哲,宇宙成因核素测年方法及其在地球科学中的应用,许刘兵 & 周尚哲-2006-冰川冻土-宇宙成因核素测年方法及其在地球科学中的应用.pdf,
许刘兵&周尚哲-2007-冰川冻土-川西硕曲河流阶地及其对山地抬升和气候变化的响应.pdf,test1/许刘兵&周尚哲-2007-冰川冻土-川西硕曲河流阶地及其对山地抬升和气候变化的响应.pdf,True,许刘兵; 周尚哲,2007,冰川冻土,冰川冻土,川西硕曲河流阶地及其对山地抬升和气候变化的响应,许刘兵 & 周尚哲,川西硕曲河流阶地及其对山地抬升和气候变化的响应,许刘兵 & 周尚哲-2007-冰川冻土-川西硕曲河流阶地及其对山地抬升和气候变化的响应.pdf,
谭亮等-2014-四川地质学报-马尼干戈盆地河流阶地特征及其构造成因.pdf,test1/谭亮等-2014-四川地质学报-马尼干戈盆地河流阶地特征及其构造成因.pdf,True,谭亮; 夏月成; 江仁剑; 龚彬; 葛俊杰; 马昌威,2014,四川地质学报,四川地质学报,马尼干戈盆地河流阶地特征及其构造成因,谭亮 et al.,马尼干戈盆地河流阶地特征及其构造成因,谭亮 et al.-2014-四川地质学报-马尼干戈盆地河流阶地特征及其构造成因.pdf,
贡嘎山地区古冰川演化序列及其气候驱动机制研究_于贝贝.pdf,test1/贡嘎山地区古冰川演化序列及其气候驱动机制研究_于贝贝.pdf,False,,,,,,,,.pdf,
赵旭东 等-2019-第四纪研究-宇宙成因核素10Be在古侵蚀速率研究中的原理与应用.pdf,test1/赵旭东 等-2019-第四纪研究-宇宙成因核素10Be在古侵蚀速率研究中的原理与应用.pdf,True,赵旭东; 张会平; 熊建国,2019,第四纪研究,QSR,宇宙成因核素10Be在古侵蚀速率研究中的原理与应用,赵旭东 et al.,宇宙成因核素10Be在古侵蚀速率研究中的原理与应用,赵旭东 et al.-2019-QSR-宇宙成因核素10Be在古侵蚀速率研究中的原理与应用.pdf,
"郑德文 等-2016-第四纪研究-U-Th,He热年代学原理、测试及应用.pdf","test1/郑德文 等-2016-第四纪研究-U-Th,He热年代学原理、测试及应用.pdf",True,郑德文; 武颖; 庞建章; 李又娟; 王一舟; 马严; 俞晶星; 王英,2016,第四纪研究,QSR,U-Th/He热年代学原理、测试及应用,郑德文 et al.,U-ThHe热年代学原理测试及应用,郑德文 et al.-2016-QSR-U-ThHe热年代学原理测试及应用.pdf,
郑本兴&马秋华-1994-地理学报-贡嘎山地区全新世的冰川变化、气候变化与河谷阶地发育.pdf,test1/郑本兴&马秋华-1994-地理学报-贡嘎山地区全新世的冰川变化、气候变化与河谷阶地发育.pdf,True,郑本兴; 马秋华,1994,地理学报,地理学报,贡嘎山地区全新世的冰川变化、气候变化与河谷阶地发育,郑本兴 & 马秋华,贡嘎山地区全新世的冰川变化气候变化与河谷阶地发育,郑本兴 & 马秋华-1994-地理学报-贡嘎山地区全新世的冰川变化气候变化与河谷阶地发育.pdf,
郭怀军-祁连山地区河流阶地与第四纪构造隆升.pdf,test1/郭怀军-祁连山地区河流阶地与第四纪构造隆升.pdf,True,郭怀军; 杨利荣; 朱小辉; 朱涛; 岳乐平; 吴鸿天; 邹宁,2016,地质通报,地质通报,祁连山地区河流阶地与第四纪构造隆升,郭怀军 et al.,祁连山地区河流阶地与第四纪构造隆升,郭怀军 et al.-2016-地质通报-祁连山地区河流阶地与第四纪构造隆升.pdf,
释光灵敏度风化Tanski-2024.pdf,test1/释光灵敏度风化Tanski-2024.pdf,True,Natalie M. Tanski; Tammy M. Rittenour; Francesco Pavano; Frank Pazzaglia; Jenna Mills; Lee B. Corbett; Paul Bierman,2024,Quaternary Geochronology,Quaternary Geochronology,Quartz luminescence sensitivity enhanced by residence time in the critical zone,Tanski NM et al.,Quartz luminescence sensitivity enhanced by residence time in the critical zone,Tanski NM et al.-2024-Quaternary Geochronology-Quartz luminescence sensitivity enhanced by residence time in the critical zone.pdf,
钟岳志-祁连山东段童子坝河阶地对气候变化与新构造运动的响应.pdf,test1/钟岳志-祁连山东段童子坝河阶地对气候变化与新构造运动的响应.pdf,True,钟岳志; 李有利; 熊建国; 雷惊昊; 辛伟林; 胡秀; 刘飞,2017,古地理学报,JP,祁连山东段童子坝河阶地对气候变化与新构造运动的响应,钟岳志 et al.,祁连山东段童子坝河阶地对气候变化与新构造运动的响应,钟岳志 et al.-2017-JP-祁连山东段童子坝河阶地对气候变化与新构造运动的响应.pdf,
钾长石单颗粒释光揭示的冲洪积体系时空过程_隋雅诗.pdf,test1/钾长石单颗粒释光揭示的冲洪积体系时空过程_隋雅诗.pdf,False,,,,,,,,.pdf,
长江河流沉积物矿物学、地球...碎屑锆石年代学物源示踪研究_何梦颖.pdf,test1/长江河流沉积物矿物学、地球...碎屑锆石年代学物源示踪研究_何梦颖.pdf,False,,,,,,,,.pdf,
陈毅2022-Evolution of eastern Tibetan river systems is driven.pdf,test1/陈毅2022-Evolution of eastern Tibetan river systems is driven.pdf,True,Yi Chen; Baosheng Wu; Zhongyu Xiong; Jinbo Zan; Bangwen Zhang; Ruoyin Zhang; Yuan Xue; Minhui Li; Bingshuai Li,2021,Communications Earth & Environment,CEE,Evolution of eastern Tibetan river systems is driven by the indentation of India,Chen Y et al.,Evolution of eastern Tibetan river systems is driven by the indentation of India,Chen Y et al.-2021-CEE-Evolution of eastern Tibetan river systems is driven by the indentation of India.pdf,
陈维涛-2008-硕士论文-中国石油大学-松潘—阿坝地区东缘二叠—三叠纪地层对比及沉积盆地演化.pdf,test1/陈维涛-2008-硕士论文-中国石油大学-松潘—阿坝地区东缘二叠—三叠纪地层对比及沉积盆地演化.pdf,False,,,,,,,,.pdf,
雅鲁藏布江现代河流沉积物释光特征及其物源指示意义_张爱敏.pdf,test1/雅鲁藏布江现代河流沉积物释光特征及其物源指示意义_张爱敏.pdf,False,,,,,,,,.pdf,
青海久治年保玉则国家地质公园资源类型与评价_李盼.pdf,test1/青海久治年保玉则国家地质公园资源类型与评价_李盼.pdf,False,,,,,,,,.pdf,
青海省祁连山地区生态用水研究_常博.pdf,test1/青海省祁连山地区生态用水研究_常博.pdf,False,,,,,,,,.pdf,
青藏高原东北部典型流域冻土退化及其生态水文效应研究_秦越.pdf,test1/青藏高原东北部典型流域冻土退化及其生态水文效应研究_秦越.pdf,False,,,,,,,,.pdf,
青藏高原东北部年保玉则山冰...演化的影响及其控制因素研究_邹立阳.pdf,test1/青藏高原东北部年保玉则山冰...演化的影响及其控制因素研究_邹立阳.pdf,False,,,,,,,,.pdf,
青藏高原东缘地..坡时.pdf,test1/青藏高原东缘地..坡时.pdf,False,,,,,,,,.pdf,
青藏高原东部囊谦盆地古近系碎屑锆石U-Pb年代学及其意义.pdf,test1/青藏高原东部囊谦盆地古近系碎屑锆石U-Pb年代学及其意义.pdf,False,,,,,,,,.pdf,
青藏高原冰蚀湖沉积物正构烷烃记录的气候和环境变化信息_以希门错为例.pdf,test1/青藏高原冰蚀湖沉积物正构烷烃记录的气候和环境变化信息_以希门错为例.pdf,True,蒲阳; 张虎才; 王永莉; 雷国良; NACE Trevor; 张淑萍,2011,Chinese Science Bulletin,CSB,青藏高原冰蚀湖沉积物正构烷烃记录的气候和环境变化信息: 以希门错为例,蒲阳 et al.,青藏高原冰蚀湖沉积物正构烷烃记录的气候和环境变化信息以希门错为例,蒲阳 et al.-2011-CSB-青藏高原冰蚀湖沉积物正构烷烃记录的气候和环境变化信息以希门错为例.pdf,
青藏高原年保玉则山末次冰期...以来的湖泊演化与古冰川发育_类延斌.pdf,test1/青藏高原年保玉则山末次冰期...以来的湖泊演化与古冰川发育_类延斌.pdf,True,类延斌; 张虎才; 尚华明; 杨伦庆; 雷国良; 张文翔,2008,第四纪研究,QSR,青藏高原年保玉则山末次冰期中期以来的湖泊演化与古冰川发育,类延斌 et al.,青藏高原年保玉则山末次冰期中期以来的湖泊演化与古冰川发育,类延斌 et al.-2008-QSR-青藏高原年保玉则山末次冰期中期以来的湖泊演化与古冰川发育.pdf,
青藏高原西部喀喇昆仑断裂活动构造研究进展综述（英文）.pdf,test1/青藏高原西部喀喇昆仑断裂活动构造研究进展综述（英文）.pdf,True,Marie-Luce CHEVALIER,2019,Acta Geoscientica Sinica,AGS,青藏高原西部喀喇昆仑断裂活动构造研究进展综述,Chevalier ML,Active Tectonics along the Karakorum Fault Western Tibetan Plateau A Review,Chevalier ML-2019-AGS-Active Tectonics along the Karakorum Fault Western Tibetan Plateau A Review.pdf,
面向对象的长江源区当曲流域高寒湿地信息提取(英文)_张继平.pdf,test1/面向对象的长江源区当曲流域高寒湿地信息提取(英文)_张继平.pdf,True,ZHANG Jiping; ZHANG Yili; LIU Linshan; DING Mingjun; ZHANG Xueru,2011,Journal of Resources and Ecology,JRE,Identifying Alpine Wetlands in the Damqu River Basin in the Source Area of the Yangtze River Using Object-based Classification Method,Zhang J et al.,Identifying Alpine Wetlands in the Damqu River Basin in the Source Area of the Yangtze River Using Object-based Classification Method,Zhang J et al.-2011-JRE-Identifying Alpine Wetlands in the Damqu River Basin in the Source Area of the Yangtze River Using Object-based Classification Method.pdf,
马振华-博士论文-兰州大学-晚中新世以来祁连山东段层状地貌及水系演化.pdf,test1/马振华-博士论文-兰州大学-晚中新世以来祁连山东段层状地貌及水系演化.pdf,False,,,,,,,,.pdf,
黄土高原西峰剖面末次间冰期...来石英光释光灵敏度变化研究_李娇.pdf,test1/黄土高原西峰剖面末次间冰期...来石英光释光灵敏度变化研究_李娇.pdf,False,,,,,,,,.pdf,
黄河悬移质多种光释光信号的...流搬运过程和测年应用的启示_李兆宁.pdf,test1/黄河悬移质多种光释光信号的...流搬运过程和测年应用的启示_李兆宁.pdf,True,李兆宁; 刘进峰; 崔富荣; 覃金堂; 杨会丽; 陈杰,2022,第四纪研究,QSR,黄河悬移质多种光释光信号的顺流变化特征及对河流搬运过程和测年应用的启示,李兆宁 et al.,黄河悬移质多种光释光信号的顺流变化特征及对河流搬运过程和测年应用的启示,李兆宁 et al.-2022-QSR-黄河悬移质多种光释光信号的顺流变化特征及对河流搬运过程和测年应用的启示.pdf,
