index,original_file_name,relative_path,is_research_paper,suggested_new_filename,final_new_filename,status,message
0,& Liu-1994-An outline of physical geography including Pleistocene glacial landforms of eastern Tibet (provinces Sichuan and Qinghai)_.pdf,test1/& Liu-1994-An outline of physical geography including Pleistocene glacial landforms of eastern Tibet (provinces Sichuan and Qinghai)_.pdf,True,Lehmkuhl F & Liu S-1994-GeoJournal-An Outline of Physical Geography Including Pleistocene Glacial Landforms of Eastern Tibet.pdf,Lehmkuhl F & Liu S-1994-GeoJournal-An Outline of Physical Geography Including Pleistocene Glacial Landforms of Eastern Tibet.pdf,renamed,Renamed to: /Users/pz/VScode/OSL_source_ana/test1/Lehmkuhl F & Liu S-1994-GeoJournal-An Outline of Physical Geography Including Pleistocene Glacial Landforms of Eastern Tibet.pdf
1,(Routledge Physical Environment Series) Nicholas Lancaster - Geomorphology of Desert Dunes -Routledge (1995).pdf,test1/(Routledge Physical Environment Series) Nicholas Lancaster - Geomorphology of Desert Dunes -Routledge (1995).pdf,False,,,skipped,Not a research paper
2,0218-中国第十九届释光与电子自旋共振测年学术讨论会（第二号通知）.pdf,test1/0218-中国第十九届释光与电子自旋共振测年学术讨论会（第二号通知）.pdf,False,,,skipped,Not a research paper
3,0331沈勤径V5-博后基金.pdf,test1/0331沈勤径V5-博后基金.pdf,False,,,skipped,Not a research paper
4,1-s2.0-S0012821X15007062-main.pdf,test1/1-s2.0-S0012821X15007062-main.pdf,True,Villaseñor T et al.-2016-EPSL-Linking Late Pleistocene alpine glacial erosion and continental margin sedimentation Insights from 40Ar39Ar da.pdf,Villaseñor T et al.-2016-EPSL-Linking Late Pleistocene alpine glacial erosion and continental margin sedimentation Insights from 40Ar39Ar da.pdf,renamed,Renamed to: /Users/pz/VScode/OSL_source_ana/test1/Villaseñor T et al.-2016-EPSL-Linking Late Pleistocene alpine glacial erosion and continental margin sedimentation Insights from 40Ar39Ar da.pdf
5,1-s2.0-S0012821X1630365X-main.pdf,test1/1-s2.0-S0012821X1630365X-main.pdf,True,Wittmann H et al.-2016-EPSL-The cosmogenic record of mountain erosion transmitted across a foreland basin Source-to-sink analysis of in situ.pdf,Wittmann H et al.-2016-EPSL-The cosmogenic record of mountain erosion transmitted across a foreland basin Source-to-sink analysis of in situ.pdf,renamed,Renamed to: /Users/pz/VScode/OSL_source_ana/test1/Wittmann H et al.-2016-EPSL-The cosmogenic record of mountain erosion transmitted across a foreland basin Source-to-sink analysis of in situ.pdf
6,1-s2.0-S0012821X2300331X-main.pdf,test1/1-s2.0-S0012821X2300331X-main.pdf,True,Bhattacharjee S et al.-2023-EPSL-26Al and 10Be concentrations from alluvial drill cores across IndoGangetic plain reveal multimillionyear se.pdf,Bhattacharjee S et al.-2023-EPSL-26Al and 10Be concentrations from alluvial drill cores across IndoGangetic plain reveal multimillionyear se.pdf,renamed,Renamed to: /Users/pz/VScode/OSL_source_ana/test1/Bhattacharjee S et al.-2023-EPSL-26Al and 10Be concentrations from alluvial drill cores across IndoGangetic plain reveal multimillionyear se.pdf
7,1-s2.0-S0012825222002495-main (1).pdf,test1/1-s2.0-S0012825222002495-main (1).pdf,True,Bhattacharjee S et al.-2022-ESR-Sediment-transport rates from decadal to millennial timescales across the Indo-Gangetic Plain Impacts of tec.pdf,Bhattacharjee S et al.-2022-ESR-Sediment-transport rates from decadal to millennial timescales across the Indo-Gangetic Plain Impacts of tec.pdf,renamed,Renamed to: /Users/pz/VScode/OSL_source_ana/test1/Bhattacharjee S et al.-2022-ESR-Sediment-transport rates from decadal to millennial timescales across the Indo-Gangetic Plain Impacts of tec.pdf
8,1-s2.0-S0012825222002495-main.pdf,test1/1-s2.0-S0012825222002495-main.pdf,True,Bhattacharjee S et al.-2022-ESR-Sediment-transport rates from decadal to millennial timescales across the Indo-Gangetic Plain Impacts of tec.pdf,Bhattacharjee S et al.-2022-ESR-Sediment-transport rates from decadal to millennial timescales across the Indo-Gangetic Plain Impacts of tec (2).pdf,renamed,Renamed to: /Users/pz/VScode/OSL_source_ana/test1/Bhattacharjee S et al.-2022-ESR-Sediment-transport rates from decadal to millennial timescales across the Indo-Gangetic Plain Impacts of tec (2).pdf
9,1-s2.0-S0012825224000011-main.pdf,test1/1-s2.0-S0012825224000011-main.pdf,True,Usman M et al.-2024-ESR-Climatic influence on sediment distribution and transport in the Thar Desert Sindh and Cholistan Pakistan.pdf,Usman M et al.-2024-ESR-Climatic influence on sediment distribution and transport in the Thar Desert Sindh and Cholistan Pakistan.pdf,renamed,Renamed to: /Users/pz/VScode/OSL_source_ana/test1/Usman M et al.-2024-ESR-Climatic influence on sediment distribution and transport in the Thar Desert Sindh and Cholistan Pakistan.pdf
10,1-s2.0-S0012825225000522-main.pdf,test1/1-s2.0-S0012825225000522-main.pdf,True,Shi C et al.-2025-ESR-Review of sediment connectivity Conceptual connotations characterization indicators and their relationships with soil.pdf,Shi C et al.-2025-ESR-Review of sediment connectivity Conceptual connotations characterization indicators and their relationships with soil.pdf,renamed,Renamed to: /Users/pz/VScode/OSL_source_ana/test1/Shi C et al.-2025-ESR-Review of sediment connectivity Conceptual connotations characterization indicators and their relationships with soil.pdf
11,1-s2.0-S0169555X19304532-main.pdf,test1/1-s2.0-S0169555X19304532-main.pdf,True,Zanandrea F et al.-2020-Geomorphology-Impedance influence on the index of sediment connectivity in a forested mountainous catchment.pdf,Zanandrea F et al.-2020-Geomorphology-Impedance influence on the index of sediment connectivity in a forested mountainous catchment.pdf,renamed,Renamed to: /Users/pz/VScode/OSL_source_ana/test1/Zanandrea F et al.-2020-Geomorphology-Impedance influence on the index of sediment connectivity in a forested mountainous catchment.pdf
12,1-s2.0-S0169555X20305249-main.pdf,test1/1-s2.0-S0169555X20305249-main.pdf,True,Zhang J et al.-2021-Geomorphology-Reconstructing the incision of the Lancang River Upper Mekong in southeastern Tibet below its prominent kn.pdf,Zhang J et al.-2021-Geomorphology-Reconstructing the incision of the Lancang River Upper Mekong in southeastern Tibet below its prominent kn.pdf,renamed,Renamed to: /Users/pz/VScode/OSL_source_ana/test1/Zhang J et al.-2021-Geomorphology-Reconstructing the incision of the Lancang River Upper Mekong in southeastern Tibet below its prominent kn.pdf
13,1-s2.0-S1871101423000018-main.pdf,test1/1-s2.0-S1871101423000018-main.pdf,True,Souza PE et al.-2023-Quaternary Geochronology-Quartz OSL sensitivity from dating data for provenance analysis of pleistocene and holocene fl.pdf,Souza PE et al.-2023-Quaternary Geochronology-Quartz OSL sensitivity from dating data for provenance analysis of pleistocene and holocene fl.pdf,renamed,Renamed to: /Users/pz/VScode/OSL_source_ana/test1/Souza PE et al.-2023-Quaternary Geochronology-Quartz OSL sensitivity from dating data for provenance analysis of pleistocene and holocene fl.pdf
14,10.13 - Quantifying Sediment (Dis)Connectivity in the Modeling of River Systems.pdf,test1/10.13 - Quantifying Sediment (Dis)Connectivity in the Modeling of River Systems.pdf,False,,,skipped,Not a research paper
15,111.pdf,test1/111.pdf,False,,,skipped,Not a research paper
16,1739174941_23156_c883db848c85f2a3f0d9ea924dc6e1e3.pdf,test1/1739174941_23156_c883db848c85f2a3f0d9ea924dc6e1e3.pdf,True,Lague D-2013-ESPL-The stream power river incision model evidence theory and beyond.pdf,Lague D-2013-ESPL-The stream power river incision model evidence theory and beyond.pdf,renamed,Renamed to: /Users/pz/VScode/OSL_source_ana/test1/Lague D-2013-ESPL-The stream power river incision model evidence theory and beyond.pdf
17,1739180411_94015_a145a3232da06bcc2f6c0f6aec2552d1.pdf,test1/1739180411_94015_a145a3232da06bcc2f6c0f6aec2552d1.pdf,True,Straub KM et al.-2020-JGR-Buffered incomplete and shredded The challenges of reading an imperfect stratigraphic record.pdf,Straub KM et al.-2020-JGR-Buffered incomplete and shredded The challenges of reading an imperfect stratigraphic record.pdf,renamed,Renamed to: /Users/pz/VScode/OSL_source_ana/test1/Straub KM et al.-2020-JGR-Buffered incomplete and shredded The challenges of reading an imperfect stratigraphic record.pdf
18,1756916460_71480_1b83ff7f2f439ffda396d6d7169df9ea.pdf,test1/1756916460_71480_1b83ff7f2f439ffda396d6d7169df9ea.pdf,True,Saucier RT-1996-Engineering Geology-A contemporary appraisal of some key Fiskian concepts with emphasis on Holocene meander belt formation and morphology.pdf,Saucier RT-1996-Engineering Geology-A contemporary appraisal of some key Fiskian concepts with emphasis on Holocene meander belt formation and morphology.pdf,renamed,Renamed to: /Users/pz/VScode/OSL_source_ana/test1/Saucier RT-1996-Engineering Geology-A contemporary appraisal of some key Fiskian concepts with emphasis on Holocene meander belt formation and morphology.pdf
19,1756927350_79612_5f38bf56dc9edc1fb95b804986314ebd_1756927265.pdf,test1/1756927350_79612_5f38bf56dc9edc1fb95b804986314ebd_1756927265.pdf,True,Wittmann H et al.-2011-Geology-Recycling of Amazon floodplain sediment quantified by cosmogenic 26Al and 10Be.pdf,Wittmann H et al.-2011-Geology-Recycling of Amazon floodplain sediment quantified by cosmogenic 26Al and 10Be.pdf,renamed,Renamed to: /Users/pz/VScode/OSL_source_ana/test1/Wittmann H et al.-2011-Geology-Recycling of Amazon floodplain sediment quantified by cosmogenic 26Al and 10Be.pdf
20,1999jb900120.pdf,test1/1999jb900120.pdf,True,Whipple KX & Tucker GE-1999-JGR-Dynamics of the stream-power river incision model Implications for height limits of mountain ranges landscap.pdf,Whipple KX & Tucker GE-1999-JGR-Dynamics of the stream-power river incision model Implications for height limits of mountain ranges landscap.pdf,renamed,Renamed to: /Users/pz/VScode/OSL_source_ana/test1/Whipple KX & Tucker GE-1999-JGR-Dynamics of the stream-power river incision model Implications for height limits of mountain ranges landscap.pdf
21,2003Lehmkuhletal_GeomorphologischeFormungs-undProzessregioneninZentralasien.pdf,test1/2003Lehmkuhletal_GeomorphologischeFormungs-undProzessregioneninZentralasien.pdf,True,Lehmkuhl F-1997-GR-The natural landscape of High Asia and Central Asia.pdf,Lehmkuhl F-1997-GR-The natural landscape of High Asia and Central Asia.pdf,renamed,Renamed to: /Users/pz/VScode/OSL_source_ana/test1/Lehmkuhl F-1997-GR-The natural landscape of High Asia and Central Asia.pdf
22,2009—2018年国内外...川沉积物研究现状及热点分析_张威.pdf,test1/2009—2018年国内外...川沉积物研究现状及热点分析_张威.pdf,True,张威 et al.-2020-JCNU-20092018年国内外冰川沉积物研究现状及热点分析.pdf,张威 et al.-2020-JCNU-20092018年国内外冰川沉积物研究现状及热点分析.pdf,renamed,Renamed to: /Users/pz/VScode/OSL_source_ana/test1/张威 et al.-2020-JCNU-20092018年国内外冰川沉积物研究现状及热点分析.pdf
23,2015_Schmidt_knickpoint+He+Yarlung.pdf,test1/2015_Schmidt_knickpoint+He+Yarlung.pdf,True,Schmidt J et al.-2015-EPSL-Knickpoint evolution on the Yarlung river Evidence for late Cenozoic uplift of the southeastern Tibetan plateau margin.pdf,Schmidt J et al.-2015-EPSL-Knickpoint evolution on the Yarlung river Evidence for late Cenozoic uplift of the southeastern Tibetan plateau margin.pdf,renamed,Renamed to: /Users/pz/VScode/OSL_source_ana/test1/Schmidt J et al.-2015-EPSL-Knickpoint evolution on the Yarlung river Evidence for late Cenozoic uplift of the southeastern Tibetan plateau margin.pdf
24,2016_Lanetal_SedimentConnectivity.pdf,test1/2016_Lanetal_SedimentConnectivity.pdf,True,Lane SN et al.-2016-Geomorphology-Sediment export transient landscape response and catchment-scale connectivity following rapid climate warm.pdf,Lane SN et al.-2016-Geomorphology-Sediment export transient landscape response and catchment-scale connectivity following rapid climate warm.pdf,renamed,Renamed to: /Users/pz/VScode/OSL_source_ana/test1/Lane SN et al.-2016-Geomorphology-Sediment export transient landscape response and catchment-scale connectivity following rapid climate warm.pdf
25,2017 南美填充-下切循环-EPSL-100 kyr fluvial cut-and-fill terrace cycles .pdf,test1/2017 南美填充-下切循环-EPSL-100 kyr fluvial cut-and-fill terrace cycles .pdf,True,Tofelde S et al.-2017-EPSL-100 kyr fluvial cut and fill terrace cycles since the Middle Pleistocene in the southern Central Andes NW Argentina.pdf,Tofelde S et al.-2017-EPSL-100 kyr fluvial cut and fill terrace cycles since the Middle Pleistocene in the southern Central Andes NW Argentina.pdf,renamed,Renamed to: /Users/pz/VScode/OSL_source_ana/test1/Tofelde S et al.-2017-EPSL-100 kyr fluvial cut and fill terrace cycles since the Middle Pleistocene in the southern Central Andes NW Argentina.pdf
26,2018-ShiX.-Earth_Surface_Processes_and_Landforms.pdf,test1/2018-ShiX.-Earth_Surface_Processes_and_Landforms.pdf,True,Shi X et al.-2018-ESPL-Spatiotemporal variations of suspended sediment transport in the upstream and midstream of the Yarlung Tsangpo River.pdf,Shi X et al.-2018-ESPL-Spatiotemporal variations of suspended sediment transport in the upstream and midstream of the Yarlung Tsangpo River.pdf,renamed,Renamed to: /Users/pz/VScode/OSL_source_ana/test1/Shi X et al.-2018-ESPL-Spatiotemporal variations of suspended sediment transport in the upstream and midstream of the Yarlung Tsangpo River.pdf
27,2020_Borgohain_QSR_Megafloods_Highdenudation_NamcheBarwa_all.pdf,test1/2020_Borgohain_QSR_Megafloods_Highdenudation_NamcheBarwa_all.pdf,True,Borgohain B-2020-QSR-Evidence of episodically accelerated denudation on the Namche Barwa massif by megafloods.pdf,Borgohain B-2020-QSR-Evidence of episodically accelerated denudation on the Namche Barwa massif by megafloods.pdf,renamed,Renamed to: /Users/pz/VScode/OSL_source_ana/test1/Borgohain B-2020-QSR-Evidence of episodically accelerated denudation on the Namche Barwa massif by megafloods.pdf
28,2020_Schwanghart_Geology_Divide mobility controls knickpoint migration on the Roan Plateau.pdf,test1/2020_Schwanghart_Geology_Divide mobility controls knickpoint migration on the Roan Plateau.pdf,True,Schwanghart W & Scherler D-2020-Geology-Divide mobility controls knickpoint migration on the Roan Plateau Colorado USA.pdf,Schwanghart W & Scherler D-2020-Geology-Divide mobility controls knickpoint migration on the Roan Plateau Colorado USA.pdf,renamed,Renamed to: /Users/pz/VScode/OSL_source_ana/test1/Schwanghart W & Scherler D-2020-Geology-Divide mobility controls knickpoint migration on the Roan Plateau Colorado USA.pdf
29,2023.2.25Xiongetal.JGREarthSurface.pdf,test1/2023.2.25Xiongetal.JGREarthSurface.pdf,True,Xiong J et al.-2023-JGRES-Proximal Supply in Loess Deposition of the Chinese Loess Plateau.pdf,Xiong J et al.-2023-JGRES-Proximal Supply in Loess Deposition of the Chinese Loess Plateau.pdf,renamed,Renamed to: /Users/pz/VScode/OSL_source_ana/test1/Xiong J et al.-2023-JGRES-Proximal Supply in Loess Deposition of the Chinese Loess Plateau.pdf
30,20250330-沈勤径-构造地质学与地球动力学.pdf,test1/20250330-沈勤径-构造地质学与地球动力学.pdf,False,,,skipped,Not a research paper
31,202506-沈勤径-释光灵敏度.pdf,test1/202506-沈勤径-释光灵敏度.pdf,False,,,skipped,Not a research paper
32,2025APLED_abstract_QJ Shen.pdf,test1/2025APLED_abstract_QJ Shen.pdf,True,Shen Q et al.-2025-AES-Glacial-Interglacial Shifts in Sediment Provenance Revealed by Luminescence Sensitivity Case Study Aba Basin Eastern Tibetan Plateau.pdf,Shen Q et al.-2025-AES-Glacial-Interglacial Shifts in Sediment Provenance Revealed by Luminescence Sensitivity Case Study Aba Basin Eastern Tibetan Plateau.pdf,renamed,Renamed to: /Users/pz/VScode/OSL_source_ana/test1/Shen Q et al.-2025-AES-Glacial-Interglacial Shifts in Sediment Provenance Revealed by Luminescence Sensitivity Case Study Aba Basin Eastern Tibetan Plateau.pdf
33,233407a0.pdf,test1/233407a0.pdf,True,Atkinson IAE & Swindale LD-1971-Nature-Experimental Study of Channel Patterns.pdf,Atkinson IAE & Swindale LD-1971-Nature-Experimental Study of Channel Patterns.pdf,renamed,Renamed to: /Users/pz/VScode/OSL_source_ana/test1/Atkinson IAE & Swindale LD-1971-Nature-Experimental Study of Channel Patterns.pdf
34,26Al and 10Be concentrations from alluvial drill cores across the Indo-Gangetic plain reveal multimillion-year sediment-transport lag times.pdf,test1/26Al and 10Be concentrations from alluvial drill cores across the Indo-Gangetic plain reveal multimillion-year sediment-transport lag times.pdf,True,Bhattacharjee S et al.-2023-EPSL-26Al and 10Be concentrations from alluvial drill cores across the IndoGangetic plain reveal multimillionyea.pdf,Bhattacharjee S et al.-2023-EPSL-26Al and 10Be concentrations from alluvial drill cores across the IndoGangetic plain reveal multimillionyea.pdf,renamed,Renamed to: /Users/pz/VScode/OSL_source_ana/test1/Bhattacharjee S et al.-2023-EPSL-26Al and 10Be concentrations from alluvial drill cores across the IndoGangetic plain reveal multimillionyea.pdf
35,3.U-Pb数据处理教程LA-ICP-MS数据处理步骤_修改(新).pdf,test1/3.U-Pb数据处理教程LA-ICP-MS数据处理步骤_修改(新).pdf,False,,,skipped,Not a research paper
36,4250021794_高精度年代学及物源示踪约束下的阿坝盆地源-汇系统与地貌演化.pdf,test1/4250021794_高精度年代学及物源示踪约束下的阿坝盆地源-汇系统与地貌演化.pdf,False,,,skipped,Not a research paper
37,48304.pdf,test1/48304.pdf,True,Bridgland D & Westaway R-2008-CCRTS-Climatically controlled river terrace staircases a worldwide Quaternary phenomenon.pdf,Bridgland D & Westaway R-2008-CCRTS-Climatically controlled river terrace staircases a worldwide Quaternary phenomenon.pdf,renamed,Renamed to: /Users/pz/VScode/OSL_source_ana/test1/Bridgland D & Westaway R-2008-CCRTS-Climatically controlled river terrace staircases a worldwide Quaternary phenomenon.pdf
38,5001224.pdf,test1/5001224.pdf,True,Yang R et al.-2020-EPSL-Early Pleistocene drainage pattern changes in Eastern Tibet Constraints from provenance analysis thermochronometry a.pdf,Yang R et al.-2020-EPSL-Early Pleistocene drainage pattern changes in Eastern Tibet Constraints from provenance analysis thermochronometry a.pdf,renamed,Renamed to: /Users/pz/VScode/OSL_source_ana/test1/Yang R et al.-2020-EPSL-Early Pleistocene drainage pattern changes in Eastern Tibet Constraints from provenance analysis thermochronometry a.pdf
39,AGU Advances - 2025 - Bernard - Production and Preservation of Elevated Low‐Relief Surfaces in Mountainous Landscapes by.pdf,test1/AGU Advances - 2025 - Bernard - Production and Preservation of Elevated Low‐Relief Surfaces in Mountainous Landscapes by.pdf,True,Bernard M et al.-2025-AGU Advances-Production and Preservation of Elevated Low Relief Surfaces in Mountainous Landscapes by Pliocene Quaternary Glaciations.pdf,Bernard M et al.-2025-AGU Advances-Production and Preservation of Elevated Low Relief Surfaces in Mountainous Landscapes by Pliocene Quaternary Glaciations.pdf,renamed,Renamed to: /Users/pz/VScode/OSL_source_ana/test1/Bernard M et al.-2025-AGU Advances-Production and Preservation of Elevated Low Relief Surfaces in Mountainous Landscapes by Pliocene Quaternary Glaciations.pdf
40,AOGS 2025 Membership Proof.pdf,test1/AOGS 2025 Membership Proof.pdf,False,,,skipped,Not a research paper
41,AOGS指南.pdf,test1/AOGS指南.pdf,False,,,skipped,Not a research paper
42,A_Simple_Agent-Based_Model_That_Reproduces_All_Typ.pdf,test1/A_Simple_Agent-Based_Model_That_Reproduces_All_Typ.pdf,True,Robson DT & Baas ACW-2023-GRL-A Simple Agent-Based Model That Reproduces All Types of Barchan Interactions.pdf,Robson DT & Baas ACW-2023-GRL-A Simple Agent-Based Model That Reproduces All Types of Barchan Interactions.pdf,renamed,Renamed to: /Users/pz/VScode/OSL_source_ana/test1/Robson DT & Baas ACW-2023-GRL-A Simple Agent-Based Model That Reproduces All Types of Barchan Interactions.pdf
43,Aitken-1998.pdf,test1/Aitken-1998.pdf,False,,,skipped,Not a research paper
44,"Alizai A et al.-2011-GPC-Sediment provenance, reworking and transport processes in the Indus River by U–Pb dating of detrital zircon grains.pdf","test1/Alizai A et al.-2011-GPC-Sediment provenance, reworking and transport processes in the Indus River by U–Pb dating of detrital zircon grains.pdf",True,Alizai A et al.-2011-GPC-Sediment provenance reworking and transport processes in the Indus River by UPb dating of detrital zircon grains.pdf,Alizai A et al.-2011-GPC-Sediment provenance reworking and transport processes in the Indus River by UPb dating of detrital zircon grains.pdf,renamed,Renamed to: /Users/pz/VScode/OSL_source_ana/test1/Alizai A et al.-2011-GPC-Sediment provenance reworking and transport processes in the Indus River by UPb dating of detrital zircon grains.pdf
45,Aridity is expressed in river topography globally.pdf,test1/Aridity is expressed in river topography globally.pdf,True,Chen SA et al.-2019-Nature-Aridity is expressed in river topography globally.pdf,Chen SA et al.-2019-Nature-Aridity is expressed in river topography globally.pdf,renamed,Renamed to: /Users/pz/VScode/OSL_source_ana/test1/Chen SA et al.-2019-Nature-Aridity is expressed in river topography globally.pdf
46,Armitage et al.-2018-ESD-Numerical modelling of landscape and sediment flux response to precipitation rate change.pdf,test1/Armitage et al.-2018-ESD-Numerical modelling of landscape and sediment flux response to precipitation rate change.pdf,True,Armitage J et al.-2018-ESD-Numerical modelling of landscape and sediment flux response to precipitation rate change.pdf,Armitage J et al.-2018-ESD-Numerical modelling of landscape and sediment flux response to precipitation rate change.pdf,renamed,Renamed to: /Users/pz/VScode/OSL_source_ana/test1/Armitage J et al.-2018-ESD-Numerical modelling of landscape and sediment flux response to precipitation rate change.pdf
47,Bacon manual – v2.3.9.1.pdf,test1/Bacon manual – v2.3.9.1.pdf,False,,,skipped,Not a research paper
48,Bae C et al.-2017-Science-On the origin of modern humans  Asian perspectives.pdf,test1/Bae C et al.-2017-Science-On the origin of modern humans  Asian perspectives.pdf,True,Bae CJ et al.-2017-Science-On the origin of modern humans Asian perspectives.pdf,Bae CJ et al.-2017-Science-On the origin of modern humans Asian perspectives.pdf,renamed,Renamed to: /Users/pz/VScode/OSL_source_ana/test1/Bae CJ et al.-2017-Science-On the origin of modern humans Asian perspectives.pdf
49,Ballantyne CK-2002-QSR-Paraglacial geomorphology.pdf,test1/Ballantyne CK-2002-QSR-Paraglacial geomorphology.pdf,True,Ballantyne CK-2002-QSR-Paraglacial geomorphology.pdf,Ballantyne CK-2002-QSR-Paraglacial geomorphology (2).pdf,renamed,Renamed to: /Users/pz/VScode/OSL_source_ana/test1/Ballantyne CK-2002-QSR-Paraglacial geomorphology (2).pdf
50,"Barker et al-2025-Science-Distinct roles for precession, obliquity, and eccentricity in Pleistocene 100-kyr glacial cycles.pdf","test1/Barker et al-2025-Science-Distinct roles for precession, obliquity, and eccentricity in Pleistocene 100-kyr glacial cycles.pdf",True,Barker S et al.-2025-Science-Distinct roles for precession obliquity and eccentricity in Pleistocene 100kyr glacial cycles.pdf,Barker S et al.-2025-Science-Distinct roles for precession obliquity and eccentricity in Pleistocene 100kyr glacial cycles.pdf,renamed,Renamed to: /Users/pz/VScode/OSL_source_ana/test1/Barker S et al.-2025-Science-Distinct roles for precession obliquity and eccentricity in Pleistocene 100kyr glacial cycles.pdf
51,Barnard PL et al.-2001-Geomorphology-Natural and human-induced landsliding in the Garhwal Himalaya of northern India.pdf,test1/Barnard PL et al.-2001-Geomorphology-Natural and human-induced landsliding in the Garhwal Himalaya of northern India.pdf,True,Barnard PL et al.-2001-Geomorphology-Natural and human-induced landsliding in the Garhwal Himalaya of northern India.pdf,Barnard PL et al.-2001-Geomorphology-Natural and human-induced landsliding in the Garhwal Himalaya of northern India (2).pdf,renamed,Renamed to: /Users/pz/VScode/OSL_source_ana/test1/Barnard PL et al.-2001-Geomorphology-Natural and human-induced landsliding in the Garhwal Himalaya of northern India (2).pdf
52,Barras C-2021-Nature-How did ancient humans learn to count.pdf,test1/Barras C-2021-Nature-How did ancient humans learn to count.pdf,True,Barras C-2021-Nature-HOW DID ANCIENT HUMANS LEARN TO COUNT.pdf,Barras C-2021-Nature-HOW DID ANCIENT HUMANS LEARN TO COUNT (2).pdf,renamed,Renamed to: /Users/pz/VScode/OSL_source_ana/test1/Barras C-2021-Nature-HOW DID ANCIENT HUMANS LEARN TO COUNT (2).pdf
53,Basso S et al.-2023-NG-Extreme flooding controlled by stream network organization and flow regime.pdf,test1/Basso S et al.-2023-NG-Extreme flooding controlled by stream network organization and flow regime.pdf,True,Basso S et al.-2023-NG-Extreme flooding controlled by stream network organization and flow regime.pdf,Basso S et al.-2023-NG-Extreme flooding controlled by stream network organization and flow regime (2).pdf,renamed,Renamed to: /Users/pz/VScode/OSL_source_ana/test1/Basso S et al.-2023-NG-Extreme flooding controlled by stream network organization and flow regime (2).pdf
54,BaynesE et al-2015-PNAS-Erosion during extreme flood events dominates Holocene canyon evolution in Iceland.pdf,test1/BaynesE et al-2015-PNAS-Erosion during extreme flood events dominates Holocene canyon evolution in Iceland.pdf,True,Baynes ERC et al.-2015-PNAS-Erosion during extreme flood events dominates Holocene canyon evolution in northeast Iceland.pdf,Baynes ERC et al.-2015-PNAS-Erosion during extreme flood events dominates Holocene canyon evolution in northeast Iceland.pdf,renamed,Renamed to: /Users/pz/VScode/OSL_source_ana/test1/Baynes ERC et al.-2015-PNAS-Erosion during extreme flood events dominates Holocene canyon evolution in northeast Iceland.pdf
55,Becerra-Valdivia L et al.-2017-JHE-Chronometric investigations of the Middle to Upper Paleolithic transition in the Zagros Mountains using AMS radiocarbon dating and Bayesian age modelling.pdf,test1/Becerra-Valdivia L et al.-2017-JHE-Chronometric investigations of the Middle to Upper Paleolithic transition in the Zagros Mountains using AMS radiocarbon dating and Bayesian age modelling.pdf,True,Becerra-Valdivia L et al.-2017-JHE-Chronometric investigations of the Middle to Upper Paleolithic transition in the Zagros Mountains using A.pdf,Becerra-Valdivia L et al.-2017-JHE-Chronometric investigations of the Middle to Upper Paleolithic transition in the Zagros Mountains using A.pdf,renamed,Renamed to: /Users/pz/VScode/OSL_source_ana/test1/Becerra-Valdivia L et al.-2017-JHE-Chronometric investigations of the Middle to Upper Paleolithic transition in the Zagros Mountains using A.pdf
56,"Blum M et al.-2013-ESR-Paleovalley systems, Insights from Quaternary analogs and experiments.pdf","test1/Blum M et al.-2013-ESR-Paleovalley systems, Insights from Quaternary analogs and experiments.pdf",True,Blum M et al.-2013-ESR-Paleovalley systems Insights from Quaternary analogs and experiments.pdf,Blum M et al.-2013-ESR-Paleovalley systems Insights from Quaternary analogs and experiments.pdf,renamed,Renamed to: /Users/pz/VScode/OSL_source_ana/test1/Blum M et al.-2013-ESR-Paleovalley systems Insights from Quaternary analogs and experiments.pdf
57,Bufe A et al.-2016-NG-luvial bevelling of topography controlled by lateral channel mobility and uplift rate..pdf,test1/Bufe A et al.-2016-NG-luvial bevelling of topography controlled by lateral channel mobility and uplift rate..pdf,True,Bufe A et al.-2016-NG-Fluvial bevelling of topography controlled by lateral channel mobility and uplift rate.pdf,Bufe A et al.-2016-NG-Fluvial bevelling of topography controlled by lateral channel mobility and uplift rate.pdf,renamed,Renamed to: /Users/pz/VScode/OSL_source_ana/test1/Bufe A et al.-2016-NG-Fluvial bevelling of topography controlled by lateral channel mobility and uplift rate.pdf
58,"Bufe A et al.-2017-JGR-Variations of Lateral Bedrock Erosion Rates ControlPlanation of Uplifting Folds in the Forelandof the Tian Shan, NW China.pdf","test1/Bufe A et al.-2017-JGR-Variations of Lateral Bedrock Erosion Rates ControlPlanation of Uplifting Folds in the Forelandof the Tian Shan, NW China.pdf",True,Bufe A et al.-2017-JGR-Variations of Lateral Bedrock Erosion Rates Control Planation of Uplifting Folds in the Foreland of the Tian Shan NW China.pdf,Bufe A et al.-2017-JGR-Variations of Lateral Bedrock Erosion Rates Control Planation of Uplifting Folds in the Foreland of the Tian Shan NW China.pdf,renamed,Renamed to: /Users/pz/VScode/OSL_source_ana/test1/Bufe A et al.-2017-JGR-Variations of Lateral Bedrock Erosion Rates Control Planation of Uplifting Folds in the Foreland of the Tian Shan NW China.pdf
59,"Bulur E et al.-2001-RM-LM-OSL signals from some insulators, an analysis of the dependency of the detrapping probability on stimulation light intensity.pdf","test1/Bulur E et al.-2001-RM-LM-OSL signals from some insulators, an analysis of the dependency of the detrapping probability on stimulation light intensity.pdf",True,Bulur E et al.-2001-RM-LM-OSL signals from some insulators an analysis of the dependency of the detrapping probability on stimulation light intensity.pdf,Bulur E et al.-2001-RM-LM-OSL signals from some insulators an analysis of the dependency of the detrapping probability on stimulation light intensity.pdf,renamed,Renamed to: /Users/pz/VScode/OSL_source_ana/test1/Bulur E et al.-2001-RM-LM-OSL signals from some insulators an analysis of the dependency of the detrapping probability on stimulation light intensity.pdf
60,Cai DX et al.-2023-CEE-Fault systems impede incision of the Yarlung river.pdf,test1/Cai DX et al.-2023-CEE-Fault systems impede incision of the Yarlung river.pdf,True,Cai D et al.-2023-CEE-Fault systems impede incision of the Yarlung river into the Tibetan plateau.pdf,Cai D et al.-2023-CEE-Fault systems impede incision of the Yarlung river into the Tibetan plateau.pdf,renamed,Renamed to: /Users/pz/VScode/OSL_source_ana/test1/Cai D et al.-2023-CEE-Fault systems impede incision of the Yarlung river into the Tibetan plateau.pdf
61,"Cao XL et al.-2022-FES-Spatiotemporal Variation of Late Quaternary River Incision Along the Heihe River in the Northeastern Tibetan Plateau, Constrained by Dating Fluvial Terraces.pdf","test1/Cao XL et al.-2022-FES-Spatiotemporal Variation of Late Quaternary River Incision Along the Heihe River in the Northeastern Tibetan Plateau, Constrained by Dating Fluvial Terraces.pdf",True,Cao X & Hu X-2022-FES-Spatiotemporal Variation of Late Quaternary River Incision Along the Heihe River in the Northeastern Tibetan Plateau C.pdf,Cao X & Hu X-2022-FES-Spatiotemporal Variation of Late Quaternary River Incision Along the Heihe River in the Northeastern Tibetan Plateau C.pdf,renamed,Renamed to: /Users/pz/VScode/OSL_source_ana/test1/Cao X & Hu X-2022-FES-Spatiotemporal Variation of Late Quaternary River Incision Along the Heihe River in the Northeastern Tibetan Plateau C.pdf
62,"Capaldi TN et al.-2022-QG-Downstream changes in quartz OSL sensitivity in modern river sand reflects sediment source variability, Case studies from Rocky Mountain and Andean rivers.pdf","test1/Capaldi TN et al.-2022-QG-Downstream changes in quartz OSL sensitivity in modern river sand reflects sediment source variability, Case studies from Rocky Mountain and Andean rivers.pdf",True,Capaldi TN et al.-2022-QG-Downstream changes in quartz OSL sensitivity in modern river sand reflects sediment source variability Case studie.pdf,Capaldi TN et al.-2022-QG-Downstream changes in quartz OSL sensitivity in modern river sand reflects sediment source variability Case studie.pdf,renamed,Renamed to: /Users/pz/VScode/OSL_source_ana/test1/Capaldi TN et al.-2022-QG-Downstream changes in quartz OSL sensitivity in modern river sand reflects sediment source variability Case studie.pdf
63,Carraro & Altermatt-CEE-2022-Optimal Channel Networks accurately model ecologically-relevant geomorphological features of branching river networks.pdf,test1/Carraro & Altermatt-CEE-2022-Optimal Channel Networks accurately model ecologically-relevant geomorphological features of branching river networks.pdf,True,Carraro L & Altermatt F-2022-CEE-Optimal Channel Networks accurately model ecologically-relevant geomorphological features of branching river networks.pdf,Carraro L & Altermatt F-2022-CEE-Optimal Channel Networks accurately model ecologically-relevant geomorphological features of branching river networks.pdf,renamed,Renamed to: /Users/pz/VScode/OSL_source_ana/test1/Carraro L & Altermatt F-2022-CEE-Optimal Channel Networks accurately model ecologically-relevant geomorphological features of branching river networks.pdf
64,Characterizing_the_transient_geomorphic_response_to_base_level_fall_in_the_northeastern_Tibetan_Plateau.pdf,test1/Characterizing_the_transient_geomorphic_response_to_base_level_fall_in_the_northeastern_Tibetan_Plateau.pdf,True,Zhang H et al.-2017-AGU-Characterizing the transient geomorphic response to base level fall in the northeastern Tibetan Plateau.pdf,Zhang H et al.-2017-AGU-Characterizing the transient geomorphic response to base level fall in the northeastern Tibetan Plateau.pdf,renamed,Renamed to: /Users/pz/VScode/OSL_source_ana/test1/Zhang H et al.-2017-AGU-Characterizing the transient geomorphic response to base level fall in the northeastern Tibetan Plateau.pdf
65,Chen FH et al.-2015-SR-East Asian summer monsoon precipitation variability since the last deglaciation..pdf,test1/Chen FH et al.-2015-SR-East Asian summer monsoon precipitation variability since the last deglaciation..pdf,True,Chen F et al.-2015-SR-East Asian summer monsoon precipitation variability since the last deglaciation.pdf,Chen F et al.-2015-SR-East Asian summer monsoon precipitation variability since the last deglaciation.pdf,renamed,Renamed to: /Users/pz/VScode/OSL_source_ana/test1/Chen F et al.-2015-SR-East Asian summer monsoon precipitation variability since the last deglaciation.pdf
66,Chen FH et al.-2015-Science-Agriculture facilitated permanent human occupation of the Tibetan Plateau after 3600 BP.pdf,test1/Chen FH et al.-2015-Science-Agriculture facilitated permanent human occupation of the Tibetan Plateau after 3600 BP.pdf,True,Chen F et al.-2015-Science-Agriculture facilitated permanent human occupation of the Tibetan Plateau after 3600 BP.pdf,Chen F et al.-2015-Science-Agriculture facilitated permanent human occupation of the Tibetan Plateau after 3600 BP.pdf,renamed,Renamed to: /Users/pz/VScode/OSL_source_ana/test1/Chen F et al.-2015-Science-Agriculture facilitated permanent human occupation of the Tibetan Plateau after 3600 BP.pdf
67,Chen XJ et al.-2023-JMS-Ice flux of alpine glaciers controls erosion and landscape in the Nianbaoyeze.pdf,test1/Chen XJ et al.-2023-JMS-Ice flux of alpine glaciers controls erosion and landscape in the Nianbaoyeze.pdf,True,Chen XJ et al.-2023-JMS-Ice flux of alpine glaciers controls erosion and landscape in the Nianbaoyeze Shan northeastern Tibetan Plateau.pdf,Chen XJ et al.-2023-JMS-Ice flux of alpine glaciers controls erosion and landscape in the Nianbaoyeze Shan northeastern Tibetan Plateau.pdf,renamed,Renamed to: /Users/pz/VScode/OSL_source_ana/test1/Chen XJ et al.-2023-JMS-Ice flux of alpine glaciers controls erosion and landscape in the Nianbaoyeze Shan northeastern Tibetan Plateau.pdf
68,Chen Y et al.-2021-CEE-Evolution of eastern Tibetan river systems is driven by the indentation of India.pdf,test1/Chen Y et al.-2021-CEE-Evolution of eastern Tibetan river systems is driven by the indentation of India.pdf,True,Chen Y et al.-2021-CEE-Evolution of eastern Tibetan river systems is driven by the indentation of India.pdf,Chen Y et al.-2021-CEE-Evolution of eastern Tibetan river systems is driven by the indentation of India (2).pdf,renamed,Renamed to: /Users/pz/VScode/OSL_source_ana/test1/Chen Y et al.-2021-CEE-Evolution of eastern Tibetan river systems is driven by the indentation of India (2).pdf
69,"Cheng et al-2016-nature-The Asian monsoon over the past 640,000 years and ice age terminations.pdf","test1/Cheng et al-2016-nature-The Asian monsoon over the past 640,000 years and ice age terminations.pdf",True,Cheng H et al.-2016-Nature-The Asian monsoon over the past 640000 years and ice age terminations.pdf,Cheng H et al.-2016-Nature-The Asian monsoon over the past 640000 years and ice age terminations.pdf,renamed,Renamed to: /Users/pz/VScode/OSL_source_ana/test1/Cheng H et al.-2016-Nature-The Asian monsoon over the past 640000 years and ice age terminations.pdf
70,Chronology-of-fluvial-terrace-sequences-for-large-Atlantic-r_2017_Quaternary.pdf,test1/Chronology-of-fluvial-terrace-sequences-for-large-Atlantic-r_2017_Quaternary.pdf,True,Silva PG et al.-2016-QSR-Chronology of fluvial terrace sequences for large Atlantic rivers in Iberian Peninsula Upper Tagus and Duero draina.pdf,Silva PG et al.-2016-QSR-Chronology of fluvial terrace sequences for large Atlantic rivers in Iberian Peninsula Upper Tagus and Duero draina.pdf,renamed,Renamed to: /Users/pz/VScode/OSL_source_ana/test1/Silva PG et al.-2016-QSR-Chronology of fluvial terrace sequences for large Atlantic rivers in Iberian Peninsula Upper Tagus and Duero draina.pdf
71,Clift PD et al.-2012-BS-Sediment Source-to-Sink Processes in the Indus River since the Last Glacial Maximum.pdf,test1/Clift PD et al.-2012-BS-Sediment Source-to-Sink Processes in the Indus River since the Last Glacial Maximum.pdf,True,Clift PD & Giosan L-2012-Sediment Source-to-Sink Processes in the Indus River since the Last Glacial Maximum.pdf,Clift PD & Giosan L-2012-Sediment Source-to-Sink Processes in the Indus River since the Last Glacial Maximum.pdf,renamed,Renamed to: /Users/pz/VScode/OSL_source_ana/test1/Clift PD & Giosan L-2012-Sediment Source-to-Sink Processes in the Indus River since the Last Glacial Maximum.pdf
72,Colarossi et al.-2015-GQ-Comparison of paired quartz OSL and feldspar post-IR IRSL dose distributions in poorly bleached fluvial sediments from South Africa.pdf,test1/Colarossi et al.-2015-GQ-Comparison of paired quartz OSL and feldspar post-IR IRSL dose distributions in poorly bleached fluvial sediments from South Africa.pdf,True,Colarossi D et al.-2015-QG-Comparison of paired quartz OSL and feldspar postIR IRSL dose distributions in poorly bleached fluvial sediments.pdf,Colarossi D et al.-2015-QG-Comparison of paired quartz OSL and feldspar postIR IRSL dose distributions in poorly bleached fluvial sediments.pdf,renamed,Renamed to: /Users/pz/VScode/OSL_source_ana/test1/Colarossi D et al.-2015-QG-Comparison of paired quartz OSL and feldspar postIR IRSL dose distributions in poorly bleached fluvial sediments.pdf
73,Controls-on-dryland-mountain-landscape-development-along-the-N_2017_Quaterna.pdf,test1/Controls-on-dryland-mountain-landscape-development-along-the-N_2017_Quaterna.pdf,True,Stokes M et al.-2017-QSR-Controls on dryland mountain landscape development along the NW Saharan desert margin Insights from Quaternary rive.pdf,Stokes M et al.-2017-QSR-Controls on dryland mountain landscape development along the NW Saharan desert margin Insights from Quaternary rive.pdf,renamed,Renamed to: /Users/pz/VScode/OSL_source_ana/test1/Stokes M et al.-2017-QSR-Controls on dryland mountain landscape development along the NW Saharan desert margin Insights from Quaternary rive.pdf
74,"Cordier S et al.-2017-QSR-Of ice and water, Quaternary fluvial response to glacial forcing.pdf","test1/Cordier S et al.-2017-QSR-Of ice and water, Quaternary fluvial response to glacial forcing.pdf",True,Cordier S et al.-2017-QSR-Of ice and water Quaternary fluvial response to glacial forcing.pdf,Cordier S et al.-2017-QSR-Of ice and water Quaternary fluvial response to glacial forcing.pdf,renamed,Renamed to: /Users/pz/VScode/OSL_source_ana/test1/Cordier S et al.-2017-QSR-Of ice and water Quaternary fluvial response to glacial forcing.pdf
75,Croissant T et al.-2017-NG-Rapid post-seismic landslide evacuation boosted by dynamic river width..pdf,test1/Croissant T et al.-2017-NG-Rapid post-seismic landslide evacuation boosted by dynamic river width..pdf,True,Croissant T et al.-2017-NG-Rapid post-seismic landslide evacuation boosted by dynamic river width.pdf,Croissant T et al.-2017-NG-Rapid post-seismic landslide evacuation boosted by dynamic river width.pdf,renamed,Renamed to: /Users/pz/VScode/OSL_source_ana/test1/Croissant T et al.-2017-NG-Rapid post-seismic landslide evacuation boosted by dynamic river width.pdf
76,"Cui FR et al.-2022-QG-Isolating quartz-dominated OSL signal of rock slice by using pulsed stimulation, Implications for dating burial age of cobbles.pdf","test1/Cui FR et al.-2022-QG-Isolating quartz-dominated OSL signal of rock slice by using pulsed stimulation, Implications for dating burial age of cobbles.pdf",True,Cui F et al.-2022-QG-Isolating quartz-dominated OSL signal of rock slice by using pulsed stimulation Implications for dating burial age of cobbles.pdf,Cui F et al.-2022-QG-Isolating quartz-dominated OSL signal of rock slice by using pulsed stimulation Implications for dating burial age of cobbles.pdf,renamed,Renamed to: /Users/pz/VScode/OSL_source_ana/test1/Cui F et al.-2022-QG-Isolating quartz-dominated OSL signal of rock slice by using pulsed stimulation Implications for dating burial age of cobbles.pdf
77,Dadson_et_al_2004_Geology_76085.pdf,test1/Dadson_et_al_2004_Geology_76085.pdf,True,Dadson SJ et al.-2004-Geology-Earthquake-triggered increase in sediment delivery from an active mountain belt.pdf,Dadson SJ et al.-2004-Geology-Earthquake-triggered increase in sediment delivery from an active mountain belt.pdf,renamed,Renamed to: /Users/pz/VScode/OSL_source_ana/test1/Dadson SJ et al.-2004-Geology-Earthquake-triggered increase in sediment delivery from an active mountain belt.pdf
78,DingZY_Geodema_2021_MuUs color.pdf,test1/DingZY_Geodema_2021_MuUs color.pdf,True,Ding Z et al.-2021-Geoderma-Early-Mid Holocene climatic changes inferred from colors of eolian deposits in the Mu Us Desert.pdf,Ding Z et al.-2021-Geoderma-Early-Mid Holocene climatic changes inferred from colors of eolian deposits in the Mu Us Desert.pdf,renamed,Renamed to: /Users/pz/VScode/OSL_source_ana/test1/Ding Z et al.-2021-Geoderma-Early-Mid Holocene climatic changes inferred from colors of eolian deposits in the Mu Us Desert.pdf
79,Dingetal.2021_Geochronometria_Post-IRIRSLchronologyofpaleo-lacustrinesedimentsfromYardangsintheQaidamBasinNETibetanPlateau.pdf,test1/Dingetal.2021_Geochronometria_Post-IRIRSLchronologyofpaleo-lacustrinesedimentsfromYardangsintheQaidamBasinNETibetanPlateau.pdf,True,Ding Z et al.-2021-Geochronometria-Post-IR IRSL chronology of paleo-lacustrine sediments from yardangs in the Qaidam Basin ne Tibetan Plateau.pdf,Ding Z et al.-2021-Geochronometria-Post-IR IRSL chronology of paleo-lacustrine sediments from yardangs in the Qaidam Basin ne Tibetan Plateau.pdf,renamed,Renamed to: /Users/pz/VScode/OSL_source_ana/test1/Ding Z et al.-2021-Geochronometria-Post-IR IRSL chronology of paleo-lacustrine sediments from yardangs in the Qaidam Basin ne Tibetan Plateau.pdf
80,Dong P-2022-FES-Advance of megadunes and its implications in the Badain Jaran Sand.pdf,test1/Dong P-2022-FES-Advance of megadunes and its implications in the Badain Jaran Sand.pdf,True,Dong P et al.-2022-FES-Advancement of Megadunes and its Implications in the Badain Jaran Sand Sea.pdf,Dong P et al.-2022-FES-Advancement of Megadunes and its Implications in the Badain Jaran Sand Sea.pdf,renamed,Renamed to: /Users/pz/VScode/OSL_source_ana/test1/Dong P et al.-2022-FES-Advancement of Megadunes and its Implications in the Badain Jaran Sand Sea.pdf
81,"Dong SP et al.-2022-Catena-Quantitative reconstruction of consecutive paleolake-level fluctuations by the groundwater recharged lake in the desert hinterland，A case study in the Badain Jaran Desert, Northwestern China.pdf","test1/Dong SP et al.-2022-Catena-Quantitative reconstruction of consecutive paleolake-level fluctuations by the groundwater recharged lake in the desert hinterland，A case study in the Badain Jaran Desert, Northwestern China.pdf",True,Dong SP et al.-2022-Catena-Quantitative reconstruction of consecutive paleolake-level fluctuations by the groundwater recharged lake in the.pdf,Dong SP et al.-2022-Catena-Quantitative reconstruction of consecutive paleolake-level fluctuations by the groundwater recharged lake in the.pdf,renamed,Renamed to: /Users/pz/VScode/OSL_source_ana/test1/Dong SP et al.-2022-Catena-Quantitative reconstruction of consecutive paleolake-level fluctuations by the groundwater recharged lake in the.pdf
82,Dosseto et al.-2010-Geology-Climatic and vegetation control on sediment dynamics during the last glacial cycle.pdf,test1/Dosseto et al.-2010-Geology-Climatic and vegetation control on sediment dynamics during the last glacial cycle.pdf,True,Dosseto A et al.-2010-Geology-Climatic and vegetation control on sediment dynamics during the last glacial cycle.pdf,Dosseto A et al.-2010-Geology-Climatic and vegetation control on sediment dynamics during the last glacial cycle.pdf,renamed,Renamed to: /Users/pz/VScode/OSL_source_ana/test1/Dosseto A et al.-2010-Geology-Climatic and vegetation control on sediment dynamics during the last glacial cycle.pdf
83,Duan Z et al-2021-EG-Interactions of landslide deposit with terrace sediments， Perspectives from velocity of deposit movement and apparent friction angle.pdf,test1/Duan Z et al-2021-EG-Interactions of landslide deposit with terrace sediments， Perspectives from velocity of deposit movement and apparent friction angle.pdf,True,Duan Z et al.-2021-EG-Interactions of landslide deposit with terrace sediments Perspectives from velocity of deposit movement and apparent friction angle.pdf,Duan Z et al.-2021-EG-Interactions of landslide deposit with terrace sediments Perspectives from velocity of deposit movement and apparent friction angle.pdf,renamed,Renamed to: /Users/pz/VScode/OSL_source_ana/test1/Duan Z et al.-2021-EG-Interactions of landslide deposit with terrace sediments Perspectives from velocity of deposit movement and apparent friction angle.pdf
84,"Duller-2008-Boreas-Single-grain optical dating of Quaternary sediments, why aliquot size matters in luminescence dating.pdf","test1/Duller-2008-Boreas-Single-grain optical dating of Quaternary sediments, why aliquot size matters in luminescence dating.pdf",True,Duller GAT-2008-Boreas-Single-grain optical dating of Quaternary sediments why aliquot size matters in luminescence dating.pdf,Duller GAT-2008-Boreas-Single-grain optical dating of Quaternary sediments why aliquot size matters in luminescence dating.pdf,renamed,Renamed to: /Users/pz/VScode/OSL_source_ana/test1/Duller GAT-2008-Boreas-Single-grain optical dating of Quaternary sediments why aliquot size matters in luminescence dating.pdf
85,"E CY et al.-2018-Boreas-Hebei loess section in the Anyemaqen Mountains, northeast Tibetan Plateau, a high-resolution luminescence chronology.pdf","test1/E CY et al.-2018-Boreas-Hebei loess section in the Anyemaqen Mountains, northeast Tibetan Plateau, a high-resolution luminescence chronology.pdf",True,E C et al.-2018-Boreas-Hebei loess section in the Anyemaqen Mountains northeast Tibetan Plateau a high-resolution luminescence chronology.pdf,E C et al.-2018-Boreas-Hebei loess section in the Anyemaqen Mountains northeast Tibetan Plateau a high-resolution luminescence chronology.pdf,renamed,Renamed to: /Users/pz/VScode/OSL_source_ana/test1/E C et al.-2018-Boreas-Hebei loess section in the Anyemaqen Mountains northeast Tibetan Plateau a high-resolution luminescence chronology.pdf
86,"E CY et al.-2018-The Holocene-A comparative study of radiocarbon dating on terrestrial organisms and fish from Qinghai Lake in the northeastern Tibetan Plateau, China.pdf","test1/E CY et al.-2018-The Holocene-A comparative study of radiocarbon dating on terrestrial organisms and fish from Qinghai Lake in the northeastern Tibetan Plateau, China.pdf",True,ChongYi E et al.-2018-HOL-A comparative study of radiocarbon dating on terrestrial organisms and fish from Qinghai Lake in the northeastern.pdf,ChongYi E et al.-2018-HOL-A comparative study of radiocarbon dating on terrestrial organisms and fish from Qinghai Lake in the northeastern.pdf,renamed,Renamed to: /Users/pz/VScode/OSL_source_ana/test1/ChongYi E et al.-2018-HOL-A comparative study of radiocarbon dating on terrestrial organisms and fish from Qinghai Lake in the northeastern.pdf
87,Editors--amp--Editorial-board_2017_Quaternary-Science-Reviews.pdf,test1/Editors--amp--Editorial-board_2017_Quaternary-Science-Reviews.pdf,False,,,skipped,Not a research paper
88,Egholm DL et al.-2013-Nature-Lifespan of mountain ranges scaled by feedbacks between landsliding and erosion by rivers.pdf,test1/Egholm DL et al.-2013-Nature-Lifespan of mountain ranges scaled by feedbacks between landsliding and erosion by rivers.pdf,True,Egholm DL et al.-2013-Nature-Lifespan of mountain ranges scaled by feedbacks between landsliding and erosion by rivers.pdf,Egholm DL et al.-2013-Nature-Lifespan of mountain ranges scaled by feedbacks between landsliding and erosion by rivers (2).pdf,renamed,Renamed to: /Users/pz/VScode/OSL_source_ana/test1/Egholm DL et al.-2013-Nature-Lifespan of mountain ranges scaled by feedbacks between landsliding and erosion by rivers (2).pdf
89,Enhanced provenance interpretation using combined U_Pb and U_Th_He double dating of detrital zircon grains from lower Miocene strata.pdf,test1/Enhanced provenance interpretation using combined U_Pb and U_Th_He double dating of detrital zircon grains from lower Miocene strata.pdf,True,Xu J et al.-2017-EPSL-Enhanced provenance interpretation using combined U-Pb and U-Th-He double dating of detrital zircon grains from lower Miocene strata.pdf,Xu J et al.-2017-EPSL-Enhanced provenance interpretation using combined U-Pb and U-Th-He double dating of detrital zircon grains from lower Miocene strata.pdf,renamed,Renamed to: /Users/pz/VScode/OSL_source_ana/test1/Xu J et al.-2017-EPSL-Enhanced provenance interpretation using combined U-Pb and U-Th-He double dating of detrital zircon grains from lower Miocene strata.pdf
90,Evolution-of-the-alluvial-fans-of-the-Luo-River-in-the-Weihe-B_2017_Quaterna.pdf,test1/Evolution-of-the-alluvial-fans-of-the-Luo-River-in-the-Weihe-B_2017_Quaterna.pdf,True,Rits DS et al.-2017-QSR-Evolution of the alluvial fans of the Luo River in the Weihe Basin central China controlled by faulting and climate.pdf,Rits DS et al.-2017-QSR-Evolution of the alluvial fans of the Luo River in the Weihe Basin central China controlled by faulting and climate.pdf,renamed,Renamed to: /Users/pz/VScode/OSL_source_ana/test1/Rits DS et al.-2017-QSR-Evolution of the alluvial fans of the Luo River in the Weihe Basin central China controlled by faulting and climate.pdf
91,Finnegan et al.-2014-Nature-A signature of transience in bedrock river incision rates over timescales of 10(4)-10(7) years.pdf,test1/Finnegan et al.-2014-Nature-A signature of transience in bedrock river incision rates over timescales of 10(4)-10(7) years.pdf,True,Schumer R & Finnegan S-2014-Nature-A signature of transience in bedrock river incision rates over timescales of 104-107 years.pdf,Schumer R & Finnegan S-2014-Nature-A signature of transience in bedrock river incision rates over timescales of 104-107 years.pdf,renamed,Renamed to: /Users/pz/VScode/OSL_source_ana/test1/Schumer R & Finnegan S-2014-Nature-A signature of transience in bedrock river incision rates over timescales of 104-107 years.pdf
92,Finnegan et al.-2014-Nature-A signature of transience in bedrock river incision rates over timescales of 104 –107 years.pdf,test1/Finnegan et al.-2014-Nature-A signature of transience in bedrock river incision rates over timescales of 104 –107 years.pdf,True,Finnegan NJ et al.-2014-Nature-A signature of transience in bedrock river incision rates over timescales of 104107 years.pdf,Finnegan NJ et al.-2014-Nature-A signature of transience in bedrock river incision rates over timescales of 104107 years.pdf,renamed,Renamed to: /Users/pz/VScode/OSL_source_ana/test1/Finnegan NJ et al.-2014-Nature-A signature of transience in bedrock river incision rates over timescales of 104107 years.pdf
93,Fisher GB et al.-2023-NC-Milankovitch-paced erosion in the southern Central Andes.pdf,test1/Fisher GB et al.-2023-NC-Milankovitch-paced erosion in the southern Central Andes.pdf,True,Fisher GB et al.-2023-NC-Milankovitch-paced erosion in the southern Central Andes.pdf,Fisher GB et al.-2023-NC-Milankovitch-paced erosion in the southern Central Andes (2).pdf,renamed,Renamed to: /Users/pz/VScode/OSL_source_ana/test1/Fisher GB et al.-2023-NC-Milankovitch-paced erosion in the southern Central Andes (2).pdf
94,Fluvial-archives--a-valuable-record-of-vertical-cru_2017_Quaternary-Science-.pdf,test1/Fluvial-archives--a-valuable-record-of-vertical-cru_2017_Quaternary-Science-.pdf,True,Demoulin A et al.-2016-QSR-Fluvial archives a valuable record of vertical crustal deformation.pdf,Demoulin A et al.-2016-QSR-Fluvial archives a valuable record of vertical crustal deformation.pdf,renamed,Renamed to: /Users/pz/VScode/OSL_source_ana/test1/Demoulin A et al.-2016-QSR-Fluvial archives a valuable record of vertical crustal deformation.pdf
95,Fluvial-deposits-as-an-archive-of-early-human-activity--P_2017_Quaternary-Sc.pdf,test1/Fluvial-deposits-as-an-archive-of-early-human-activity--P_2017_Quaternary-Sc.pdf,True,Chauhan PR et al.-2017-QSR-Fluvial deposits as an archive of early human activity Progress during the 20 years of the Fluvial Archives Group.pdf,Chauhan PR et al.-2017-QSR-Fluvial deposits as an archive of early human activity Progress during the 20 years of the Fluvial Archives Group.pdf,renamed,Renamed to: /Users/pz/VScode/OSL_source_ana/test1/Chauhan PR et al.-2017-QSR-Fluvial deposits as an archive of early human activity Progress during the 20 years of the Fluvial Archives Group.pdf
96,Fossils-from-Quaternary-fluvial-archives--Sources-of-biost_2017_Quaternary-S.pdf,test1/Fossils-from-Quaternary-fluvial-archives--Sources-of-biost_2017_Quaternary-S.pdf,True,White TS et al.-2017-QSR-Fossils from Quaternary fluvial archives Sources of biostratigraphical biogeographical and palaeoclimatic evidence.pdf,White TS et al.-2017-QSR-Fossils from Quaternary fluvial archives Sources of biostratigraphical biogeographical and palaeoclimatic evidence.pdf,renamed,Renamed to: /Users/pz/VScode/OSL_source_ana/test1/White TS et al.-2017-QSR-Fossils from Quaternary fluvial archives Sources of biostratigraphical biogeographical and palaeoclimatic evidence.pdf
97,"Foster et al.-2017-Geomorphology-Dating of river terraces along Lefthand Creek, western High Plains, Colorado, reveals punctuated incision.pdf","test1/Foster et al.-2017-Geomorphology-Dating of river terraces along Lefthand Creek, western High Plains, Colorado, reveals punctuated incision.pdf",True,Foster MA et al.-2017-Geomorphology-Dating of river terraces along Lefthand Creek western High Plains Colorado reveals punctuated incision.pdf,Foster MA et al.-2017-Geomorphology-Dating of river terraces along Lefthand Creek western High Plains Colorado reveals punctuated incision.pdf,renamed,Renamed to: /Users/pz/VScode/OSL_source_ana/test1/Foster MA et al.-2017-Geomorphology-Dating of river terraces along Lefthand Creek western High Plains Colorado reveals punctuated incision.pdf
98,GEOMOR-12492_R1.pdf,test1/GEOMOR-12492_R1.pdf,True,Shen Q et al.-2024-Geomorphology-Late Quaternary river evolution and its response to climate changes in the upper Mekong River of the Qingha.pdf,Shen Q et al.-2024-Geomorphology-Late Quaternary river evolution and its response to climate changes in the upper Mekong River of the Qingha.pdf,renamed,Renamed to: /Users/pz/VScode/OSL_source_ana/test1/Shen Q et al.-2024-Geomorphology-Late Quaternary river evolution and its response to climate changes in the upper Mekong River of the Qingha.pdf
99,Gallen et al.-2015-Geology-The dynamic reference frame of rivers and apparent transience in incision rates.pdf,test1/Gallen et al.-2015-Geology-The dynamic reference frame of rivers and apparent transience in incision rates.pdf,True,Gallen SF et al.-2015-Geology-The dynamic reference frame of rivers and apparent transience in incision rates.pdf,Gallen SF et al.-2015-Geology-The dynamic reference frame of rivers and apparent transience in incision rates.pdf,renamed,Renamed to: /Users/pz/VScode/OSL_source_ana/test1/Gallen SF et al.-2015-Geology-The dynamic reference frame of rivers and apparent transience in incision rates.pdf
100,"Gao HS et al.-2016-Geomorhpology-Fluvial responses to late Quaternary climate change in the Shiyang River drainage system, western China.pdf","test1/Gao HS et al.-2016-Geomorhpology-Fluvial responses to late Quaternary climate change in the Shiyang River drainage system, western China.pdf",True,Gao H et al.-2016-Geomorphology-Fluvial responses to late Quaternary climate change in the Shiyang River drainage system western China.pdf,Gao H et al.-2016-Geomorphology-Fluvial responses to late Quaternary climate change in the Shiyang River drainage system western China.pdf,renamed,Renamed to: /Users/pz/VScode/OSL_source_ana/test1/Gao H et al.-2016-Geomorphology-Fluvial responses to late Quaternary climate change in the Shiyang River drainage system western China.pdf
101,Gao L et al.-2022-MPG-Luminescence dating of a sedimentary sequence in the eastern North__Yellow Sea.pdf,test1/Gao L et al.-2022-MPG-Luminescence dating of a sedimentary sequence in the eastern North__Yellow Sea.pdf,True,Gao L et al.-2022-MPG-Luminescence dating of a sedimentary sequence in the eastern North Yellow Sea.pdf,Gao L et al.-2022-MPG-Luminescence dating of a sedimentary sequence in the eastern North Yellow Sea.pdf,renamed,Renamed to: /Users/pz/VScode/OSL_source_ana/test1/Gao L et al.-2022-MPG-Luminescence dating of a sedimentary sequence in the eastern North Yellow Sea.pdf
102,Ge Y et al.-2023-Geomorphology-Incision history of the Mekong River valley revealed by spatially differential exhumation.pdf,test1/Ge Y et al.-2023-Geomorphology-Incision history of the Mekong River valley revealed by spatially differential exhumation.pdf,True,Ge Y et al.-2023-Geomorphology-Incision history of the Mekong River valley revealed by spatially differential exhumation.pdf,Ge Y et al.-2023-Geomorphology-Incision history of the Mekong River valley revealed by spatially differential exhumation (2).pdf,renamed,Renamed to: /Users/pz/VScode/OSL_source_ana/test1/Ge Y et al.-2023-Geomorphology-Incision history of the Mekong River valley revealed by spatially differential exhumation (2).pdf
103,GeomorphMetamorphism.pdf,test1/GeomorphMetamorphism.pdf,True,Zeitler P et al.-2001-GSA Today-Erosion Himalayan Geodynamics and the Geomorphology of Metamorphism.pdf,Zeitler P et al.-2001-GSA Today-Erosion Himalayan Geodynamics and the Geomorphology of Metamorphism.pdf,renamed,Renamed to: /Users/pz/VScode/OSL_source_ana/test1/Zeitler P et al.-2001-GSA Today-Erosion Himalayan Geodynamics and the Geomorphology of Metamorphism.pdf
104,GeomorphologicevidenceofphasedupliftofthenortheasternQinghai-TibetPlateausince14millionyearsago.pdf,test1/GeomorphologicevidenceofphasedupliftofthenortheasternQinghai-TibetPlateausince14millionyearsago.pdf,True,Lu H et al.-2004-GEPUQTP-Geomorphologic evidence of phased uplift of the northeastern Qinghai-Tibet Plateau since 14 million years ago.pdf,Lu H et al.-2004-GEPUQTP-Geomorphologic evidence of phased uplift of the northeastern Qinghai-Tibet Plateau since 14 million years ago.pdf,renamed,Renamed to: /Users/pz/VScode/OSL_source_ana/test1/Lu H et al.-2004-GEPUQTP-Geomorphologic evidence of phased uplift of the northeastern Qinghai-Tibet Plateau since 14 million years ago.pdf
105,Geophysical Research Letters - 2022 - Luo - A Novel Approach for Reconstructing Slip Histories for Bedrock Fault Scarps.pdf,test1/Geophysical Research Letters - 2022 - Luo - A Novel Approach for Reconstructing Slip Histories for Bedrock Fault Scarps.pdf,True,Luo M et al.-2022-GRL-A Novel Approach for Reconstructing Slip Histories for Bedrock Fault Scarps Using Rock Surface Luminescence Dating.pdf,Luo M et al.-2022-GRL-A Novel Approach for Reconstructing Slip Histories for Bedrock Fault Scarps Using Rock Surface Luminescence Dating.pdf,renamed,Renamed to: /Users/pz/VScode/OSL_source_ana/test1/Luo M et al.-2022-GRL-A Novel Approach for Reconstructing Slip Histories for Bedrock Fault Scarps Using Rock Surface Luminescence Dating.pdf
106,Giosan L et al.-2012-PNAS-Fluvial landscapes of the Harappan civilization.pdf,test1/Giosan L et al.-2012-PNAS-Fluvial landscapes of the Harappan civilization.pdf,True,Giosan L et al.-2012-PNAS-Fluvial landscapes of the Harappan civilization.pdf,Giosan L et al.-2012-PNAS-Fluvial landscapes of the Harappan civilization (2).pdf,renamed,Renamed to: /Users/pz/VScode/OSL_source_ana/test1/Giosan L et al.-2012-PNAS-Fluvial landscapes of the Harappan civilization (2).pdf
107,Glacial geomorphology of the Bayan Har.pdf,test1/Glacial geomorphology of the Bayan Har.pdf,True,Heyman J et al.-2008-JM-Glacial geomorphology of the Bayan Har sector of the NE Tibetan Plateau.pdf,Heyman J et al.-2008-JM-Glacial geomorphology of the Bayan Har sector of the NE Tibetan Plateau.pdf,renamed,Renamed to: /Users/pz/VScode/OSL_source_ana/test1/Heyman J et al.-2008-JM-Glacial geomorphology of the Bayan Har sector of the NE Tibetan Plateau.pdf
108,GodardV etal-2014-Geology-Dominance of tectonics over climate in Himalayan denudation.pdf,test1/GodardV etal-2014-Geology-Dominance of tectonics over climate in Himalayan denudation.pdf,True,Godard V et al.-2014-Geology-Dominance of tectonics over climate in Himalayan denudation.pdf,Godard V et al.-2014-Geology-Dominance of tectonics over climate in Himalayan denudation.pdf,renamed,Renamed to: /Users/pz/VScode/OSL_source_ana/test1/Godard V et al.-2014-Geology-Dominance of tectonics over climate in Himalayan denudation.pdf
109,Gorin AL et al.-2024-Science-Recent tropical Andean glacier retreat is unprecedented in the Holocene.pdf,test1/Gorin AL et al.-2024-Science-Recent tropical Andean glacier retreat is unprecedented in the Holocene.pdf,True,Gorin AL et al.-2024-Science-Recent tropical Andean glacier retreat is unprecedented in the Holocene.pdf,Gorin AL et al.-2024-Science-Recent tropical Andean glacier retreat is unprecedented in the Holocene (2).pdf,renamed,Renamed to: /Users/pz/VScode/OSL_source_ana/test1/Gorin AL et al.-2024-Science-Recent tropical Andean glacier retreat is unprecedented in the Holocene (2).pdf
110,Goswami K et al.-2024-QG-Luminescence for sedimentary provenance quantification in river basins A methodological advancement.pdf,test1/Goswami K et al.-2024-QG-Luminescence for sedimentary provenance quantification in river basins A methodological advancement.pdf,True,Goswami K et al.-2024-QG-Luminescence for sedimentary provenance quantification in river basins A methodological advancement.pdf,Goswami K et al.-2024-QG-Luminescence for sedimentary provenance quantification in river basins A methodological advancement (2).pdf,renamed,Renamed to: /Users/pz/VScode/OSL_source_ana/test1/Goswami K et al.-2024-QG-Luminescence for sedimentary provenance quantification in river basins A methodological advancement (2).pdf
111,"Goswami K et al.-2024-QG-Luminescence for sedimentary provenance quantification in river basins, A methodological advancement.pdf","test1/Goswami K et al.-2024-QG-Luminescence for sedimentary provenance quantification in river basins, A methodological advancement.pdf",True,Goswami K et al.-2024-QG-Luminescence for sedimentary provenance quantification in river basins A methodological advancement.pdf,Goswami K et al.-2024-QG-Luminescence for sedimentary provenance quantification in river basins A methodological advancement.pdf,renamed,Renamed to: /Users/pz/VScode/OSL_source_ana/test1/Goswami K et al.-2024-QG-Luminescence for sedimentary provenance quantification in river basins A methodological advancement.pdf
112,Guide for authors - Earth and Planetary Science Letters - ISSN 0012-821X _ ScienceDirect.com by Elsevier.pdf,test1/Guide for authors - Earth and Planetary Science Letters - ISSN 0012-821X _ ScienceDirect.com by Elsevier.pdf,False,,,skipped,Not a research paper
113,Gupta A-2007-Large Rivers_Geomorphology and Management.pdf,test1/Gupta A-2007-Large Rivers_Geomorphology and Management.pdf,False,,,skipped,Not a research paper
114,"Gutierrez & Stockli-2023-Geology-Fluvial response to Late Pleistocene−Holocene climate change in the Colorado River drainage, central Texas, USA.pdf","test1/Gutierrez & Stockli-2023-Geology-Fluvial response to Late Pleistocene−Holocene climate change in the Colorado River drainage, central Texas, USA.pdf",True,Gutierrez EG & Stockli DF-2023-Geology-Fluvial response to Late PleistoceneHolocene climate change in the Colorado River drainage central Texas USA.pdf,Gutierrez EG & Stockli DF-2023-Geology-Fluvial response to Late PleistoceneHolocene climate change in the Colorado River drainage central Texas USA.pdf,renamed,Renamed to: /Users/pz/VScode/OSL_source_ana/test1/Gutierrez EG & Stockli DF-2023-Geology-Fluvial response to Late PleistoceneHolocene climate change in the Colorado River drainage central Texas USA.pdf
115,Haffman-2015-ESR-Sediment residence time and connectivity in non-equilibrium and transient geomorphic systems.pdf,test1/Haffman-2015-ESR-Sediment residence time and connectivity in non-equilibrium and transient geomorphic systems.pdf,True,Hoffmann T-2015-ESR-Sediment residence time and connectivity in non-equilibrium and transient geomorphic systems.pdf,Hoffmann T-2015-ESR-Sediment residence time and connectivity in non-equilibrium and transient geomorphic systems.pdf,renamed,Renamed to: /Users/pz/VScode/OSL_source_ana/test1/Hoffmann T-2015-ESR-Sediment residence time and connectivity in non-equilibrium and transient geomorphic systems.pdf
116,Harrison et al.-2019-RG-Luminescence as a Sediment Tracer and Provenance Tool.pdf,test1/Harrison et al.-2019-RG-Luminescence as a Sediment Tracer and Provenance Tool.pdf,True,Gray HJ et al.-2019-RG-Luminescence as a Sediment Tracer and Provenance Tool.pdf,Gray HJ et al.-2019-RG-Luminescence as a Sediment Tracer and Provenance Tool.pdf,renamed,Renamed to: /Users/pz/VScode/OSL_source_ana/test1/Gray HJ et al.-2019-RG-Luminescence as a Sediment Tracer and Provenance Tool.pdf
117,"Hassenruck-Gudipati HJ et al.-2022-ESD-A multi-proxy assessment of terrace formation in the lower Trinity River valley, Texas.pdf","test1/Hassenruck-Gudipati HJ et al.-2022-ESD-A multi-proxy assessment of terrace formation in the lower Trinity River valley, Texas.pdf",True,Hassenrück-Gudipati HJ et al.-2022-ESD-A multi-proxy assessment of terrace formation in the lower Trinity River valley Texas.pdf,Hassenrück-Gudipati HJ et al.-2022-ESD-A multi-proxy assessment of terrace formation in the lower Trinity River valley Texas.pdf,renamed,Renamed to: /Users/pz/VScode/OSL_source_ana/test1/Hassenrück-Gudipati HJ et al.-2022-ESD-A multi-proxy assessment of terrace formation in the lower Trinity River valley Texas.pdf
118,Herman 2010.pdf,test1/Herman 2010.pdf,True,Herman F et al.-2010-EPSL-Uniform erosion rates and relief amplitude during glacial cycles in the Southern Alps of New Zealand as revealed f.pdf,Herman F et al.-2010-EPSL-Uniform erosion rates and relief amplitude during glacial cycles in the Southern Alps of New Zealand as revealed f.pdf,renamed,Renamed to: /Users/pz/VScode/OSL_source_ana/test1/Herman F et al.-2010-EPSL-Uniform erosion rates and relief amplitude during glacial cycles in the Southern Alps of New Zealand as revealed f.pdf
119,"Hetzel et al.-2004-tectonics-Late Pleistocene-Holocene slip rate of the Zhangye thrust (Qilian Shan, China) and implications for the active growth.pdf","test1/Hetzel et al.-2004-tectonics-Late Pleistocene-Holocene slip rate of the Zhangye thrust (Qilian Shan, China) and implications for the active growth.pdf",True,Hetzel R et al.-2004-Tectonics-Late Pleistocene Holocene slip rate of the Zhangye thrust Qilian Shan China and implications for the active g.pdf,Hetzel R et al.-2004-Tectonics-Late Pleistocene Holocene slip rate of the Zhangye thrust Qilian Shan China and implications for the active g.pdf,renamed,Renamed to: /Users/pz/VScode/OSL_source_ana/test1/Hetzel R et al.-2004-Tectonics-Late Pleistocene Holocene slip rate of the Zhangye thrust Qilian Shan China and implications for the active g.pdf
120,Hetzel et al.-2019-EPSL-A constant slip rate for the western Qilian Shan frontal thrust during the last 200 ka consistent with GPS-derived and geological shortening rates..pdf,test1/Hetzel et al.-2019-EPSL-A constant slip rate for the western Qilian Shan frontal thrust during the last 200 ka consistent with GPS-derived and geological shortening rates..pdf,True,Hetzel R et al.-2019-EPSL-A constant slip rate for the western Qilian Shan frontal thrust during the last 200 ka consistent with GPS-derived.pdf,Hetzel R et al.-2019-EPSL-A constant slip rate for the western Qilian Shan frontal thrust during the last 200 ka consistent with GPS-derived.pdf,renamed,Renamed to: /Users/pz/VScode/OSL_source_ana/test1/Hetzel R et al.-2019-EPSL-A constant slip rate for the western Qilian Shan frontal thrust during the last 200 ka consistent with GPS-derived.pdf
121,"Hilley & Strecker-2005-GSAB-Processes of oscillatory basin filling and excavation in a tectonically active orogen, Quebrada del Toro Basin, NW Argentina.pdf","test1/Hilley & Strecker-2005-GSAB-Processes of oscillatory basin filling and excavation in a tectonically active orogen, Quebrada del Toro Basin, NW Argentina.pdf",True,Hilley GE & Strecker MR-2005-GSAB-Processes of oscillatory basin filling and excavation in a tectonically active orogen Quebrada del Toro Basin NW Argentina.pdf,Hilley GE & Strecker MR-2005-GSAB-Processes of oscillatory basin filling and excavation in a tectonically active orogen Quebrada del Toro Basin NW Argentina.pdf,renamed,Renamed to: /Users/pz/VScode/OSL_source_ana/test1/Hilley GE & Strecker MR-2005-GSAB-Processes of oscillatory basin filling and excavation in a tectonically active orogen Quebrada del Toro Basin NW Argentina.pdf
122,Hillslope_Sediment_Supply_Limits_Alluvial_Valley_W.pdf,test1/Hillslope_Sediment_Supply_Limits_Alluvial_Valley_W.pdf,True,Tofelde S et al.-2022-AGUA-Hillslope Sediment Supply Limits Alluvial Valley Width.pdf,Tofelde S et al.-2022-AGUA-Hillslope Sediment Supply Limits Alluvial Valley Width.pdf,renamed,Renamed to: /Users/pz/VScode/OSL_source_ana/test1/Tofelde S et al.-2022-AGUA-Hillslope Sediment Supply Limits Alluvial Valley Width.pdf
123,Holocene moist period recorded by the chronostratigraphy of a lake sedimentary.pdf,test1/Holocene moist period recorded by the chronostratigraphy of a lake sedimentary.pdf,True,Long H et al.-2011-QG-Holocene moist period recorded by chronostratigraphy of lake sedimentary sequence from Lake Tangra Yumco on south Tibetan Plateau.pdf,Long H et al.-2011-QG-Holocene moist period recorded by chronostratigraphy of lake sedimentary sequence from Lake Tangra Yumco on south Tibetan Plateau.pdf,renamed,Renamed to: /Users/pz/VScode/OSL_source_ana/test1/Long H et al.-2011-QG-Holocene moist period recorded by chronostratigraphy of lake sedimentary sequence from Lake Tangra Yumco on south Tibetan Plateau.pdf
124,How “wet islands” form – A case study of the Qilian Mountains on the arid northern Tibetan Plateau during the Middle Miocene.pdf,test1/How “wet islands” form – A case study of the Qilian Mountains on the arid northern Tibetan Plateau during the Middle Miocene.pdf,True,Yang Y et al.-2025-ESR-How wet islands form A case study of the Qilian Mountains on the arid northern Tibetan Plateau during the Middle Miocene.pdf,Yang Y et al.-2025-ESR-How wet islands form A case study of the Qilian Mountains on the arid northern Tibetan Plateau during the Middle Miocene.pdf,renamed,Renamed to: /Users/pz/VScode/OSL_source_ana/test1/Yang Y et al.-2025-ESR-How wet islands form A case study of the Qilian Mountains on the arid northern Tibetan Plateau during the Middle Miocene.pdf
125,"Hu KH et al.-2021-Recurrent dammed-lake outburst superfloods in the Yigong river, southeastern margin of the Tibet.pdf","test1/Hu KH et al.-2021-Recurrent dammed-lake outburst superfloods in the Yigong river, southeastern margin of the Tibet.pdf",True,Hu K et al.-2021-RS-Recurrent dammed-lake outburst superfloods in the Yigong river southeastern margin of the Tibet.pdf,Hu K et al.-2021-RS-Recurrent dammed-lake outburst superfloods in the Yigong river southeastern margin of the Tibet.pdf,renamed,Renamed to: /Users/pz/VScode/OSL_source_ana/test1/Hu K et al.-2021-RS-Recurrent dammed-lake outburst superfloods in the Yigong river southeastern margin of the Tibet.pdf
126,"Hu XF et al.-2013-Tectonics-Rates and kinematics of active shortening along the eastern Qilian Shan, China, inferred from deformed fluvial terraces.pdf","test1/Hu XF et al.-2013-Tectonics-Rates and kinematics of active shortening along the eastern Qilian Shan, China, inferred from deformed fluvial terraces.pdf",True,Hu X et al.-2015-Tectonics-Rates and kinematics of active shortening along the eastern Qilian Shan China inferred from deformed fluvial terraces.pdf,Hu X et al.-2015-Tectonics-Rates and kinematics of active shortening along the eastern Qilian Shan China inferred from deformed fluvial terraces.pdf,renamed,Renamed to: /Users/pz/VScode/OSL_source_ana/test1/Hu X et al.-2015-Tectonics-Rates and kinematics of active shortening along the eastern Qilian Shan China inferred from deformed fluvial terraces.pdf
127,"Hu XF et al.-2023-EPSL-Fluvial evolution in a growing thrust-fold range of the Yumu Shan, NE Tibetan Plateau.pdf","test1/Hu XF et al.-2023-EPSL-Fluvial evolution in a growing thrust-fold range of the Yumu Shan, NE Tibetan Plateau.pdf",True,Hu X et al.-2022-EPSL-Fluvial evolution in a growing thrust-fold range of the Yumu Shan NE Tibetan Plateau.pdf,Hu X et al.-2022-EPSL-Fluvial evolution in a growing thrust-fold range of the Yumu Shan NE Tibetan Plateau.pdf,renamed,Renamed to: /Users/pz/VScode/OSL_source_ana/test1/Hu X et al.-2022-EPSL-Fluvial evolution in a growing thrust-fold range of the Yumu Shan NE Tibetan Plateau.pdf
128,HydrologicalProcesses-2022-Lu-ProglacialriversedimentfluxesinthesoutheasternTibetanPlateauMingyongGlacier.pdf,test1/HydrologicalProcesses-2022-Lu-ProglacialriversedimentfluxesinthesoutheasternTibetanPlateauMingyongGlacier.pdf,True,Lu X et al.-2022-HP-Proglacial river sediment fluxes in the southeastern Tibetan Plateau Mingyong Glacier in the Upper Mekong River.pdf,Lu X et al.-2022-HP-Proglacial river sediment fluxes in the southeastern Tibetan Plateau Mingyong Glacier in the Upper Mekong River.pdf,renamed,Renamed to: /Users/pz/VScode/OSL_source_ana/test1/Lu X et al.-2022-HP-Proglacial river sediment fluxes in the southeastern Tibetan Plateau Mingyong Glacier in the Upper Mekong River.pdf
129,Inoue T. et al-2023-Geology-Waterfall height sets the mechanism and rate of upstream retreat.pdf,test1/Inoue T. et al-2023-Geology-Waterfall height sets the mechanism and rate of upstream retreat.pdf,True,Inoue T et al.-2023-Geology-Waterfall height sets the mechanism and rate of upstream retreat.pdf,Inoue T et al.-2023-Geology-Waterfall height sets the mechanism and rate of upstream retreat.pdf,renamed,Renamed to: /Users/pz/VScode/OSL_source_ana/test1/Inoue T et al.-2023-Geology-Waterfall height sets the mechanism and rate of upstream retreat.pdf
130,Inplications of sediment-flux-dependent river incision models for landscape evolution.pdf,test1/Inplications of sediment-flux-dependent river incision models for landscape evolution.pdf,True,Whipple KX & Tucker GE-2002-JGR-Implications of sediment-flux-dependent river incision models for landscape evolution.pdf,Whipple KX & Tucker GE-2002-JGR-Implications of sediment-flux-dependent river incision models for landscape evolution.pdf,renamed,Renamed to: /Users/pz/VScode/OSL_source_ana/test1/Whipple KX & Tucker GE-2002-JGR-Implications of sediment-flux-dependent river incision models for landscape evolution.pdf
131,IsoplotR (1).pdf,test1/IsoplotR (1).pdf,False,,,skipped,Not a research paper
132,IsoplotR.pdf,test1/IsoplotR.pdf,False,,,skipped,Not a research paper
133,IsoplotRV3.pdf,test1/IsoplotRV3.pdf,False,,,skipped,Not a research paper
134,JGR Earth Surface - 2022 - Ben‐Israel - Sediment Residence Times in Large Rivers Quantified Using a Cosmogenic Nuclides.pdf,test1/JGR Earth Surface - 2022 - Ben‐Israel - Sediment Residence Times in Large Rivers Quantified Using a Cosmogenic Nuclides.pdf,True,Ben-Israel M et al.-2022-JGRES-Sediment Residence Times in Large Rivers Quantified Using a Cosmogenic Nuclides Based Transport Model and Imp.pdf,Ben-Israel M et al.-2022-JGRES-Sediment Residence Times in Large Rivers Quantified Using a Cosmogenic Nuclides Based Transport Model and Imp.pdf,renamed,Renamed to: /Users/pz/VScode/OSL_source_ana/test1/Ben-Israel M et al.-2022-JGRES-Sediment Residence Times in Large Rivers Quantified Using a Cosmogenic Nuclides Based Transport Model and Imp.pdf
135,JGR Earth Surface - 2023 - Li - Provenance Analysis of Yellow River Terraces Highlights Causes of Siltation and Natural.pdf,test1/JGR Earth Surface - 2023 - Li - Provenance Analysis of Yellow River Terraces Highlights Causes of Siltation and Natural.pdf,True,Li M et al.-2023-JGRES-Provenance Analysis of Yellow River Terraces Highlights Causes of Siltation and Natural Hazards in the North China Plain.pdf,Li M et al.-2023-JGRES-Provenance Analysis of Yellow River Terraces Highlights Causes of Siltation and Natural Hazards in the North China Plain.pdf,renamed,Renamed to: /Users/pz/VScode/OSL_source_ana/test1/Li M et al.-2023-JGRES-Provenance Analysis of Yellow River Terraces Highlights Causes of Siltation and Natural Hazards in the North China Plain.pdf
136,Jainetal_Quaternaire.pdf,test1/Jainetal_Quaternaire.pdf,True,Jain M & Murray AS-2004-Quaternaire-Optically stimulated luminescence dating How significant is incomplete light exposure in fluvial environments.pdf,Jain M & Murray AS-2004-Quaternaire-Optically stimulated luminescence dating How significant is incomplete light exposure in fluvial environments.pdf,renamed,Renamed to: /Users/pz/VScode/OSL_source_ana/test1/Jain M & Murray AS-2004-Quaternaire-Optically stimulated luminescence dating How significant is incomplete light exposure in fluvial environments.pdf
137,Jane SF et al.-2021-Nature-Widespread deoxygenation of temperate lakes.pdf,test1/Jane SF et al.-2021-Nature-Widespread deoxygenation of temperate lakes.pdf,True,Jane SF et al.-2021-Nature-Widespread deoxygenation of temperate lakes.pdf,Jane SF et al.-2021-Nature-Widespread deoxygenation of temperate lakes (2).pdf,renamed,Renamed to: /Users/pz/VScode/OSL_source_ana/test1/Jane SF et al.-2021-Nature-Widespread deoxygenation of temperate lakes (2).pdf
138,"Jiang YT et al.-2024-ESR-Two-stage exhumatio, uplift, and basinward propagation of the Tian Shan during the late Cenozoic.pdf","test1/Jiang YT et al.-2024-ESR-Two-stage exhumatio, uplift, and basinward propagation of the Tian Shan during the late Cenozoic.pdf",False,,,skipped,Not a research paper
139,"Jonell TN et al.-2017-QR-Quantifying episodic erosion and transient storage on the western margin of the Tibetan Plateau, upper Indus River.pdf","test1/Jonell TN et al.-2017-QR-Quantifying episodic erosion and transient storage on the western margin of the Tibetan Plateau, upper Indus River.pdf",True,Jonell TN et al.-2017-QR-Quantifying episodic erosion and transient storage on the western margin of the Tibetan Plateau upper Indus River.pdf,Jonell TN et al.-2017-QR-Quantifying episodic erosion and transient storage on the western margin of the Tibetan Plateau upper Indus River.pdf,renamed,Renamed to: /Users/pz/VScode/OSL_source_ana/test1/Jonell TN et al.-2017-QR-Quantifying episodic erosion and transient storage on the western margin of the Tibetan Plateau upper Indus River.pdf
140,Jonell TN et al.-2020-QSR-Revisiting growth and decline of late Quaternary mega-lakes across the south-central Tibetan Plateau.pdf,test1/Jonell TN et al.-2020-QSR-Revisiting growth and decline of late Quaternary mega-lakes across the south-central Tibetan Plateau.pdf,True,Jonell TN et al.-2020-QSR-Revisiting growth and decline of late Quaternary mega-lakes across the south-central Tibetan Plateau.pdf,Jonell TN et al.-2020-QSR-Revisiting growth and decline of late Quaternary mega-lakes across the south-central Tibetan Plateau (2).pdf,renamed,Renamed to: /Users/pz/VScode/OSL_source_ana/test1/Jonell TN et al.-2020-QSR-Revisiting growth and decline of late Quaternary mega-lakes across the south-central Tibetan Plateau (2).pdf
141,Jonell et al.2022-EPSL-No modern Irrawaddy River until the late Miocene-Pliocene.pdf,test1/Jonell et al.2022-EPSL-No modern Irrawaddy River until the late Miocene-Pliocene.pdf,True,Jonell TN et al.-2022-EPSL-No modern Irrawaddy River until the late Miocene Pliocene.pdf,Jonell TN et al.-2022-EPSL-No modern Irrawaddy River until the late Miocene Pliocene.pdf,renamed,Renamed to: /Users/pz/VScode/OSL_source_ana/test1/Jonell TN et al.-2022-EPSL-No modern Irrawaddy River until the late Miocene Pliocene.pdf
142,"Juyal N et al.-2009-JAES-Reconstruction of Last Glacial to early Holocene monsoon variability from relict lake sediments of the Higher Central Himalaya, Uttrakhand, India.pdf","test1/Juyal N et al.-2009-JAES-Reconstruction of Last Glacial to early Holocene monsoon variability from relict lake sediments of the Higher Central Himalaya, Uttrakhand, India.pdf",True,Juyal N et al.-2009-JAES-Reconstruction of Last Glacial to early Holocene monsoon variability from relict lake sediments of the Higher Centr.pdf,Juyal N et al.-2009-JAES-Reconstruction of Last Glacial to early Holocene monsoon variability from relict lake sediments of the Higher Centr.pdf,renamed,Renamed to: /Users/pz/VScode/OSL_source_ana/test1/Juyal N et al.-2009-JAES-Reconstruction of Last Glacial to early Holocene monsoon variability from relict lake sediments of the Higher Centr.pdf
143,"KP McClain et al.-2021-Geomorphology-River, alluvial fan and landslide interactions in a tributary junction setting Implications for tectonic controls on Quaternary fluvial landscape development .pdf","test1/KP McClain et al.-2021-Geomorphology-River, alluvial fan and landslide interactions in a tributary junction setting Implications for tectonic controls on Quaternary fluvial landscape development .pdf",True,McClain KP et al.-2021-Geomorphology-River alluvial fan and landslide interactions in a tributary junction setting Implications for tectonic.pdf,McClain KP et al.-2021-Geomorphology-River alluvial fan and landslide interactions in a tributary junction setting Implications for tectonic.pdf,renamed,Renamed to: /Users/pz/VScode/OSL_source_ana/test1/McClain KP et al.-2021-Geomorphology-River alluvial fan and landslide interactions in a tributary junction setting Implications for tectonic.pdf
144,KangH2025Geomorphology.ModernriversedimentsfromtheHeiheRiver.pdf,test1/KangH2025Geomorphology.ModernriversedimentsfromtheHeiheRiver.pdf,True,Kang H et al.-2025-Geomorphology-Geochemistry and geochronology of modern river sediments from the Heihe River on the northeastern Tibetan P.pdf,Kang H et al.-2025-Geomorphology-Geochemistry and geochronology of modern river sediments from the Heihe River on the northeastern Tibetan P.pdf,renamed,Renamed to: /Users/pz/VScode/OSL_source_ana/test1/Kang H et al.-2025-Geomorphology-Geochemistry and geochronology of modern river sediments from the Heihe River on the northeastern Tibetan P.pdf
145,"Krapf C et al.-2018- Optically stimulated luminescence dating revealing new insights into the age of major regolith units of the eastern Musgrave Province, South Australia. 2018..pdf","test1/Krapf C et al.-2018- Optically stimulated luminescence dating revealing new insights into the age of major regolith units of the eastern Musgrave Province, South Australia. 2018..pdf",False,,,skipped,Not a research paper
146,Lacustrine-fluvial-interactions-in-Australia-s-Riv_2017_Quaternary-Science-R.pdf,test1/Lacustrine-fluvial-interactions-in-Australia-s-Riv_2017_Quaternary-Science-R.pdf,True,Kemp J et al.-2017-QSR-Lacustrine-fluvial interactions in Australias Riverine Plains.pdf,Kemp J et al.-2017-QSR-Lacustrine-fluvial interactions in Australias Riverine Plains.pdf,renamed,Renamed to: /Users/pz/VScode/OSL_source_ana/test1/Kemp J et al.-2017-QSR-Lacustrine-fluvial interactions in Australias Riverine Plains.pdf
147,Lai JT & Anders-2021-ESD-Climatic controls on mountain glacier basal thermal regimes dictate spatial patterns of glacial erosion.pdf,test1/Lai JT & Anders-2021-ESD-Climatic controls on mountain glacier basal thermal regimes dictate spatial patterns of glacial erosion.pdf,True,Lai JT & Anders AM-2021-ESD-Climatic controls on mountain glacier basal thermal regimes dictate spatial patterns of glacial erosion.pdf,Lai JT & Anders AM-2021-ESD-Climatic controls on mountain glacier basal thermal regimes dictate spatial patterns of glacial erosion.pdf,renamed,Renamed to: /Users/pz/VScode/OSL_source_ana/test1/Lai JT & Anders AM-2021-ESD-Climatic controls on mountain glacier basal thermal regimes dictate spatial patterns of glacial erosion.pdf
148,"Lai JT-Climate-driven topographic asymmetry enhanced by glaciers, Implication for drainage reorganization in glacial landscapes.pdf","test1/Lai JT-Climate-driven topographic asymmetry enhanced by glaciers, Implication for drainage reorganization in glacial landscapes.pdf",True,Lai J & Huppert K-2024-GRL-Climate-driven topographic asymmetry enhanced by glaciers Implication for drainage reorganization in glacial landscapes.pdf,Lai J & Huppert K-2024-GRL-Climate-driven topographic asymmetry enhanced by glaciers Implication for drainage reorganization in glacial landscapes.pdf,renamed,Renamed to: /Users/pz/VScode/OSL_source_ana/test1/Lai J & Huppert K-2024-GRL-Climate-driven topographic asymmetry enhanced by glaciers Implication for drainage reorganization in glacial landscapes.pdf
149,LaiZPetal-2025-SA-Headwardincisionoflargeriversinresponsetoglacialsealevelfall.pdf,test1/LaiZPetal-2025-SA-Headwardincisionoflargeriversinresponsetoglacialsealevelfall.pdf,True,Lai Z et al.-2025-SA-Headward incision of large rivers in response to glacial sea level fall.pdf,Lai Z et al.-2025-SA-Headward incision of large rivers in response to glacial sea level fall.pdf,renamed,Renamed to: /Users/pz/VScode/OSL_source_ana/test1/Lai Z et al.-2025-SA-Headward incision of large rivers in response to glacial sea level fall.pdf
150,LaiZPetal-2025-SA-Supplementarymaterials-Headwardincisionoflargeriversinresponsetoglacialsealevelfall.pdf,test1/LaiZPetal-2025-SA-Supplementarymaterials-Headwardincisionoflargeriversinresponsetoglacialsealevelfall.pdf,False,,,skipped,Not a research paper
151,Late quaternary glacial history of northeast tibet.pdf,test1/Late quaternary glacial history of northeast tibet.pdf,False,,,skipped,Not a research paper
152,Late-Holocene-lowland-fluvial-archives-and-geoarchaeology--U_2017_Quaternary.pdf,test1/Late-Holocene-lowland-fluvial-archives-and-geoarchaeology--U_2017_Quaternary.pdf,True,van Dinter M et al.-2017-QSR-Late Holocene lowland fluvial archives and geoarchaeology Utrecht case study of Rhine river abandonment under R.pdf,van Dinter M et al.-2017-QSR-Late Holocene lowland fluvial archives and geoarchaeology Utrecht case study of Rhine river abandonment under R.pdf,renamed,Renamed to: /Users/pz/VScode/OSL_source_ana/test1/van Dinter M et al.-2017-QSR-Late Holocene lowland fluvial archives and geoarchaeology Utrecht case study of Rhine river abandonment under R.pdf
153,Lehmkuhl & Liu-1994-An outline of physical geography including Pleistocene glacial landforms of Eastern Tibet (provinces Sichuan and Qinghai).pdf,test1/Lehmkuhl & Liu-1994-An outline of physical geography including Pleistocene glacial landforms of Eastern Tibet (provinces Sichuan and Qinghai).pdf,True,Lehmkuhl F & Liu S-1994-GeoJournal-An Outline of Physical Geography Including Pleistocene Glacial Landforms of Eastern Tibet Provinces Sichuan and Qinghai.pdf,Lehmkuhl F & Liu S-1994-GeoJournal-An Outline of Physical Geography Including Pleistocene Glacial Landforms of Eastern Tibet Provinces Sichuan and Qinghai.pdf,renamed,Renamed to: /Users/pz/VScode/OSL_source_ana/test1/Lehmkuhl F & Liu S-1994-GeoJournal-An Outline of Physical Geography Including Pleistocene Glacial Landforms of Eastern Tibet Provinces Sichuan and Qinghai.pdf
154,"Lei JH et al.-2020-JGR-Segmented Thrust Faulting, Example From the Northeastern Margin of the Tibetan Plateau.pdf","test1/Lei JH et al.-2020-JGR-Segmented Thrust Faulting, Example From the Northeastern Margin of the Tibetan Plateau.pdf",True,Li Y et al.-2020-JGR-Segmented Thrust Faulting Example From the Northeastern Margin of the Tibetan Plateau.pdf,Li Y et al.-2020-JGR-Segmented Thrust Faulting Example From the Northeastern Margin of the Tibetan Plateau.pdf,renamed,Renamed to: /Users/pz/VScode/OSL_source_ana/test1/Li Y et al.-2020-JGR-Segmented Thrust Faulting Example From the Northeastern Margin of the Tibetan Plateau.pdf
155,Leonard et al.-2023-Geology-Controls on topography and erosion of the north-central Andes.pdf,test1/Leonard et al.-2023-Geology-Controls on topography and erosion of the north-central Andes.pdf,True,Leonard JS et al.-2024-Geology-Controls on topography and erosion of the north-central Andes.pdf,Leonard JS et al.-2024-Geology-Controls on topography and erosion of the north-central Andes.pdf,renamed,Renamed to: /Users/pz/VScode/OSL_source_ana/test1/Leonard JS et al.-2024-Geology-Controls on topography and erosion of the north-central Andes.pdf
156,"LeonardJS etal2023-SA-Isolating climatic, tectonic, & lithologic controls on mountain lanscape evolution.pdf","test1/LeonardJS etal2023-SA-Isolating climatic, tectonic, & lithologic controls on mountain lanscape evolution.pdf",True,Leonard JS et al.-2023-SA-Isolating climatic tectonic and lithologic controls on mountain landscape evolution.pdf,Leonard JS et al.-2023-SA-Isolating climatic tectonic and lithologic controls on mountain landscape evolution.pdf,renamed,Renamed to: /Users/pz/VScode/OSL_source_ana/test1/Leonard JS et al.-2023-SA-Isolating climatic tectonic and lithologic controls on mountain landscape evolution.pdf
157,"Lewis & Douglas-2005-QI-Equilibrium-line altitudes of the Last Glacial Maximum for the Himalaya and Tibet, an assessment and evaluation of results.pdf","test1/Lewis & Douglas-2005-QI-Equilibrium-line altitudes of the Last Glacial Maximum for the Himalaya and Tibet, an assessment and evaluation of results.pdf",True,Owen LA & Benn DI-2005-QI-Equilibrium-line altitudes of the Last Glacial Maximum for the Himalaya and Tibet an assessment and evaluation of results.pdf,Owen LA & Benn DI-2005-QI-Equilibrium-line altitudes of the Last Glacial Maximum for the Himalaya and Tibet an assessment and evaluation of results.pdf,renamed,Renamed to: /Users/pz/VScode/OSL_source_ana/test1/Owen LA & Benn DI-2005-QI-Equilibrium-line altitudes of the Last Glacial Maximum for the Himalaya and Tibet an assessment and evaluation of results.pdf
158,Lghamour M et al.-2024-QSR-Late Pleistocene to Holocene alluvial deposits of the Inaou`ene Valley and their paleoenvironmental significance (north Morocco).pdf,test1/Lghamour M et al.-2024-QSR-Late Pleistocene to Holocene alluvial deposits of the Inaou`ene Valley and their paleoenvironmental significance (north Morocco).pdf,True,Lghamour M et al.-2024-QSR-Late Pleistocene to Holocene alluvial deposits of the Inaouene Valley and their paleoenvironmental significance north Morocco.pdf,Lghamour M et al.-2024-QSR-Late Pleistocene to Holocene alluvial deposits of the Inaouene Valley and their paleoenvironmental significance north Morocco.pdf,renamed,Renamed to: /Users/pz/VScode/OSL_source_ana/test1/Lghamour M et al.-2024-QSR-Late Pleistocene to Holocene alluvial deposits of the Inaouene Valley and their paleoenvironmental significance north Morocco.pdf
159,"Li DF & Zhang T-2023-Geomorphology-Fluvial sediment load sensitivity to climate change in cold basins on the Tibetan Plateau, An elasticity approach and the spatial scale effect.pdf","test1/Li DF & Zhang T-2023-Geomorphology-Fluvial sediment load sensitivity to climate change in cold basins on the Tibetan Plateau, An elasticity approach and the spatial scale effect.pdf",True,Li D & Zhang T-2023-Geomorphology-Fluvial sediment load sensitivity to climate change in cold basins on the Tibetan Plateau An elasticity ap.pdf,Li D & Zhang T-2023-Geomorphology-Fluvial sediment load sensitivity to climate change in cold basins on the Tibetan Plateau An elasticity ap.pdf,renamed,Renamed to: /Users/pz/VScode/OSL_source_ana/test1/Li D & Zhang T-2023-Geomorphology-Fluvial sediment load sensitivity to climate change in cold basins on the Tibetan Plateau An elasticity ap.pdf
160,Li LF et al.-2018-EPSL-Weathering dynamics reflected by the response of riverine uranium isotope disequilibrium to changes in denudation rate.pdf,test1/Li LF et al.-2018-EPSL-Weathering dynamics reflected by the response of riverine uranium isotope disequilibrium to changes in denudation rate.pdf,True,Li L et al.-2018-EPSL-Weathering dynamics reflected by the response of riverine uranium isotope disequilibrium to changes in denudation rate.pdf,Li L et al.-2018-EPSL-Weathering dynamics reflected by the response of riverine uranium isotope disequilibrium to changes in denudation rate.pdf,renamed,Renamed to: /Users/pz/VScode/OSL_source_ana/test1/Li L et al.-2018-EPSL-Weathering dynamics reflected by the response of riverine uranium isotope disequilibrium to changes in denudation rate.pdf
161,Li MH et al.-2022-Catena-Quantification of river network types based on hierarchical structures.pdf,test1/Li MH et al.-2022-Catena-Quantification of river network types based on hierarchical structures.pdf,True,Li M et al.-2022-Catena-Quantification of river network types based on hierarchical structures.pdf,Li M et al.-2022-Catena-Quantification of river network types based on hierarchical structures.pdf,renamed,Renamed to: /Users/pz/VScode/OSL_source_ana/test1/Li M et al.-2022-Catena-Quantification of river network types based on hierarchical structures.pdf
162,"Li ZC et al.-2021-SCES-The impacts of base level and lithology on fluvial geomorphic evolution at the tectonically active Laohu and Hasi Mountains, northeastern Tibetan Plateau.pdf","test1/Li ZC et al.-2021-SCES-The impacts of base level and lithology on fluvial geomorphic evolution at the tectonically active Laohu and Hasi Mountains, northeastern Tibetan Plateau.pdf",True,Wang X et al.-2021-SCES-The impacts of base level and lithology on fluvial geomorphic evolution at the tectonically active Laohu and Hasi Mo.pdf,Wang X et al.-2021-SCES-The impacts of base level and lithology on fluvial geomorphic evolution at the tectonically active Laohu and Hasi Mo.pdf,renamed,Renamed to: /Users/pz/VScode/OSL_source_ana/test1/Wang X et al.-2021-SCES-The impacts of base level and lithology on fluvial geomorphic evolution at the tectonically active Laohu and Hasi Mo.pdf
163,Li et al ACME2 Geomorphology 2024.pdf,test1/Li et al ACME2 Geomorphology 2024.pdf,True,Li Y et al.-2024-Geomorphology-ACME2 An extended toolbox for automated cirque metrics extraction.pdf,Li Y et al.-2024-Geomorphology-ACME2 An extended toolbox for automated cirque metrics extraction.pdf,renamed,Renamed to: /Users/pz/VScode/OSL_source_ana/test1/Li Y et al.-2024-Geomorphology-ACME2 An extended toolbox for automated cirque metrics extraction.pdf
164,"Li,et al.,Hetao Basin, Hobq Desert, and the Yellow River,2017.pdf","test1/Li,et al.,Hetao Basin, Hobq Desert, and the Yellow River,2017.pdf",True,Li B et al.-2017-QSR-Paleomagnetic chronology and paleoenvironmental records from drill cores from the Hetao Basin and their implications fo.pdf,Li B et al.-2017-QSR-Paleomagnetic chronology and paleoenvironmental records from drill cores from the Hetao Basin and their implications fo.pdf,renamed,Renamed to: /Users/pz/VScode/OSL_source_ana/test1/Li B et al.-2017-QSR-Paleomagnetic chronology and paleoenvironmental records from drill cores from the Hetao Basin and their implications fo.pdf
165,Lin et al-LED2023 poster-v2-20230616.pdf,test1/Lin et al-LED2023 poster-v2-20230616.pdf,True,Lin P et al.-2023-QG-Luminescence and radiocarbon dating of core SXG06 from Pearl River Delta China and implication for late Pleistocene sedimentary history.pdf,Lin P et al.-2023-QG-Luminescence and radiocarbon dating of core SXG06 from Pearl River Delta China and implication for late Pleistocene sedimentary history.pdf,renamed,Renamed to: /Users/pz/VScode/OSL_source_ana/test1/Lin P et al.-2023-QG-Luminescence and radiocarbon dating of core SXG06 from Pearl River Delta China and implication for late Pleistocene sedimentary history.pdf
166,Liu J et al.-2008-JGR-Quantifying landscape differences across the Tibetan plateau.pdf,test1/Liu J et al.-2008-JGR-Quantifying landscape differences across the Tibetan plateau.pdf,True,Liu-Zeng J et al.-2008-JGR-Quantifying landscape differences across the Tibetan plateau Implications for topographic relief evolution.pdf,Liu-Zeng J et al.-2008-JGR-Quantifying landscape differences across the Tibetan plateau Implications for topographic relief evolution.pdf,renamed,Renamed to: /Users/pz/VScode/OSL_source_ana/test1/Liu-Zeng J et al.-2008-JGR-Quantifying landscape differences across the Tibetan plateau Implications for topographic relief evolution.pdf
167,Liu JJ et al.-2023-Nature-Martian dunes indicative of wind regime shift in line with end of ice age.pdf,test1/Liu JJ et al.-2023-Nature-Martian dunes indicative of wind regime shift in line with end of ice age.pdf,True,Liu J et al.-2023-Nature-Martian dunes indicative of wind regime shift in line with end of ice age.pdf,Liu J et al.-2023-Nature-Martian dunes indicative of wind regime shift in line with end of ice age.pdf,renamed,Renamed to: /Users/pz/VScode/OSL_source_ana/test1/Liu J et al.-2023-Nature-Martian dunes indicative of wind regime shift in line with end of ice age.pdf
168,Liu XJ et al.-2017-JAES-.pdf,test1/Liu XJ et al.-2017-JAES-.pdf,True,Liu XJ et al.-2016-JAES-Accumulation and erosion of aeolian sediments in the northeastern Qinghai-Tibetan Plateau and implications for prove.pdf,Liu XJ et al.-2016-JAES-Accumulation and erosion of aeolian sediments in the northeastern Qinghai-Tibetan Plateau and implications for prove.pdf,renamed,Renamed to: /Users/pz/VScode/OSL_source_ana/test1/Liu XJ et al.-2016-JAES-Accumulation and erosion of aeolian sediments in the northeastern Qinghai-Tibetan Plateau and implications for prove.pdf
169,Lu HY et al.-2013-Geology-Variation of EAM precipitaion during the past 21 ky.pdf,test1/Lu HY et al.-2013-Geology-Variation of EAM precipitaion during the past 21 ky.pdf,True,Lu H et al.-2013-Geology-Variation of East Asian monsoon precipitation during the past 21 ky and potential CO2 forcing.pdf,Lu H et al.-2013-Geology-Variation of East Asian monsoon precipitation during the past 21 ky and potential CO2 forcing.pdf,renamed,Renamed to: /Users/pz/VScode/OSL_source_ana/test1/Lu H et al.-2013-Geology-Variation of East Asian monsoon precipitation during the past 21 ky and potential CO2 forcing.pdf
170,Ma ZF et al.-2020-GRL-Inversion of Dadu River Bedrock Channels for the Late Cenozoic Uplift History of the Eastern Tibetan Plateau.pdf,test1/Ma ZF et al.-2020-GRL-Inversion of Dadu River Bedrock Channels for the Late Cenozoic Uplift History of the Eastern Tibetan Plateau.pdf,True,Ma Z et al.-2020-GRL-Inversion of Dadu River Bedrock Channels for the Late Cenozoic Uplift History of the Eastern Tibetan Plateau.pdf,Ma Z et al.-2020-GRL-Inversion of Dadu River Bedrock Channels for the Late Cenozoic Uplift History of the Eastern Tibetan Plateau.pdf,renamed,Renamed to: /Users/pz/VScode/OSL_source_ana/test1/Ma Z et al.-2020-GRL-Inversion of Dadu River Bedrock Channels for the Late Cenozoic Uplift History of the Eastern Tibetan Plateau.pdf
171,"Ma ZH et al.-2020-Geomorphology-Quaternary drainage evolution of the Datong River,Qilian Mountains, northeastern Tibetan Plateau,China#U-Pb锆石#OSL#宇生核素暴露、埋藏#黄河#祁连山#黄河演化#青藏高原隆升#未读.pdf","test1/Ma ZH et al.-2020-Geomorphology-Quaternary drainage evolution of the Datong River,Qilian Mountains, northeastern Tibetan Plateau,China#U-Pb锆石#OSL#宇生核素暴露、埋藏#黄河#祁连山#黄河演化#青藏高原隆升#未读.pdf",True,Ma Z et al.-2020-Geomorphology-Quaternary drainage evolution of the Datong River Qilian Mountains northeastern Tibetan Plateau China.pdf,Ma Z et al.-2020-Geomorphology-Quaternary drainage evolution of the Datong River Qilian Mountains northeastern Tibetan Plateau China.pdf,renamed,Renamed to: /Users/pz/VScode/OSL_source_ana/test1/Ma Z et al.-2020-Geomorphology-Quaternary drainage evolution of the Datong River Qilian Mountains northeastern Tibetan Plateau China.pdf
172,Mahanetal2022GuideforLuminescence.pdf,test1/Mahanetal2022GuideforLuminescence.pdf,True,Mahan SA et al.-2022-GSAB-Guide for interpreting and reporting luminescence dating results.pdf,Mahan SA et al.-2022-GSAB-Guide for interpreting and reporting luminescence dating results.pdf,renamed,Renamed to: /Users/pz/VScode/OSL_source_ana/test1/Mahan SA et al.-2022-GSAB-Guide for interpreting and reporting luminescence dating results.pdf
173,Malatesta & Avouac-2018-Geology-Contrasting river incision in north and south Tian Shan piedmonts due to variable glacial imprint in mountain valleys.pdf,test1/Malatesta & Avouac-2018-Geology-Contrasting river incision in north and south Tian Shan piedmonts due to variable glacial imprint in mountain valleys.pdf,True,Malatesta LC & Avouac JP-2018-Geology-Contrasting river incision in north and south Tian Shan piedmonts due to variable glacial imprint in mountain valleys.pdf,Malatesta LC & Avouac JP-2018-Geology-Contrasting river incision in north and south Tian Shan piedmonts due to variable glacial imprint in mountain valleys.pdf,renamed,Renamed to: /Users/pz/VScode/OSL_source_ana/test1/Malatesta LC & Avouac JP-2018-Geology-Contrasting river incision in north and south Tian Shan piedmonts due to variable glacial imprint in mountain valleys.pdf
174,Malatesta et al.-2017-JGR-Autogenic entrenchment patterns and terraces due to coupling with lateral erosion in incising alluvial channels.pdf,test1/Malatesta et al.-2017-JGR-Autogenic entrenchment patterns and terraces due to coupling with lateral erosion in incising alluvial channels.pdf,True,Malatesta LC et al.-2017-JGR-Autogenic entrenchment patterns and terraces due to coupling with lateral erosion in incising alluvial channels.pdf,Malatesta LC et al.-2017-JGR-Autogenic entrenchment patterns and terraces due to coupling with lateral erosion in incising alluvial channels.pdf,renamed,Renamed to: /Users/pz/VScode/OSL_source_ana/test1/Malatesta LC et al.-2017-JGR-Autogenic entrenchment patterns and terraces due to coupling with lateral erosion in incising alluvial channels.pdf
175,Malatesta et al.-2018-BR-Lag and mixing during sediment transfer across the Tian Shan piedmont caused by climate-driven aggradation-incision cycles.pdf,test1/Malatesta et al.-2018-BR-Lag and mixing during sediment transfer across the Tian Shan piedmont caused by climate-driven aggradation-incision cycles.pdf,True,Malatesta LC et al.-2018-BR-Lag and mixing during sediment transfer across the Tian Shan piedmont caused by climatedriven aggradationincision cycles.pdf,Malatesta LC et al.-2018-BR-Lag and mixing during sediment transfer across the Tian Shan piedmont caused by climatedriven aggradationincision cycles.pdf,renamed,Renamed to: /Users/pz/VScode/OSL_source_ana/test1/Malatesta LC et al.-2018-BR-Lag and mixing during sediment transfer across the Tian Shan piedmont caused by climatedriven aggradationincision cycles.pdf
176,Marder & Gallen-2023-Geology-Climate control on the relationship between erosion rate and fluvial topography.pdf,test1/Marder & Gallen-2023-Geology-Climate control on the relationship between erosion rate and fluvial topography.pdf,True,Marder E & Gallen SF-2023-Geology-Climate control on the relationship between erosion rate and fluvial topography.pdf,Marder E & Gallen SF-2023-Geology-Climate control on the relationship between erosion rate and fluvial topography.pdf,renamed,Renamed to: /Users/pz/VScode/OSL_source_ana/test1/Marder E & Gallen SF-2023-Geology-Climate control on the relationship between erosion rate and fluvial topography.pdf
177,"Meigs A et al.-2006-Geomorphology-Ultra-rapid landscape response and sediment yield following glacier retreat, Icy Bay, southern Alaska..pdf","test1/Meigs A et al.-2006-Geomorphology-Ultra-rapid landscape response and sediment yield following glacier retreat, Icy Bay, southern Alaska..pdf",True,Meigs A et al.-2006-Geomorphology-Ultra-rapid landscape response and sediment yield following glacier retreat Icy Bay southern Alaska.pdf,Meigs A et al.-2006-Geomorphology-Ultra-rapid landscape response and sediment yield following glacier retreat Icy Bay southern Alaska.pdf,renamed,Renamed to: /Users/pz/VScode/OSL_source_ana/test1/Meigs A et al.-2006-Geomorphology-Ultra-rapid landscape response and sediment yield following glacier retreat Icy Bay southern Alaska.pdf
178,Meijer N et al.-2020-ESR-Identifying eolian dust in the geological record.pdf,test1/Meijer N et al.-2020-ESR-Identifying eolian dust in the geological record.pdf,True,Meijer N et al.-2020-ESR-Identifying eolian dust in the geological record.pdf,Meijer N et al.-2020-ESR-Identifying eolian dust in the geological record (2).pdf,renamed,Renamed to: /Users/pz/VScode/OSL_source_ana/test1/Meijer N et al.-2020-ESR-Identifying eolian dust in the geological record (2).pdf
179,Micheal M et al.-2024-CEE-Supraglacial debris thickness and supply rate in High-Mountain Asia.pdf,test1/Micheal M et al.-2024-CEE-Supraglacial debris thickness and supply rate in High-Mountain Asia.pdf,True,McCarthy M et al.-2022-CEE-Supraglacial debris thickness and supply rate in High-Mountain Asia.pdf,McCarthy M et al.-2022-CEE-Supraglacial debris thickness and supply rate in High-Mountain Asia.pdf,renamed,Renamed to: /Users/pz/VScode/OSL_source_ana/test1/McCarthy M et al.-2022-CEE-Supraglacial debris thickness and supply rate in High-Mountain Asia.pdf
180,Mills et al.-2000-Geology-Apparent increasing rates of stream incision in the eastern United States during the late Cenozoic.pdf,test1/Mills et al.-2000-Geology-Apparent increasing rates of stream incision in the eastern United States during the late Cenozoic.pdf,True,Mills HH-2000-Geology-Apparent increasing rates of stream incision in the eastern United States during the late Cenozoic.pdf,Mills HH-2000-Geology-Apparent increasing rates of stream incision in the eastern United States during the late Cenozoic.pdf,renamed,Renamed to: /Users/pz/VScode/OSL_source_ana/test1/Mills HH-2000-Geology-Apparent increasing rates of stream incision in the eastern United States during the late Cenozoic.pdf
181,"Mineli T et al.-2021-RM-Variation of luminescence sensitivity, characteristic dose and trap parameters of quartz from rocks and sediments.pdf","test1/Mineli T et al.-2021-RM-Variation of luminescence sensitivity, characteristic dose and trap parameters of quartz from rocks and sediments.pdf",True,Mineli TD et al.-2021-RM-Variation of luminescence sensitivity characteristic dose and trap parameters of quartz from rocks and sediments.pdf,Mineli TD et al.-2021-RM-Variation of luminescence sensitivity characteristic dose and trap parameters of quartz from rocks and sediments.pdf,renamed,Renamed to: /Users/pz/VScode/OSL_source_ana/test1/Mineli TD et al.-2021-RM-Variation of luminescence sensitivity characteristic dose and trap parameters of quartz from rocks and sediments.pdf
182,Missing water from the Qiangtang Basin on the Tibetan Plateau.pdf,test1/Missing water from the Qiangtang Basin on the Tibetan Plateau.pdf,True,Yong B et al.-2020-ESSOAr-Missing water from the Qiantang Basin on the Tibetan Plateau.pdf,Yong B et al.-2020-ESSOAr-Missing water from the Qiantang Basin on the Tibetan Plateau.pdf,renamed,Renamed to: /Users/pz/VScode/OSL_source_ana/test1/Yong B et al.-2020-ESSOAr-Missing water from the Qiantang Basin on the Tibetan Plateau.pdf
183,Nativ &Turowski-2020-JGR-Site dependence of fluvial incision rate scaling with timescale.pdf,test1/Nativ &Turowski-2020-JGR-Site dependence of fluvial incision rate scaling with timescale.pdf,True,Nativ R & Turowski JM-2020-JGR-Site dependence of fluvial incision rate scaling with timescale.pdf,Nativ R & Turowski JM-2020-JGR-Site dependence of fluvial incision rate scaling with timescale.pdf,renamed,Renamed to: /Users/pz/VScode/OSL_source_ana/test1/Nativ R & Turowski JM-2020-JGR-Site dependence of fluvial incision rate scaling with timescale.pdf
184,Neubeck N et al-2023-GSA-Climate and anthropogenic impacts on North American erosion and sediment transport since the Last Glacial Maximum.pdf,test1/Neubeck N et al-2023-GSA-Climate and anthropogenic impacts on North American erosion and sediment transport since the Last Glacial Maximum.pdf,True,Neubeck N et al.-2023-GSAB-Climate and anthropogenic impacts on North American erosion and sediment transport since the Last Glacial Maximum.pdf,Neubeck N et al.-2023-GSAB-Climate and anthropogenic impacts on North American erosion and sediment transport since the Last Glacial Maximum.pdf,renamed,Renamed to: /Users/pz/VScode/OSL_source_ana/test1/Neubeck N et al.-2023-GSAB-Climate and anthropogenic impacts on North American erosion and sediment transport since the Last Glacial Maximum.pdf
185,New-data-on-the-chronology-of-the-Vale-do-Forno-sedimentary-se_2017_Quaterna.pdf,test1/New-data-on-the-chronology-of-the-Vale-do-Forno-sedimentary-se_2017_Quaterna.pdf,True,Cunha PP et al.-2016-QSR-New data on the chronology of the Vale do Forno sedimentary sequence and its relevance as a fluvial archive of the.pdf,Cunha PP et al.-2016-QSR-New data on the chronology of the Vale do Forno sedimentary sequence and its relevance as a fluvial archive of the.pdf,renamed,Renamed to: /Users/pz/VScode/OSL_source_ana/test1/Cunha PP et al.-2016-QSR-New data on the chronology of the Vale do Forno sedimentary sequence and its relevance as a fluvial archive of the.pdf
186,"Olivetti V et al.-2023-SR-Increased erosion of high-elevation land during late Cenozoic, evidence from detrital thermochronology off-shore Greenland.pdf","test1/Olivetti V et al.-2023-SR-Increased erosion of high-elevation land during late Cenozoic, evidence from detrital thermochronology off-shore Greenland.pdf",True,Olivetti V et al.-2022-SR-Increased erosion of high-elevation land during late Cenozoic evidence from detrital thermochronology off-shore Greenland.pdf,Olivetti V et al.-2022-SR-Increased erosion of high-elevation land during late Cenozoic evidence from detrital thermochronology off-shore Greenland.pdf,renamed,Renamed to: /Users/pz/VScode/OSL_source_ana/test1/Olivetti V et al.-2022-SR-Increased erosion of high-elevation land during late Cenozoic evidence from detrital thermochronology off-shore Greenland.pdf
187,Olszak J -2017-GPC-Climatically controlled terrace staircases in uplifting mountainous areas.pdf,test1/Olszak J -2017-GPC-Climatically controlled terrace staircases in uplifting mountainous areas.pdf,True,Olszak J-2017-GPC-Climatically controlled terrace staircases in uplifting mountainous areas.pdf,Olszak J-2017-GPC-Climatically controlled terrace staircases in uplifting mountainous areas.pdf,renamed,Renamed to: /Users/pz/VScode/OSL_source_ana/test1/Olszak J-2017-GPC-Climatically controlled terrace staircases in uplifting mountainous areas.pdf
188,Out-of-Sequence_Backthrusting_Since_the_Middle_Ple.pdf,test1/Out-of-Sequence_Backthrusting_Since_the_Middle_Ple.pdf,True,Hu G et al.-2021-Tectonics-Out-of-Sequence Backthrusting Since the Middle Pleistocene Revealed by the Jiangnanmiao Thrust Fault Along the No.pdf,Hu G et al.-2021-Tectonics-Out-of-Sequence Backthrusting Since the Middle Pleistocene Revealed by the Jiangnanmiao Thrust Fault Along the No.pdf,renamed,Renamed to: /Users/pz/VScode/OSL_source_ana/test1/Hu G et al.-2021-Tectonics-Out-of-Sequence Backthrusting Since the Middle Pleistocene Revealed by the Jiangnanmiao Thrust Fault Along the No.pdf
189,Palumbo et al.-2011-TN-Catchment‐wide denudation rates at the margin of NE Tibet from in situ‐produced cosmogenic.pdf,test1/Palumbo et al.-2011-TN-Catchment‐wide denudation rates at the margin of NE Tibet from in situ‐produced cosmogenic.pdf,True,Palumbo L et al.-2011-Terra Nova-Catchment-wide denudation rates at the margin of NE Tibet from in situ-produced cosmogenic 10Be.pdf,Palumbo L et al.-2011-Terra Nova-Catchment-wide denudation rates at the margin of NE Tibet from in situ-produced cosmogenic 10Be.pdf,renamed,Renamed to: /Users/pz/VScode/OSL_source_ana/test1/Palumbo L et al.-2011-Terra Nova-Catchment-wide denudation rates at the margin of NE Tibet from in situ-produced cosmogenic 10Be.pdf
190,"Pan BT et al.-2013-Geomorphology-Late Quaternary river incision rates and rock uplift pattern of the eastern Qilian Shan Mountain, China.pdf","test1/Pan BT et al.-2013-Geomorphology-Late Quaternary river incision rates and rock uplift pattern of the eastern Qilian Shan Mountain, China.pdf",True,Pan B et al.-2013-Geomorphology-Late Quaternary river incision rates and rock uplift pattern of the eastern Qilian Shan Mountain China.pdf,Pan B et al.-2013-Geomorphology-Late Quaternary river incision rates and rock uplift pattern of the eastern Qilian Shan Mountain China.pdf,renamed,Renamed to: /Users/pz/VScode/OSL_source_ana/test1/Pan B et al.-2013-Geomorphology-Late Quaternary river incision rates and rock uplift pattern of the eastern Qilian Shan Mountain China.pdf
191,"Pan BT et al.-2023-QSR-Fluvial responses to late Quaternary climate change in the Shiyang River drainage system, western China.pdf","test1/Pan BT et al.-2023-QSR-Fluvial responses to late Quaternary climate change in the Shiyang River drainage system, western China.pdf",True,Pan B et al.-2023-QSR-Channel migration in the northeastern margin of the Tibetan Plateau and its implication for fluvial response.pdf,Pan B et al.-2023-QSR-Channel migration in the northeastern margin of the Tibetan Plateau and its implication for fluvial response.pdf,renamed,Renamed to: /Users/pz/VScode/OSL_source_ana/test1/Pan B et al.-2023-QSR-Channel migration in the northeastern margin of the Tibetan Plateau and its implication for fluvial response.pdf
192,Pan BT-2009-Geology-Sagou.pdf,test1/Pan BT-2009-Geology-Sagou.pdf,True,Pan B et al.-2003-Geology-A 900 ky record of strath terrace formation during glacial interglacial transitions in northwest China.pdf,Pan B et al.-2003-Geology-A 900 ky record of strath terrace formation during glacial interglacial transitions in northwest China.pdf,renamed,Renamed to: /Users/pz/VScode/OSL_source_ana/test1/Pan B et al.-2003-Geology-A 900 ky record of strath terrace formation during glacial interglacial transitions in northwest China.pdf
193,"Parida S et al.-2025-EPSL-Changes in thermoluminescence sensitivity of 110°C glow peak of quartz grains from sediments of River Ganga, Observation and implications.pdf","test1/Parida S et al.-2025-EPSL-Changes in thermoluminescence sensitivity of 110°C glow peak of quartz grains from sediments of River Ganga, Observation and implications.pdf",True,Parida S et al.-2025-EPSL-Changes in thermoluminescence sensitivity of 110C glow peak of quartz grains from sediments of River Ganga Observa.pdf,Parida S et al.-2025-EPSL-Changes in thermoluminescence sensitivity of 110C glow peak of quartz grains from sediments of River Ganga Observa.pdf,renamed,Renamed to: /Users/pz/VScode/OSL_source_ana/test1/Parida S et al.-2025-EPSL-Changes in thermoluminescence sensitivity of 110C glow peak of quartz grains from sediments of River Ganga Observa.pdf
194,Peng J&Li B et al.-2017-ATL-Single-aliquot Regenerative-Dose (SAR) and Standardised Growth Curve (SGC) Equivalent Dose Determination.pdf,test1/Peng J&Li B et al.-2017-ATL-Single-aliquot Regenerative-Dose (SAR) and Standardised Growth Curve (SGC) Equivalent Dose Determination.pdf,True,Peng J & Li B-2017-ATL-Single-aliquot Regenerative-dose SAR and Standardised Growth Curve SGC Equivalent Dose Determination in a Batch Model.pdf,Peng J & Li B-2017-ATL-Single-aliquot Regenerative-dose SAR and Standardised Growth Curve SGC Equivalent Dose Determination in a Batch Model.pdf,renamed,Renamed to: /Users/pz/VScode/OSL_source_ana/test1/Peng J & Li B-2017-ATL-Single-aliquot Regenerative-dose SAR and Standardised Growth Curve SGC Equivalent Dose Determination in a Batch Model.pdf
195,"Penprase SB et al.-2025-Geology-Plow versus Ice Age, Erosion rate variability from glacial–interglacial climate change is an order of magnitude lower than agricultural erosion in the Upper Mississippi River Valley, USA.pdf","test1/Penprase SB et al.-2025-Geology-Plow versus Ice Age, Erosion rate variability from glacial–interglacial climate change is an order of magnitude lower than agricultural erosion in the Upper Mississippi River Valley, USA.pdf",True,Penprase SB et al.-2025-Geology-Plow versus Ice Age Erosion rate variability from glacial interglacial climate change is an order of magnitu.pdf,Penprase SB et al.-2025-Geology-Plow versus Ice Age Erosion rate variability from glacial interglacial climate change is an order of magnitu.pdf,renamed,Renamed to: /Users/pz/VScode/OSL_source_ana/test1/Penprase SB et al.-2025-Geology-Plow versus Ice Age Erosion rate variability from glacial interglacial climate change is an order of magnitu.pdf
196,Pleistocene exhumation in Namche Barwa Syntaxis (Eastern Tibet) revealed by detrital apatite fission track thermochronology.pdf,test1/Pleistocene exhumation in Namche Barwa Syntaxis (Eastern Tibet) revealed by detrital apatite fission track thermochronology.pdf,True,Sun D et al.-2024-JAES-Pleistocene exhumation in Namche Barwa Syntaxis Eastern Tibet revealed by detrital apatite fission track thermochronology.pdf,Sun D et al.-2024-JAES-Pleistocene exhumation in Namche Barwa Syntaxis Eastern Tibet revealed by detrital apatite fission track thermochronology.pdf,renamed,Renamed to: /Users/pz/VScode/OSL_source_ana/test1/Sun D et al.-2024-JAES-Pleistocene exhumation in Namche Barwa Syntaxis Eastern Tibet revealed by detrital apatite fission track thermochronology.pdf
197,Pleistocene_drainage_reorganization_driven_by_the_isostatic_response_to_deep_incision_into_the_northeastern_Tibetan_Plateau.pdf,test1/Pleistocene_drainage_reorganization_driven_by_the_isostatic_response_to_deep_incision_into_the_northeastern_Tibetan_Plateau.pdf,True,Zhang H et al.-2014-Geology-Pleistocene drainage reorganization driven by the isostatic response to deep incision into the northeastern Tibetan Plateau.pdf,Zhang H et al.-2014-Geology-Pleistocene drainage reorganization driven by the isostatic response to deep incision into the northeastern Tibetan Plateau.pdf,renamed,Renamed to: /Users/pz/VScode/OSL_source_ana/test1/Zhang H et al.-2014-Geology-Pleistocene drainage reorganization driven by the isostatic response to deep incision into the northeastern Tibetan Plateau.pdf
198,"Poisson B, & Avouac J P.-2004-JoG- Holocene hydrological changes inferred from alluvial stream entrenchment in North Tian Shan(Northwestern China).pdf","test1/Poisson B, & Avouac J P.-2004-JoG- Holocene hydrological changes inferred from alluvial stream entrenchment in North Tian Shan(Northwestern China).pdf",True,Poisson B & Avouac J‐P-2004-JG-Holocene Hydrological Changes Inferred from Alluvial Stream Entrenchment in North Tian Shan Northwestern China.pdf,Poisson B & Avouac J‐P-2004-JG-Holocene Hydrological Changes Inferred from Alluvial Stream Entrenchment in North Tian Shan Northwestern China.pdf,renamed,Renamed to: /Users/pz/VScode/OSL_source_ana/test1/Poisson B & Avouac J‐P-2004-JG-Holocene Hydrological Changes Inferred from Alluvial Stream Entrenchment in North Tian Shan Northwestern China.pdf
199,"Pratt B et al.-2002-Geology-Impulsive alluviation during early Holocene strengthened monsoons, central Nepal Himalaya.pdf","test1/Pratt B et al.-2002-Geology-Impulsive alluviation during early Holocene strengthened monsoons, central Nepal Himalaya.pdf",True,Pratt B et al.-2002-Geology-Impulsive alluviation during early Holocene strengthened monsoons central Nepal Himalaya.pdf,Pratt B et al.-2002-Geology-Impulsive alluviation during early Holocene strengthened monsoons central Nepal Himalaya.pdf,renamed,Renamed to: /Users/pz/VScode/OSL_source_ana/test1/Pratt B et al.-2002-Geology-Impulsive alluviation during early Holocene strengthened monsoons central Nepal Himalaya.pdf
200,"Pu Y et al.-2013-PPP-Paleoclimate changes of the last 1000yr on the eastern Qinghai–Tibetan Plateau recorded by elemental, isotopic, and molecular organic matter proxies in sediment from glacial Lake Ximencuo.pdf","test1/Pu Y et al.-2013-PPP-Paleoclimate changes of the last 1000yr on the eastern Qinghai–Tibetan Plateau recorded by elemental, isotopic, and molecular organic matter proxies in sediment from glacial Lake Ximencuo.pdf",True,Pu Y et al.-2013-PPP-Paleoclimate changes of the last 1000yr on the eastern Qinghai–Tibetan Plateau recorded by elemental isotopic and molec.pdf,Pu Y et al.-2013-PPP-Paleoclimate changes of the last 1000yr on the eastern Qinghai–Tibetan Plateau recorded by elemental isotopic and molec.pdf,renamed,Renamed to: /Users/pz/VScode/OSL_source_ana/test1/Pu Y et al.-2013-PPP-Paleoclimate changes of the last 1000yr on the eastern Qinghai–Tibetan Plateau recorded by elemental isotopic and molec.pdf
201,Putnam A-Nature-2022-Sediment study finds the pulse of tropical glaciers.pdf,test1/Putnam A-Nature-2022-Sediment study finds the pulse of tropical glaciers.pdf,False,,,skipped,Not a research paper
202,"Qin JT et al.-2018-RM-Initial sensitivity change of K-feldspar pIRIR signals due to uncompensated decrease in electron trapping probability, Evidence from radiofluorescence measurements..pdf","test1/Qin JT et al.-2018-RM-Initial sensitivity change of K-feldspar pIRIR signals due to uncompensated decrease in electron trapping probability, Evidence from radiofluorescence measurements..pdf",True,Qin J et al.-2018-RM-Initial sensitivity change of K-feldspar pIRIR signals due to uncompensated decrease in electron trapping probability E.pdf,Qin J et al.-2018-RM-Initial sensitivity change of K-feldspar pIRIR signals due to uncompensated decrease in electron trapping probability E.pdf,renamed,Renamed to: /Users/pz/VScode/OSL_source_ana/test1/Qin J et al.-2018-RM-Initial sensitivity change of K-feldspar pIRIR signals due to uncompensated decrease in electron trapping probability E.pdf
203,"Qiu QR et al.-2021-Tectonophysics-Late Quaternary steady deformation of the Minle Fault in the north Qilian Shan, NE Tibet.pdf","test1/Qiu QR et al.-2021-Tectonophysics-Late Quaternary steady deformation of the Minle Fault in the north Qilian Shan, NE Tibet.pdf",True,Liu Q et al.-2021-Tectonophysics-Late Quaternary steady deformation of the Minle Fault in the north Qilian Shan NE Tibet.pdf,Liu Q et al.-2021-Tectonophysics-Late Quaternary steady deformation of the Minle Fault in the north Qilian Shan NE Tibet.pdf,renamed,Renamed to: /Users/pz/VScode/OSL_source_ana/test1/Liu Q et al.-2021-Tectonophysics-Late Quaternary steady deformation of the Minle Fault in the north Qilian Shan NE Tibet.pdf
204,RPC_FURONG_2023.pdf,test1/RPC_FURONG_2023.pdf,True,Cui F et al.-2023-RPC-Improved separation of quartz optically stimulated luminescence from mixed sample using pulsed green light.pdf,Cui F et al.-2023-RPC-Improved separation of quartz optically stimulated luminescence from mixed sample using pulsed green light.pdf,renamed,Renamed to: /Users/pz/VScode/OSL_source_ana/test1/Cui F et al.-2023-RPC-Improved separation of quartz optically stimulated luminescence from mixed sample using pulsed green light.pdf
205,Rainfall_and_sea_level_drove_the_expansion_of_seas.pdf,test1/Rainfall_and_sea_level_drove_the_expansion_of_seas.pdf,True,Sawakuchi AO et al.-2022-NC-Rainfall and sea level drove the expansion of seasonally flooded habitats and associated bird populations across Amazonia.pdf,Sawakuchi AO et al.-2022-NC-Rainfall and sea level drove the expansion of seasonally flooded habitats and associated bird populations across Amazonia.pdf,renamed,Renamed to: /Users/pz/VScode/OSL_source_ana/test1/Sawakuchi AO et al.-2022-NC-Rainfall and sea level drove the expansion of seasonally flooded habitats and associated bird populations across Amazonia.pdf
206,Reconstruction_of_the_Catastrophic_Outburst_Floods.pdf,test1/Reconstruction_of_the_Catastrophic_Outburst_Floods.pdf,True,Ma J et al.-2024-Reconstruction of the Catastrophic Outburst Floods of the Diexi Ancient Landslide-Dammed Lake in the Upper Minjiang River E.pdf,Ma J et al.-2024-Reconstruction of the Catastrophic Outburst Floods of the Diexi Ancient Landslide-Dammed Lake in the Upper Minjiang River E.pdf,renamed,Renamed to: /Users/pz/VScode/OSL_source_ana/test1/Ma J et al.-2024-Reconstruction of the Catastrophic Outburst Floods of the Diexi Ancient Landslide-Dammed Lake in the Upper Minjiang River E.pdf
207,Registration Slip - AOGS MARS.pdf,test1/Registration Slip - AOGS MARS.pdf,False,,,skipped,Not a research paper
208,Reiners-2006-Annual Review of Earth and Planet.pdf,test1/Reiners-2006-Annual Review of Earth and Planet.pdf,True,Reiners PW & Brandon MT-2006-AREPS-Using Thermochronology to Understand Orogenic Erosion.pdf,Reiners PW & Brandon MT-2006-AREPS-Using Thermochronology to Understand Orogenic Erosion.pdf,renamed,Renamed to: /Users/pz/VScode/OSL_source_ana/test1/Reiners PW & Brandon MT-2006-AREPS-Using Thermochronology to Understand Orogenic Erosion.pdf
209,Relationships-between-fluvial-evolution-and-karstification-_2017_Quaternary-.pdf,test1/Relationships-between-fluvial-evolution-and-karstification-_2017_Quaternary-.pdf,True,Harmand D et al.-2017-QSR-Relationships between fluvial evolution and karstification related to climatic tectonic and eustatic forcing in temperate regions.pdf,Harmand D et al.-2017-QSR-Relationships between fluvial evolution and karstification related to climatic tectonic and eustatic forcing in temperate regions.pdf,renamed,Renamed to: /Users/pz/VScode/OSL_source_ana/test1/Harmand D et al.-2017-QSR-Relationships between fluvial evolution and karstification related to climatic tectonic and eustatic forcing in temperate regions.pdf
210,Revealing-the-pace-of-river-landscape-evolution-during-the_2017_Quaternary-S.pdf,test1/Revealing-the-pace-of-river-landscape-evolution-during-the_2017_Quaternary-S.pdf,True,Rixhon G et al.-2016-QSR-Revealing the pace of river landscape evolution during the Quaternary recent developments in numerical dating methods.pdf,Rixhon G et al.-2016-QSR-Revealing the pace of river landscape evolution during the Quaternary recent developments in numerical dating methods.pdf,renamed,Renamed to: /Users/pz/VScode/OSL_source_ana/test1/Rixhon G et al.-2016-QSR-Revealing the pace of river landscape evolution during the Quaternary recent developments in numerical dating methods.pdf
211,River-terrace-development-in-the-NE-Mediterranean-region-_2017_Quaternary-Sc.pdf,test1/River-terrace-development-in-the-NE-Mediterranean-region-_2017_Quaternary-Sc.pdf,True,Bridgland DR et al.-2017-QSR-River terrace development in the NE Mediterranean region Syria and Turkey Patterns in relation to crustal type.pdf,Bridgland DR et al.-2017-QSR-River terrace development in the NE Mediterranean region Syria and Turkey Patterns in relation to crustal type.pdf,renamed,Renamed to: /Users/pz/VScode/OSL_source_ana/test1/Bridgland DR et al.-2017-QSR-River terrace development in the NE Mediterranean region Syria and Turkey Patterns in relation to crustal type.pdf
212,River-terraces-and-alluvial-fans--The-case-for-an-inte_2017_Quaternary-Scien.pdf,test1/River-terraces-and-alluvial-fans--The-case-for-an-inte_2017_Quaternary-Scien.pdf,True,Mather AE et al.-2016-QSR-River terraces and alluvial fans The case for an integrated Quaternary fluvial archive.pdf,Mather AE et al.-2016-QSR-River terraces and alluvial fans The case for an integrated Quaternary fluvial archive.pdf,renamed,Renamed to: /Users/pz/VScode/OSL_source_ana/test1/Mather AE et al.-2016-QSR-River terraces and alluvial fans The case for an integrated Quaternary fluvial archive.pdf
213,"Roberts HM-2012-RM-Testing Post-IR IRSL protocols for minimising fading in feldspars, using Alaskan loess with independent chronological control.pdf","test1/Roberts HM-2012-RM-Testing Post-IR IRSL protocols for minimising fading in feldspars, using Alaskan loess with independent chronological control.pdf",True,Roberts HM-2012-RM-Testing Post-IR IRSL protocols for minimising fading in feldspars using Alaskan loess with independent chronological control.pdf,Roberts HM-2012-RM-Testing Post-IR IRSL protocols for minimising fading in feldspars using Alaskan loess with independent chronological control.pdf,renamed,Renamed to: /Users/pz/VScode/OSL_source_ana/test1/Roberts HM-2012-RM-Testing Post-IR IRSL protocols for minimising fading in feldspars using Alaskan loess with independent chronological control.pdf
214,Roberts HM-2012-RM-Testing Post-IR IRSL protocols for minimising fading in feldspars.pdf,test1/Roberts HM-2012-RM-Testing Post-IR IRSL protocols for minimising fading in feldspars.pdf,True,Roberts HM-2012-RM-Testing Post-IR IRSL protocols for minimising fading in feldspars using Alaskan loess with independent chronological control.pdf,Roberts HM-2012-RM-Testing Post-IR IRSL protocols for minimising fading in feldspars using Alaskan loess with independent chronological control (2).pdf,renamed,Renamed to: /Users/pz/VScode/OSL_source_ana/test1/Roberts HM-2012-RM-Testing Post-IR IRSL protocols for minimising fading in feldspars using Alaskan loess with independent chronological control (2).pdf
215,Robins L et al.-2022-QSR-Aeolian-fluvial processes control landscape evolution along dunefield margins of the northwestern Negev (Israel) since the late Quaternary.pdf,test1/Robins L et al.-2022-QSR-Aeolian-fluvial processes control landscape evolution along dunefield margins of the northwestern Negev (Israel) since the late Quaternary.pdf,True,Robins L et al.-2022-QSR-Aeolian fluvial processes control landscape evolution along dunefield margins of the northwestern Negev Israel sinc.pdf,Robins L et al.-2022-QSR-Aeolian fluvial processes control landscape evolution along dunefield margins of the northwestern Negev Israel sinc.pdf,renamed,Renamed to: /Users/pz/VScode/OSL_source_ana/test1/Robins L et al.-2022-QSR-Aeolian fluvial processes control landscape evolution along dunefield margins of the northwestern Negev Israel sinc.pdf
216,"Rowan et al.-2012-QG-Optically stimulated luminescence dating of glaciofluvial sediments on the Canterbury Plains, South Island, New Zealand.pdf","test1/Rowan et al.-2012-QG-Optically stimulated luminescence dating of glaciofluvial sediments on the Canterbury Plains, South Island, New Zealand.pdf",True,Rowan AV et al.-2011-QG-Optically stimulated luminescence dating of glaciofluvial sediments on the Canterbury Plains South Island New Zealand.pdf,Rowan AV et al.-2011-QG-Optically stimulated luminescence dating of glaciofluvial sediments on the Canterbury Plains South Island New Zealand.pdf,renamed,Renamed to: /Users/pz/VScode/OSL_source_ana/test1/Rowan AV et al.-2011-QG-Optically stimulated luminescence dating of glaciofluvial sediments on the Canterbury Plains South Island New Zealand.pdf
217,"Sadler & Jerolmack-2015-GS-Scaling laws for aggradation, denudation and progradation rates, the case for time-scale invariance at sediment sources and sinks..pdf","test1/Sadler & Jerolmack-2015-GS-Scaling laws for aggradation, denudation and progradation rates, the case for time-scale invariance at sediment sources and sinks..pdf",True,Sadler PM & Jerolmack DJ-2014-GSLSP-Scaling laws for aggradation denudation and progradation rates the case for time-scale invariance at sed.pdf,Sadler PM & Jerolmack DJ-2014-GSLSP-Scaling laws for aggradation denudation and progradation rates the case for time-scale invariance at sed.pdf,renamed,Renamed to: /Users/pz/VScode/OSL_source_ana/test1/Sadler PM & Jerolmack DJ-2014-GSLSP-Scaling laws for aggradation denudation and progradation rates the case for time-scale invariance at sed.pdf
218,Saucier RT-1996-EG-A contemporary appraisal of some key Fiskian concepts with emphasis on Holocene meander belt formation and morphology .pdf,test1/Saucier RT-1996-EG-A contemporary appraisal of some key Fiskian concepts with emphasis on Holocene meander belt formation and morphology .pdf,True,Saucier RT-1996-EG-A contemporary appraisal of some key Fiskian concepts with emphasis on Holocene meander belt formation and morphology.pdf,Saucier RT-1996-EG-A contemporary appraisal of some key Fiskian concepts with emphasis on Holocene meander belt formation and morphology.pdf,renamed,Renamed to: /Users/pz/VScode/OSL_source_ana/test1/Saucier RT-1996-EG-A contemporary appraisal of some key Fiskian concepts with emphasis on Holocene meander belt formation and morphology.pdf
219,Sawakuchi A et al-2022-NC-Rainfall and sea level drove the expansion of seasonally flooded habitats and associated bird populations across Amazonia.pdf,test1/Sawakuchi A et al-2022-NC-Rainfall and sea level drove the expansion of seasonally flooded habitats and associated bird populations across Amazonia.pdf,True,Sawakuchi AO et al.-2022-NC-Rainfall and sea level drove the expansion of seasonally flooded habitats and associated bird populations across Amazonia.pdf,Sawakuchi AO et al.-2022-NC-Rainfall and sea level drove the expansion of seasonally flooded habitats and associated bird populations across Amazonia (2).pdf,renamed,Renamed to: /Users/pz/VScode/OSL_source_ana/test1/Sawakuchi AO et al.-2022-NC-Rainfall and sea level drove the expansion of seasonally flooded habitats and associated bird populations across Amazonia (2).pdf
220,Sawakuchi A et al.-2018-EPSL-Luminescence of quartz and feldspar fingerprints provenance and correlates with the source area denudation in the Amazon River basin.pdf,test1/Sawakuchi A et al.-2018-EPSL-Luminescence of quartz and feldspar fingerprints provenance and correlates with the source area denudation in the Amazon River basin.pdf,True,Sawakuchi AO et al.-2018-EPSL-Luminescence of quartz and feldspar fingerprints provenance and correlates with source area denudation in Amazon River basin.pdf,Sawakuchi AO et al.-2018-EPSL-Luminescence of quartz and feldspar fingerprints provenance and correlates with source area denudation in Amazon River basin.pdf,renamed,Renamed to: /Users/pz/VScode/OSL_source_ana/test1/Sawakuchi AO et al.-2018-EPSL-Luminescence of quartz and feldspar fingerprints provenance and correlates with source area denudation in Amazon River basin.pdf
221,Sawakuchi et al.-2020-methods and protocols-optically stimulated luminescence sensitivity of quartz for provenance analusis.pdf,test1/Sawakuchi et al.-2020-methods and protocols-optically stimulated luminescence sensitivity of quartz for provenance analusis.pdf,True,Sawakuchi AO et al.-2020-MP-Optically Stimulated Luminescence Sensitivity of Quartz for Provenance Analysis.pdf,Sawakuchi AO et al.-2020-MP-Optically Stimulated Luminescence Sensitivity of Quartz for Provenance Analysis.pdf,renamed,Renamed to: /Users/pz/VScode/OSL_source_ana/test1/Sawakuchi AO et al.-2020-MP-Optically Stimulated Luminescence Sensitivity of Quartz for Provenance Analysis.pdf
222,"Schanz SA et al.-2018-Geomorphology-Multiple paths to straths, A review and reassessment of terrace genesis.pdf","test1/Schanz SA et al.-2018-Geomorphology-Multiple paths to straths, A review and reassessment of terrace genesis.pdf",True,Schanz SA et al.-2018-Geomorphology-Multiple paths to straths A review and reassessment of terrace genesis.pdf,Schanz SA et al.-2018-Geomorphology-Multiple paths to straths A review and reassessment of terrace genesis.pdf,renamed,Renamed to: /Users/pz/VScode/OSL_source_ana/test1/Schanz SA et al.-2018-Geomorphology-Multiple paths to straths A review and reassessment of terrace genesis.pdf
223,"Schumm 1979-Geomorphic thresholds, the concept and its applications.pdf","test1/Schumm 1979-Geomorphic thresholds, the concept and its applications.pdf",True,Schumm SA-1979-Geomorphology-Geomorphic thresholds the concept and its applications.pdf,Schumm SA-1979-Geomorphology-Geomorphic thresholds the concept and its applications.pdf,renamed,Renamed to: /Users/pz/VScode/OSL_source_ana/test1/Schumm SA-1979-Geomorphology-Geomorphic thresholds the concept and its applications.pdf
224,"Sharman G et al.-2021-Geology-Detrital signals of coastal erosion and fluvial sediment supply during glacio-eustatic sea-level rise, Southern California, USA.pdf","test1/Sharman G et al.-2021-Geology-Detrital signals of coastal erosion and fluvial sediment supply during glacio-eustatic sea-level rise, Southern California, USA.pdf",True,Sharman GR et al.-2021-Geology-Detrital signals of coastal erosion and fluvial sediment supply during glacio-eustatic sea-level rise Southern California USA.pdf,Sharman GR et al.-2021-Geology-Detrital signals of coastal erosion and fluvial sediment supply during glacio-eustatic sea-level rise Southern California USA.pdf,renamed,Renamed to: /Users/pz/VScode/OSL_source_ana/test1/Sharman GR et al.-2021-Geology-Detrital signals of coastal erosion and fluvial sediment supply during glacio-eustatic sea-level rise Southern California USA.pdf
225,ShenQJ et al.-2024-QG-Sedimentioy history in alpine Damqu wetland of Yangtz headwater in interior Tibetan Plateau.pdf,test1/ShenQJ et al.-2024-QG-Sedimentioy history in alpine Damqu wetland of Yangtz headwater in interior Tibetan Plateau.pdf,True,Shen Q et al.-2024-Quaternary Geochronology-Sedimentation history linked to global change in alpine Damqu Wetland of Yangtze River headwater.pdf,Shen Q et al.-2024-Quaternary Geochronology-Sedimentation history linked to global change in alpine Damqu Wetland of Yangtze River headwater.pdf,renamed,Renamed to: /Users/pz/VScode/OSL_source_ana/test1/Shen Q et al.-2024-Quaternary Geochronology-Sedimentation history linked to global change in alpine Damqu Wetland of Yangtze River headwater.pdf
226,ShenQJ_CV.pdf,test1/ShenQJ_CV.pdf,False,,,skipped,Not a research paper
227,Smedley RK et al.-2015-RM-Bleaching of the post-IR IRSL signal from individual grains of K-feldspar.pdf,test1/Smedley RK et al.-2015-RM-Bleaching of the post-IR IRSL signal from individual grains of K-feldspar.pdf,True,Smedley RK et al.-2015-RM-Bleaching of the post-IR IRSL signal from individual grains of K-feldspar Implications for single-grain dating.pdf,Smedley RK et al.-2015-RM-Bleaching of the post-IR IRSL signal from individual grains of K-feldspar Implications for single-grain dating.pdf,renamed,Renamed to: /Users/pz/VScode/OSL_source_ana/test1/Smedley RK et al.-2015-RM-Bleaching of the post-IR IRSL signal from individual grains of K-feldspar Implications for single-grain dating.pdf
228,Sohbati R et al.-2018-EPSL-Centennial- to millennial-scale hard rock erosion rates deduced from luminescence-depth profiles.pdf,test1/Sohbati R et al.-2018-EPSL-Centennial- to millennial-scale hard rock erosion rates deduced from luminescence-depth profiles.pdf,True,Sohbati R et al.-2018-EPSL-Centennial to millennial scale hard rock erosion rates deduced from luminescence depth profiles.pdf,Sohbati R et al.-2018-EPSL-Centennial to millennial scale hard rock erosion rates deduced from luminescence depth profiles.pdf,renamed,Renamed to: /Users/pz/VScode/OSL_source_ana/test1/Sohbati R et al.-2018-EPSL-Centennial to millennial scale hard rock erosion rates deduced from luminescence depth profiles.pdf
229,Souza P et al.-2023-QG-Quartz OSL sensitivity from dating data for provenance analysis of pleistocene and holocene fluvial sediments from lowland Amazonia.pdf,test1/Souza P et al.-2023-QG-Quartz OSL sensitivity from dating data for provenance analysis of pleistocene and holocene fluvial sediments from lowland Amazonia.pdf,True,Souza PE et al.-2023-Quaternary Geochronology-Quartz OSL sensitivity from dating data for provenance analysis of pleistocene and holocene fl.pdf,Souza PE et al.-2023-Quaternary Geochronology-Quartz OSL sensitivity from dating data for provenance analysis of pleistocene and holocene fl (2).pdf,renamed,Renamed to: /Users/pz/VScode/OSL_source_ana/test1/Souza PE et al.-2023-Quaternary Geochronology-Quartz OSL sensitivity from dating data for provenance analysis of pleistocene and holocene fl (2).pdf
230,Souza et al.-2024-QG-Using quartz OSL signals from SAR cycles for sediment provenance studies.pdf,test1/Souza et al.-2024-QG-Using quartz OSL signals from SAR cycles for sediment provenance studies.pdf,True,Souza PE et al.-2024-QG-Using quartz OSL signals from SAR cycles for sediment provenance studies.pdf,Souza PE et al.-2024-QG-Using quartz OSL signals from SAR cycles for sediment provenance studies.pdf,renamed,Renamed to: /Users/pz/VScode/OSL_source_ana/test1/Souza PE et al.-2024-QG-Using quartz OSL signals from SAR cycles for sediment provenance studies.pdf
231,Speed CM et al.-2024-Geology-Three-dimensional anatomy of a Cretaceous river avulsion.pdf,test1/Speed CM et al.-2024-Geology-Three-dimensional anatomy of a Cretaceous river avulsion.pdf,True,Speed CM et al.-2024-Geology-Three-dimensional anatomy of a Cretaceous river avulsion.pdf,Speed CM et al.-2024-Geology-Three-dimensional anatomy of a Cretaceous river avulsion (2).pdf,renamed,Renamed to: /Users/pz/VScode/OSL_source_ana/test1/Speed CM et al.-2024-Geology-Three-dimensional anatomy of a Cretaceous river avulsion (2).pdf
232,"Srivastava P et al.-2013-IJES-Late Pleistocene-Holocene morphosedimentary architecture, Spiti River, arid higher Himalaya.pdf","test1/Srivastava P et al.-2013-IJES-Late Pleistocene-Holocene morphosedimentary architecture, Spiti River, arid higher Himalaya.pdf",True,Srivastava P et al.-2013-IJES-Late Pleistocene-Holocene morphosedimentary architecture Spiti River arid higher Himalaya.pdf,Srivastava P et al.-2013-IJES-Late Pleistocene-Holocene morphosedimentary architecture Spiti River arid higher Himalaya.pdf,renamed,Renamed to: /Users/pz/VScode/OSL_source_ana/test1/Srivastava P et al.-2013-IJES-Late Pleistocene-Holocene morphosedimentary architecture Spiti River arid higher Himalaya.pdf
233,"Strecker et al.-2003-GSAB-Differential structural and geomorphic mountain-front evolution in an active continental collision zone, The northwest Pamir, southern Kyrgyzstan.pdf","test1/Strecker et al.-2003-GSAB-Differential structural and geomorphic mountain-front evolution in an active continental collision zone, The northwest Pamir, southern Kyrgyzstan.pdf",True,Strecker MR et al.-2003-GSAB-Differential structural and geomorphic mountain-front evolution in an active continental collision zone The nor.pdf,Strecker MR et al.-2003-GSAB-Differential structural and geomorphic mountain-front evolution in an active continental collision zone The nor.pdf,renamed,Renamed to: /Users/pz/VScode/OSL_source_ana/test1/Strecker MR et al.-2003-GSAB-Differential structural and geomorphic mountain-front evolution in an active continental collision zone The nor.pdf
234,Stubbins B et al.-2023-NC-Global climate forcing on late Miocene establishment of the Pampean aeolian system in South America.pdf,test1/Stubbins B et al.-2023-NC-Global climate forcing on late Miocene establishment of the Pampean aeolian system in South America.pdf,True,Stubbins B et al.-2023-NC-Global climate forcing on late Miocene establishment of the Pampean aeolian system in South America.pdf,Stubbins B et al.-2023-NC-Global climate forcing on late Miocene establishment of the Pampean aeolian system in South America (2).pdf,renamed,Renamed to: /Users/pz/VScode/OSL_source_ana/test1/Stubbins B et al.-2023-NC-Global climate forcing on late Miocene establishment of the Pampean aeolian system in South America (2).pdf
235,"Su Q et al.-2019-JEAS-Geomorphic evidence for northeastward expansion of the eastern Qilian Shan, northeastern Tibetan Plateau.pdf","test1/Su Q et al.-2019-JEAS-Geomorphic evidence for northeastward expansion of the eastern Qilian Shan, northeastern Tibetan Plateau.pdf",True,Su Q et al.-2019-JAES-Geomorphic evidence for northeastward expansion of the eastern Qilian Shan northeastern Tibetan Plateau.pdf,Su Q et al.-2019-JAES-Geomorphic evidence for northeastward expansion of the eastern Qilian Shan northeastern Tibetan Plateau.pdf,renamed,Renamed to: /Users/pz/VScode/OSL_source_ana/test1/Su Q et al.-2019-JAES-Geomorphic evidence for northeastward expansion of the eastern Qilian Shan northeastern Tibetan Plateau.pdf
236,"Su Q et al.-2022-PPP-River piracy and its geomorphic effects in the northern Qilian Shan, northeastern Qinghai-Tibet Plateau.pdf","test1/Su Q et al.-2022-PPP-River piracy and its geomorphic effects in the northern Qilian Shan, northeastern Qinghai-Tibet Plateau.pdf",True,Su Q et al.-2022-PPP-River piracy and its geomorphic effects in the northern Qilian Shan northeastern Qinghai-Tibet Plateau.pdf,Su Q et al.-2022-PPP-River piracy and its geomorphic effects in the northern Qilian Shan northeastern Qinghai-Tibet Plateau.pdf,renamed,Renamed to: /Users/pz/VScode/OSL_source_ana/test1/Su Q et al.-2022-PPP-River piracy and its geomorphic effects in the northern Qilian Shan northeastern Qinghai-Tibet Plateau.pdf
237,Sun XF et al.-2021-PNAS-Ancient DNA and multimethod dating confirm the late arrival of anatomically modern humans in southern China.pdf,test1/Sun XF et al.-2021-PNAS-Ancient DNA and multimethod dating confirm the late arrival of anatomically modern humans in southern China.pdf,True,Sun XF et al.-2021-PNAS-Ancient DNA and multimethod dating confirm the late arrival of anatomically modern humans in southern China.pdf,Sun XF et al.-2021-PNAS-Ancient DNA and multimethod dating confirm the late arrival of anatomically modern humans in southern China (2).pdf,renamed,Renamed to: /Users/pz/VScode/OSL_source_ana/test1/Sun XF et al.-2021-PNAS-Ancient DNA and multimethod dating confirm the late arrival of anatomically modern humans in southern China (2).pdf
238,Tan LC et al.-2018-QSR-High resolution monsoon precipitation changes on southeastern Tibetan Plateau over the past 2300 years.pdf,test1/Tan LC et al.-2018-QSR-High resolution monsoon precipitation changes on southeastern Tibetan Plateau over the past 2300 years.pdf,True,Tan LC et al.-2018-QSR-High resolution monsoon precipitation changes on southeastern Tibetan Plateau over the past 2300 years.pdf,Tan LC et al.-2018-QSR-High resolution monsoon precipitation changes on southeastern Tibetan Plateau over the past 2300 years (2).pdf,renamed,Renamed to: /Users/pz/VScode/OSL_source_ana/test1/Tan LC et al.-2018-QSR-High resolution monsoon precipitation changes on southeastern Tibetan Plateau over the past 2300 years (2).pdf
239,TangjiawanPaper_2018.pdf,test1/TangjiawanPaper_2018.pdf,True,Fan X et al.-2018-EG-Analyzing successive landslide dam formation by different triggering mechanisms The case of the Tangjiawan landslide Sichuan China.pdf,Fan X et al.-2018-EG-Analyzing successive landslide dam formation by different triggering mechanisms The case of the Tangjiawan landslide Sichuan China.pdf,renamed,Renamed to: /Users/pz/VScode/OSL_source_ana/test1/Fan X et al.-2018-EG-Analyzing successive landslide dam formation by different triggering mechanisms The case of the Tangjiawan landslide Sichuan China.pdf
240,The Cenozoic evolution of the Yellow River.pdf,test1/The Cenozoic evolution of the Yellow River.pdf,True,Lin X et al.-2024-ESR-The Cenozoic evolution of the Yellow River.pdf,Lin X et al.-2024-ESR-The Cenozoic evolution of the Yellow River.pdf,renamed,Renamed to: /Users/pz/VScode/OSL_source_ana/test1/Lin X et al.-2024-ESR-The Cenozoic evolution of the Yellow River.pdf
241,The-Fluvial-Archives-Group--20-years-of-research-connecti_2017_Quaternary-Sc.pdf,test1/The-Fluvial-Archives-Group--20-years-of-research-connecti_2017_Quaternary-Sc.pdf,True,Cordier S et al.-2017-QSR-The Fluvial Archives Group 20 years of research connecting fluvial geomorphology and palaeoenvironments.pdf,Cordier S et al.-2017-QSR-The Fluvial Archives Group 20 years of research connecting fluvial geomorphology and palaeoenvironments.pdf,renamed,Renamed to: /Users/pz/VScode/OSL_source_ana/test1/Cordier S et al.-2017-QSR-The Fluvial Archives Group 20 years of research connecting fluvial geomorphology and palaeoenvironments.pdf
242,The-Gediz-River-fluvial-archive--A-benchmark-for-Quater_2017_Quaternary-Scie.pdf,test1/The-Gediz-River-fluvial-archive--A-benchmark-for-Quater_2017_Quaternary-Scie.pdf,True,Maddy D et al.-2016-QSR-The Gediz River fluvial archive A benchmark for Quaternary research in Western Anatolia.pdf,Maddy D et al.-2016-QSR-The Gediz River fluvial archive A benchmark for Quaternary research in Western Anatolia.pdf,renamed,Renamed to: /Users/pz/VScode/OSL_source_ana/test1/Maddy D et al.-2016-QSR-The Gediz River fluvial archive A benchmark for Quaternary research in Western Anatolia.pdf
243,The-linking-of-the-upper-middle-and-lower-reaches-of-the-_2017_Quaternary-Sc.pdf,test1/The-linking-of-the-upper-middle-and-lower-reaches-of-the-_2017_Quaternary-Sc.pdf,True,Hu ZB et al.-2017-QSR-The linking of the upper middle and lower reaches of the Yellow River as a result of fluvial entrenchment.pdf,Hu ZB et al.-2017-QSR-The linking of the upper middle and lower reaches of the Yellow River as a result of fluvial entrenchment.pdf,renamed,Renamed to: /Users/pz/VScode/OSL_source_ana/test1/Hu ZB et al.-2017-QSR-The linking of the upper middle and lower reaches of the Yellow River as a result of fluvial entrenchment.pdf
244,Tian QY et al.-2020-Geomorphology-Late Quaternary variations in paleoerosion rates in the northern Qilian Shan revealed by 10Be in fluvial terraces.pdf,test1/Tian QY et al.-2020-Geomorphology-Late Quaternary variations in paleoerosion rates in the northern Qilian Shan revealed by 10Be in fluvial terraces.pdf,True,Tian QY et al.-2021-Geomorphology-Late Quaternary variations in paleoerosion rates in the northern Qilian Shan revealed by 10Be in fluvial terraces.pdf,Tian QY et al.-2021-Geomorphology-Late Quaternary variations in paleoerosion rates in the northern Qilian Shan revealed by 10Be in fluvial terraces (2).pdf,renamed,Renamed to: /Users/pz/VScode/OSL_source_ana/test1/Tian QY et al.-2021-Geomorphology-Late Quaternary variations in paleoerosion rates in the northern Qilian Shan revealed by 10Be in fluvial terraces (2).pdf
245,Tian QY et al.-2021-Geomorphology-Late Quaternary variations in paleoerosion rates in the northern Qilian Shan revealed by 10Be in fluvial terraces.pdf,test1/Tian QY et al.-2021-Geomorphology-Late Quaternary variations in paleoerosion rates in the northern Qilian Shan revealed by 10Be in fluvial terraces.pdf,True,Tian QY et al.-2021-Geomorphology-Late Quaternary variations in paleoerosion rates in the northern Qilian Shan revealed by 10Be in fluvial terraces.pdf,Tian QY et al.-2021-Geomorphology-Late Quaternary variations in paleoerosion rates in the northern Qilian Shan revealed by 10Be in fluvial terraces (3).pdf,renamed,Renamed to: /Users/pz/VScode/OSL_source_ana/test1/Tian QY et al.-2021-Geomorphology-Late Quaternary variations in paleoerosion rates in the northern Qilian Shan revealed by 10Be in fluvial terraces (3).pdf
246,Tian YT.pdf,test1/Tian YT.pdf,True,Tian Y et al.-2014-JGR-A thermochronological perspective on the morphotectonic evolution of the southeastern Tibetan Plateau.pdf,Tian Y et al.-2014-JGR-A thermochronological perspective on the morphotectonic evolution of the southeastern Tibetan Plateau.pdf,renamed,Renamed to: /Users/pz/VScode/OSL_source_ana/test1/Tian Y et al.-2014-JGR-A thermochronological perspective on the morphotectonic evolution of the southeastern Tibetan Plateau.pdf
247,Tian YT2.pdf,test1/Tian YT2.pdf,True,Tian Y et al.-2013-Tectonics-Constructing the Longmen Shan eastern Tibetan Plateau margin Insights from low-temperature thermochronology.pdf,Tian Y et al.-2013-Tectonics-Constructing the Longmen Shan eastern Tibetan Plateau margin Insights from low-temperature thermochronology.pdf,renamed,Renamed to: /Users/pz/VScode/OSL_source_ana/test1/Tian Y et al.-2013-Tectonics-Constructing the Longmen Shan eastern Tibetan Plateau margin Insights from low-temperature thermochronology.pdf
248,"Tofelde S et al.-2019-ESD-Alluvial channel response to environmental perturbations, fill-terrace formation and sediment-signal disruption.pdf","test1/Tofelde S et al.-2019-ESD-Alluvial channel response to environmental perturbations, fill-terrace formation and sediment-signal disruption.pdf",True,Tofelde S et al.-2019-ESD-Alluvial channel response to environmental perturbations fill-terrace formation and sediment-signal disruption.pdf,Tofelde S et al.-2019-ESD-Alluvial channel response to environmental perturbations fill-terrace formation and sediment-signal disruption.pdf,renamed,Renamed to: /Users/pz/VScode/OSL_source_ana/test1/Tofelde S et al.-2019-ESD-Alluvial channel response to environmental perturbations fill-terrace formation and sediment-signal disruption.pdf
249,"Tofelde et al.-2017-EPSL-100 kyr fluvial cut-and-fill terrace cycles since the Middle Pleistocene in the southern Central Andes, NW Argentina.pdf","test1/Tofelde et al.-2017-EPSL-100 kyr fluvial cut-and-fill terrace cycles since the Middle Pleistocene in the southern Central Andes, NW Argentina.pdf",True,Tofelde S et al.-2017-EPSL-100 kyr fluvial cut-and-fill terrace cycles since the Middle Pleistocene in the southern Central Andes NW Argentina.pdf,Tofelde S et al.-2017-EPSL-100 kyr fluvial cut-and-fill terrace cycles since the Middle Pleistocene in the southern Central Andes NW Argentina.pdf,renamed,Renamed to: /Users/pz/VScode/OSL_source_ana/test1/Tofelde S et al.-2017-EPSL-100 kyr fluvial cut-and-fill terrace cycles since the Middle Pleistocene in the southern Central Andes NW Argentina.pdf
250,Topotoolbox userguide.pdf,test1/Topotoolbox userguide.pdf,False,,,skipped,Not a research paper
251,Tracking_Downstream砾石技术软件PC测量粒径.pdf,test1/Tracking_Downstream砾石技术软件PC测量粒径.pdf,True,Purinton B & Bookhagen B-2021-JGRES-Tracking Downstream Variability in Large Grain-Size Distributions in the South-Central Andes.pdf,Purinton B & Bookhagen B-2021-JGRES-Tracking Downstream Variability in Large Grain-Size Distributions in the South-Central Andes.pdf,renamed,Renamed to: /Users/pz/VScode/OSL_source_ana/test1/Purinton B & Bookhagen B-2021-JGRES-Tracking Downstream Variability in Large Grain-Size Distributions in the South-Central Andes.pdf
252,"Transforming the Miocene Altyn Tagh fault slip into shortening of the North-Western Qilian Shan, Insights from the drainage basin geometry.pdf","test1/Transforming the Miocene Altyn Tagh fault slip into shortening of the North-Western Qilian Shan, Insights from the drainage basin geometry.pdf",True,Zhang H-p et al.-2014-Terra Nova-Transforming the Miocene Altyn Tagh fault slip into shortening of the north-western Qilian Shan insights fr.pdf,Zhang H-p et al.-2014-Terra Nova-Transforming the Miocene Altyn Tagh fault slip into shortening of the north-western Qilian Shan insights fr.pdf,renamed,Renamed to: /Users/pz/VScode/OSL_source_ana/test1/Zhang H-p et al.-2014-Terra Nova-Transforming the Miocene Altyn Tagh fault slip into shortening of the north-western Qilian Shan insights fr.pdf
253,Treatiseaeolianandclimatechange.pdf,test1/Treatiseaeolianandclimatechange.pdf,False,,,skipped,Not a research paper
254,Two-Late-Pleistocene-climate-driven-incision-aggradation-rh_2017_Quaternary-.pdf,test1/Two-Late-Pleistocene-climate-driven-incision-aggradation-rh_2017_Quaternary-.pdf,True,Panin A et al.-2016-QSR-Two Late Pleistocene climate-driven incision aggradation rhythms in the middle Dnieper River basin west-central Russian Plain.pdf,Panin A et al.-2016-QSR-Two Late Pleistocene climate-driven incision aggradation rhythms in the middle Dnieper River basin west-central Russian Plain.pdf,renamed,Renamed to: /Users/pz/VScode/OSL_source_ana/test1/Panin A et al.-2016-QSR-Two Late Pleistocene climate-driven incision aggradation rhythms in the middle Dnieper River basin west-central Russian Plain.pdf
255,Two-decades-of-numerical-modelling-to-understand-long-ter_2017_Quaternary-Sc.pdf,test1/Two-decades-of-numerical-modelling-to-understand-long-ter_2017_Quaternary-Sc.pdf,True,Veldkamp A et al.-2016-QSR-Two decades of numerical modelling to understand long term fluvial archives Advances and future perspectives.pdf,Veldkamp A et al.-2016-QSR-Two decades of numerical modelling to understand long term fluvial archives Advances and future perspectives.pdf,renamed,Renamed to: /Users/pz/VScode/OSL_source_ana/test1/Veldkamp A et al.-2016-QSR-Two decades of numerical modelling to understand long term fluvial archives Advances and future perspectives.pdf
256,Uraniumcomminutionages，Sedimenttransport anddepositiontime scales.pdf,test1/Uraniumcomminutionages，Sedimenttransport anddepositiontime scales.pdf,True,DePaolo DJ et al.-2012-CRG-Uranium comminution ages Sediment transport and deposition time scales.pdf,DePaolo DJ et al.-2012-CRG-Uranium comminution ages Sediment transport and deposition time scales.pdf,renamed,Renamed to: /Users/pz/VScode/OSL_source_ana/test1/DePaolo DJ et al.-2012-CRG-Uranium comminution ages Sediment transport and deposition time scales.pdf
257,"Usman M et al.-2024-ESR-Climatic influence on sediment distribution and transport in the Thar Desert (Sindh and Cholistan, Pakistan).pdf","test1/Usman M et al.-2024-ESR-Climatic influence on sediment distribution and transport in the Thar Desert (Sindh and Cholistan, Pakistan).pdf",True,Usman M et al.-2024-ESR-Climatic influence on sediment distribution and transport in the Thar Desert Sindh and Cholistan Pakistan.pdf,Usman M et al.-2024-ESR-Climatic influence on sediment distribution and transport in the Thar Desert Sindh and Cholistan Pakistan (2).pdf,renamed,Renamed to: /Users/pz/VScode/OSL_source_ana/test1/Usman M et al.-2024-ESR-Climatic influence on sediment distribution and transport in the Thar Desert Sindh and Cholistan Pakistan (2).pdf
258,Variable_Thrust_Rates_of_the_Eastern_Qilianshan_Mo.pdf,test1/Variable_Thrust_Rates_of_the_Eastern_Qilianshan_Mo.pdf,True,Lei J et al.-2021-FES-Variable Thrust Rates of the Eastern Qilianshan Mountain Front Northeastern Margin of the Tibet Plateau and Its Implic.pdf,Lei J et al.-2021-FES-Variable Thrust Rates of the Eastern Qilianshan Mountain Front Northeastern Margin of the Tibet Plateau and Its Implic.pdf,renamed,Renamed to: /Users/pz/VScode/OSL_source_ana/test1/Lei J et al.-2021-FES-Variable Thrust Rates of the Eastern Qilianshan Mountain Front Northeastern Margin of the Tibet Plateau and Its Implic.pdf
259,Wang H et al.-2019-Geomorpholohy-Evolution of a landslide-dammed lake on the southeastern Tibetan Plateau and its influence on river longitudinal profiles.pdf,test1/Wang H et al.-2019-Geomorpholohy-Evolution of a landslide-dammed lake on the southeastern Tibetan Plateau and its influence on river longitudinal profiles.pdf,True,Wang H et al.-2019-Geomorphology-Evolution of a landslide-dammed lake on the southeastern Tibetan Plateau and its influence on river longitudinal profiles.pdf,Wang H et al.-2019-Geomorphology-Evolution of a landslide-dammed lake on the southeastern Tibetan Plateau and its influence on river longitudinal profiles.pdf,renamed,Renamed to: /Users/pz/VScode/OSL_source_ana/test1/Wang H et al.-2019-Geomorphology-Evolution of a landslide-dammed lake on the southeastern Tibetan Plateau and its influence on river longitudinal profiles.pdf
260,"Wang J et al.-2013-SCES-Late Quaternary glacial chronology on the eastern slope of Gongga, Mountain, eastern Tibetan Plateau, China.pdf","test1/Wang J et al.-2013-SCES-Late Quaternary glacial chronology on the eastern slope of Gongga, Mountain, eastern Tibetan Plateau, China.pdf",True,Wang J et al.-2013-SCES-Late Quaternary glacial chronology on the eastern slope of Gongga Mountain eastern Tibetan Plateau China.pdf,Wang J et al.-2013-SCES-Late Quaternary glacial chronology on the eastern slope of Gongga Mountain eastern Tibetan Plateau China.pdf,renamed,Renamed to: /Users/pz/VScode/OSL_source_ana/test1/Wang J et al.-2013-SCES-Late Quaternary glacial chronology on the eastern slope of Gongga Mountain eastern Tibetan Plateau China.pdf
261,Wang J et al.-2023-EPSL-Millennial-scale glacier fluctuations on the southeastern Tibetan Plateau during MIS 2.pdf,test1/Wang J et al.-2023-EPSL-Millennial-scale glacier fluctuations on the southeastern Tibetan Plateau during MIS 2.pdf,True,Wang J et al.-2023-EPSL-Millennial-scale glacier fluctuations on the southeastern Tibetan Plateau during MIS 2.pdf,Wang J et al.-2023-EPSL-Millennial-scale glacier fluctuations on the southeastern Tibetan Plateau during MIS 2 (2).pdf,renamed,Renamed to: /Users/pz/VScode/OSL_source_ana/test1/Wang J et al.-2023-EPSL-Millennial-scale glacier fluctuations on the southeastern Tibetan Plateau during MIS 2 (2).pdf
262,Wang J et al.-2025-NC-Response time of global deltas to changes in fluvial sediment supply.pdf,test1/Wang J et al.-2025-NC-Response time of global deltas to changes in fluvial sediment supply.pdf,True,Wang J et al.-2025-NC-Response time of global deltas to changes in fluvial sediment supply.pdf,Wang J et al.-2025-NC-Response time of global deltas to changes in fluvial sediment supply (2).pdf,renamed,Renamed to: /Users/pz/VScode/OSL_source_ana/test1/Wang J et al.-2025-NC-Response time of global deltas to changes in fluvial sediment supply (2).pdf
263,"Wang L et al.-2025-GRL-Slowdown of Dune Migration in East Asia's Inland Deserts A 35‐Year Response to Wind Stilling,.pdf","test1/Wang L et al.-2025-GRL-Slowdown of Dune Migration in East Asia's Inland Deserts A 35‐Year Response to Wind Stilling,.pdf",True,Wang L et al.-2025-GRL-Slowdown of Dune Migration in East Asia Inland Deserts 35 Year Response to Wind Stilling.pdf,Wang L et al.-2025-GRL-Slowdown of Dune Migration in East Asia Inland Deserts 35 Year Response to Wind Stilling.pdf,renamed,Renamed to: /Users/pz/VScode/OSL_source_ana/test1/Wang L et al.-2025-GRL-Slowdown of Dune Migration in East Asia Inland Deserts 35 Year Response to Wind Stilling.pdf
264,"Wang L et al.-2025-GRL-Slowdown of Dune Migration in East Asia's Inland Deserts, A 35‐Year Response to Wind Stilling.pdf","test1/Wang L et al.-2025-GRL-Slowdown of Dune Migration in East Asia's Inland Deserts, A 35‐Year Response to Wind Stilling.pdf",True,Wang L et al.-2025-GRL-Slowdown of Dune Migration in East Asia's Inland Deserts A 35-Year Response to Wind Stilling.pdf,Wang L et al.-2025-GRL-Slowdown of Dune Migration in East Asia's Inland Deserts A 35-Year Response to Wind Stilling.pdf,renamed,Renamed to: /Users/pz/VScode/OSL_source_ana/test1/Wang L et al.-2025-GRL-Slowdown of Dune Migration in East Asia's Inland Deserts A 35-Year Response to Wind Stilling.pdf
265,"Wang P et al.-2024-EPSL-Catastrophic outburst floods along the middle Yarlung Tsangpo River, Responses to coupled fault and glacial activity on the Southern Tibetan Plateau.pdf","test1/Wang P et al.-2024-EPSL-Catastrophic outburst floods along the middle Yarlung Tsangpo River, Responses to coupled fault and glacial activity on the Southern Tibetan Plateau.pdf",True,Wang P et al.-2024-EPSL-Catastrophic outburst floods along the middle Yarlung Tsangpo River Responses to coupled fault and glacial activity.pdf,Wang P et al.-2024-EPSL-Catastrophic outburst floods along the middle Yarlung Tsangpo River Responses to coupled fault and glacial activity.pdf,renamed,Renamed to: /Users/pz/VScode/OSL_source_ana/test1/Wang P et al.-2024-EPSL-Catastrophic outburst floods along the middle Yarlung Tsangpo River Responses to coupled fault and glacial activity.pdf
266,Wang WC et al.-2024-QSR-Anti-phase glacier fluctuations on the millennial-scale on the southern Tibetan Plateau and New Zealand during the last glacial period.pdf,test1/Wang WC et al.-2024-QSR-Anti-phase glacier fluctuations on the millennial-scale on the southern Tibetan Plateau and New Zealand during the last glacial period.pdf,True,Wang W et al.-2024-QSR-Anti-phase glacier fluctuations on the millennial-scale on the southern Tibetan Plateau and New Zealand during the la.pdf,Wang W et al.-2024-QSR-Anti-phase glacier fluctuations on the millennial-scale on the southern Tibetan Plateau and New Zealand during the la.pdf,renamed,Renamed to: /Users/pz/VScode/OSL_source_ana/test1/Wang W et al.-2024-QSR-Anti-phase glacier fluctuations on the millennial-scale on the southern Tibetan Plateau and New Zealand during the la.pdf
267,Wang2020Lithosphere.pdf,test1/Wang2020Lithosphere.pdf,True,Wang Y et al.-2020-Lithosphere-Channel Profile Response to Abrupt Increases in Mountain Uplift Rates Implications for Late Miocene to Plioce.pdf,Wang Y et al.-2020-Lithosphere-Channel Profile Response to Abrupt Increases in Mountain Uplift Rates Implications for Late Miocene to Plioce.pdf,renamed,Renamed to: /Users/pz/VScode/OSL_source_ana/test1/Wang Y et al.-2020-Lithosphere-Channel Profile Response to Abrupt Increases in Mountain Uplift Rates Implications for Late Miocene to Plioce.pdf
268,"Wegmann & Pazzaglia-2002-GSAB-Holocene strath terraces, climate change, and active tectonics, The Clearwater River basin, Olympic Peninsula, Washington State.pdf","test1/Wegmann & Pazzaglia-2002-GSAB-Holocene strath terraces, climate change, and active tectonics, The Clearwater River basin, Olympic Peninsula, Washington State.pdf",True,Wegmann KW & Pazzaglia F-2002-GSAB-Holocene strath terraces climate change and active tectonics The Clearwater River basin Olympic Peninsula.pdf,Wegmann KW & Pazzaglia F-2002-GSAB-Holocene strath terraces climate change and active tectonics The Clearwater River basin Olympic Peninsula.pdf,renamed,Renamed to: /Users/pz/VScode/OSL_source_ana/test1/Wegmann KW & Pazzaglia F-2002-GSAB-Holocene strath terraces climate change and active tectonics The Clearwater River basin Olympic Peninsula.pdf
269,"Willett-2006-Tectonics, Climate, and Landscape Evolution-GSA Special Publication.pdf","test1/Willett-2006-Tectonics, Climate, and Landscape Evolution-GSA Special Publication.pdf",True,Willett S et al.-2006-GSASP-Tectonics Climate and Landscape Evolution.pdf,Willett S et al.-2006-GSASP-Tectonics Climate and Landscape Evolution.pdf,renamed,Renamed to: /Users/pz/VScode/OSL_source_ana/test1/Willett S et al.-2006-GSASP-Tectonics Climate and Landscape Evolution.pdf
270,Wintle-2017-RM-OSL signals from Quartz a review.pdf,test1/Wintle-2017-RM-OSL signals from Quartz a review.pdf,True,Wintle AG & Adamiec G-2017-RM-Review Optically stimulated luminescence signals from quartz A review.pdf,Wintle AG & Adamiec G-2017-RM-Review Optically stimulated luminescence signals from quartz A review.pdf,renamed,Renamed to: /Users/pz/VScode/OSL_source_ana/test1/Wintle AG & Adamiec G-2017-RM-Review Optically stimulated luminescence signals from quartz A review.pdf
271,"Wu XW et al.-2024-QSR-Fluvial landscape change in Anqing through the last glacial cycle, Implications for eustatic controls on the Yangtze River's continental-scale incision-aggradation cycles.pdf","test1/Wu XW et al.-2024-QSR-Fluvial landscape change in Anqing through the last glacial cycle, Implications for eustatic controls on the Yangtze River's continental-scale incision-aggradation cycles.pdf",True,Wu X et al.-2024-QSR-Fluvial landscape change in Anqing through the last glacial cycle Implications for eustatic controls on the Yangtze Riv.pdf,Wu X et al.-2024-QSR-Fluvial landscape change in Anqing through the last glacial cycle Implications for eustatic controls on the Yangtze Riv.pdf,renamed,Renamed to: /Users/pz/VScode/OSL_source_ana/test1/Wu X et al.-2024-QSR-Fluvial landscape change in Anqing through the last glacial cycle Implications for eustatic controls on the Yangtze Riv.pdf
272,"Xiong JG et al.-2017-Geomorphology-Paleomagnetic age of the Tangxian planation surface, northwestern Zhongtiao Shan of the Shanxi Graben System, North China.pdf","test1/Xiong JG et al.-2017-Geomorphology-Paleomagnetic age of the Tangxian planation surface, northwestern Zhongtiao Shan of the Shanxi Graben System, North China.pdf",True,Xiong JG et al.-2017-Geomorphology-Paleomagnetic age of the Tangxian planation surface northwestern Zhongtiao Shan of the Shanxi Graben System North China.pdf,Xiong JG et al.-2017-Geomorphology-Paleomagnetic age of the Tangxian planation surface northwestern Zhongtiao Shan of the Shanxi Graben System North China.pdf,renamed,Renamed to: /Users/pz/VScode/OSL_source_ana/test1/Xiong JG et al.-2017-Geomorphology-Paleomagnetic age of the Tangxian planation surface northwestern Zhongtiao Shan of the Shanxi Graben System North China.pdf
273,"Xiong JG et al.-2017-Tectonics-Latest Pleistocene to Holocene Thrusting Recorded by a Flight of Strath Terraces in the Eastern Qilian Shan, NE Tibetan Plateau.pdf","test1/Xiong JG et al.-2017-Tectonics-Latest Pleistocene to Holocene Thrusting Recorded by a Flight of Strath Terraces in the Eastern Qilian Shan, NE Tibetan Plateau.pdf",True,Xiong JG et al.-2017-Tectonics-Latest Pleistocene to Holocene Thrusting Recorded by a Flight of Strath Terraces in the Eastern Qilian Shan N.pdf,Xiong JG et al.-2017-Tectonics-Latest Pleistocene to Holocene Thrusting Recorded by a Flight of Strath Terraces in the Eastern Qilian Shan N.pdf,renamed,Renamed to: /Users/pz/VScode/OSL_source_ana/test1/Xiong JG et al.-2017-Tectonics-Latest Pleistocene to Holocene Thrusting Recorded by a Flight of Strath Terraces in the Eastern Qilian Shan N.pdf
274,Xiong JG et al.-2022-Geomorphology-ntrenchment of the Yellow River since the late Miocene under changing tectonics and climate.pdf,test1/Xiong JG et al.-2022-Geomorphology-ntrenchment of the Yellow River since the late Miocene under changing tectonics and climate.pdf,True,Xiong J et al.-2022-Geomorphology-Entrenchment of the Yellow River since the late Miocene under changing tectonics and climate.pdf,Xiong J et al.-2022-Geomorphology-Entrenchment of the Yellow River since the late Miocene under changing tectonics and climate.pdf,renamed,Renamed to: /Users/pz/VScode/OSL_source_ana/test1/Xiong J et al.-2022-Geomorphology-Entrenchment of the Yellow River since the late Miocene under changing tectonics and climate.pdf
275,"Yan Q et al.-2020-EPSL-Deciphering the evolution and forcing mechanisms of glaciation over the Himalayan-Tibetan orogen during the past 20,000 years.pdf","test1/Yan Q et al.-2020-EPSL-Deciphering the evolution and forcing mechanisms of glaciation over the Himalayan-Tibetan orogen during the past 20,000 years.pdf",True,Yan Q et al.-2020-EPSL-Deciphering the evolution and forcing mechanisms of glaciation over the Himalayan-Tibetan orogen during the past 20000 years.pdf,Yan Q et al.-2020-EPSL-Deciphering the evolution and forcing mechanisms of glaciation over the Himalayan-Tibetan orogen during the past 20000 years.pdf,renamed,Renamed to: /Users/pz/VScode/OSL_source_ana/test1/Yan Q et al.-2020-EPSL-Deciphering the evolution and forcing mechanisms of glaciation over the Himalayan-Tibetan orogen during the past 20000 years.pdf
276,"Yang HB et al.-2018.-JAES-New constraints on slip rates of the Fodongmiao-Hongyazi fault in the NorthernQilian Shan, NE Tibet, from the 10Be exposure dating of offset terraces..pdf","test1/Yang HB et al.-2018.-JAES-New constraints on slip rates of the Fodongmiao-Hongyazi fault in the NorthernQilian Shan, NE Tibet, from the 10Be exposure dating of offset terraces..pdf",True,Yang H et al.-2018-JAES-New constraints on slip rates of the Fodongmiao-Hongyazi fault in the Northern Qilian Shan NE Tibet from the 10Be ex.pdf,Yang H et al.-2018-JAES-New constraints on slip rates of the Fodongmiao-Hongyazi fault in the Northern Qilian Shan NE Tibet from the 10Be ex.pdf,renamed,Renamed to: /Users/pz/VScode/OSL_source_ana/test1/Yang H et al.-2018-JAES-New constraints on slip rates of the Fodongmiao-Hongyazi fault in the Northern Qilian Shan NE Tibet from the 10Be ex.pdf
277,"Yang HB et al.-2018.-Tectonophysics- Activefold deformation and crustal shortening rates of the Qilian Shan ForelandThrust Belt, NE Tibet, since the LatePleistocene..pdf","test1/Yang HB et al.-2018.-Tectonophysics- Activefold deformation and crustal shortening rates of the Qilian Shan ForelandThrust Belt, NE Tibet, since the LatePleistocene..pdf",True,Yang H et al.-2018-Tectonophysics-Active fold deformation and crustal shortening rates of the Qilian Shan Foreland Thrust Belt NE Tibet sinc.pdf,Yang H et al.-2018-Tectonophysics-Active fold deformation and crustal shortening rates of the Qilian Shan Foreland Thrust Belt NE Tibet sinc.pdf,renamed,Renamed to: /Users/pz/VScode/OSL_source_ana/test1/Yang H et al.-2018-Tectonophysics-Active fold deformation and crustal shortening rates of the Qilian Shan Foreland Thrust Belt NE Tibet sinc.pdf
278,Yanites2025_Science_Cascading land surface hazards as a nexus in the Earth system.pdf,test1/Yanites2025_Science_Cascading land surface hazards as a nexus in the Earth system.pdf,True,Yanites BJ et al.-2025-Science-Cascading land surface hazards as a nexus in the Earth system.pdf,Yanites BJ et al.-2025-Science-Cascading land surface hazards as a nexus in the Earth system.pdf,renamed,Renamed to: /Users/pz/VScode/OSL_source_ana/test1/Yanites BJ et al.-2025-Science-Cascading land surface hazards as a nexus in the Earth system.pdf
279,Yao P et al.-2020-Geomorphology-The relative efficiency and influence of glacial and fluvial erosion on Tibetan Plateau landscapes.pdf,test1/Yao P et al.-2020-Geomorphology-The relative efficiency and influence of glacial and fluvial erosion on Tibetan Plateau landscapes.pdf,True,Yao P et al.-2020-Geomorphology-The relative efficiency and influence of glacial and fluvial erosion on Tibetan Plateau landscapes.pdf,Yao P et al.-2020-Geomorphology-The relative efficiency and influence of glacial and fluvial erosion on Tibetan Plateau landscapes (2).pdf,renamed,Renamed to: /Users/pz/VScode/OSL_source_ana/test1/Yao P et al.-2020-Geomorphology-The relative efficiency and influence of glacial and fluvial erosion on Tibetan Plateau landscapes (2).pdf
280,"Yu Y et al.-2024-Geomorphology-Differential terrace configurations in the Upper Yangtze River, Evaluating distinct intensifies of external perturbation and their impact on river behaviors.pdf","test1/Yu Y et al.-2024-Geomorphology-Differential terrace configurations in the Upper Yangtze River, Evaluating distinct intensifies of external perturbation and their impact on river behaviors.pdf",True,Yu Y et al.-2024-Geomorphology-Differential terrace configurations in the Upper Yangtze River Evaluating distinct intensifies of external pe.pdf,Yu Y et al.-2024-Geomorphology-Differential terrace configurations in the Upper Yangtze River Evaluating distinct intensifies of external pe.pdf,renamed,Renamed to: /Users/pz/VScode/OSL_source_ana/test1/Yu Y et al.-2024-Geomorphology-Differential terrace configurations in the Upper Yangtze River Evaluating distinct intensifies of external pe.pdf
281,"Yu et al.-2024-Geomorphology-Differential terrace configurations in the Upper Yangtze River, Evaluating distinct intensifies of external perturbation and their impact on river behaviors.pdf","test1/Yu et al.-2024-Geomorphology-Differential terrace configurations in the Upper Yangtze River, Evaluating distinct intensifies of external perturbation and their impact on river behaviors.pdf",True,Yu Y et al.-2024-Geomorphology-Differential terrace configurations in the Upper Yangtze River Evaluating distinct intensifies of external pe.pdf,Yu Y et al.-2024-Geomorphology-Differential terrace configurations in the Upper Yangtze River Evaluating distinct intensifies of external pe (2).pdf,renamed,Renamed to: /Users/pz/VScode/OSL_source_ana/test1/Yu Y et al.-2024-Geomorphology-Differential terrace configurations in the Upper Yangtze River Evaluating distinct intensifies of external pe (2).pdf
282,Yuan XP et al.-2023-EPSL-Downstream propagation of fluvial erosion in Eastern Tibet.pdf,test1/Yuan XP et al.-2023-EPSL-Downstream propagation of fluvial erosion in Eastern Tibet.pdf,True,Yuan XP et al.-2023-EPSL-Downstream propagation of fluvial erosion in Eastern Tibet.pdf,Yuan XP et al.-2023-EPSL-Downstream propagation of fluvial erosion in Eastern Tibet (2).pdf,renamed,Renamed to: /Users/pz/VScode/OSL_source_ana/test1/Yuan XP et al.-2023-EPSL-Downstream propagation of fluvial erosion in Eastern Tibet (2).pdf
283,"Yuan XP et al.-2023-Geology-Propagating uplift controls on high-elevation, low-relief landscape formation in the southeast Tibetan Plateau.pdf","test1/Yuan XP et al.-2023-Geology-Propagating uplift controls on high-elevation, low-relief landscape formation in the southeast Tibetan Plateau.pdf",True,Yuan X et al.-2022-Geology-Propagating uplift controls on high elevation low relief landscape formation in the southeast Tibetan Plateau.pdf,Yuan X et al.-2022-Geology-Propagating uplift controls on high elevation low relief landscape formation in the southeast Tibetan Plateau.pdf,renamed,Renamed to: /Users/pz/VScode/OSL_source_ana/test1/Yuan X et al.-2022-Geology-Propagating uplift controls on high elevation low relief landscape formation in the southeast Tibetan Plateau.pdf
284,Zeeden C et al.-QG-2018-Discriminating luminescence age uncertainty composition for a robust Bayesian modelling.pdf,test1/Zeeden C et al.-QG-2018-Discriminating luminescence age uncertainty composition for a robust Bayesian modelling.pdf,True,Zeeden C et al.-2018-QG-Discriminating luminescence age uncertainty composition for a robust Bayesian modelling.pdf,Zeeden C et al.-2018-QG-Discriminating luminescence age uncertainty composition for a robust Bayesian modelling.pdf,renamed,Renamed to: /Users/pz/VScode/OSL_source_ana/test1/Zeeden C et al.-2018-QG-Discriminating luminescence age uncertainty composition for a robust Bayesian modelling.pdf
285,"Zhang & Mischke-2009-QSR-A Lateglacial and Holocene lake record from the Nianbaoyeze Mountains and inferences of lake,glacier and climate evolution on the eastern Tibetan Plateau.pdf","test1/Zhang & Mischke-2009-QSR-A Lateglacial and Holocene lake record from the Nianbaoyeze Mountains and inferences of lake,glacier and climate evolution on the eastern Tibetan Plateau.pdf",True,Zhang C & Mischke S-2009-QSR-A Lateglacial and Holocene lake record from the Nianbaoyeze Mountains and inferences of lake glacier and climat.pdf,Zhang C & Mischke S-2009-QSR-A Lateglacial and Holocene lake record from the Nianbaoyeze Mountains and inferences of lake glacier and climat.pdf,renamed,Renamed to: /Users/pz/VScode/OSL_source_ana/test1/Zhang C & Mischke S-2009-QSR-A Lateglacial and Holocene lake record from the Nianbaoyeze Mountains and inferences of lake glacier and climat.pdf
286,Zhang AM et al.-2023- Luminescence fingerprints fluvial sediment transport from the Tibetan Plateau to the Bangladesh Delta.pdf,test1/Zhang AM et al.-2023- Luminescence fingerprints fluvial sediment transport from the Tibetan Plateau to the Bangladesh Delta.pdf,True,Zhang A et al.-2023-EPSL-Luminescence fingerprints fluvial sediment transport from the Tibetan Plateau to the Bangladesh Delta.pdf,Zhang A et al.-2023-EPSL-Luminescence fingerprints fluvial sediment transport from the Tibetan Plateau to the Bangladesh Delta.pdf,renamed,Renamed to: /Users/pz/VScode/OSL_source_ana/test1/Zhang A et al.-2023-EPSL-Luminescence fingerprints fluvial sediment transport from the Tibetan Plateau to the Bangladesh Delta.pdf
287,Zhang J et al.-2023-Geomorphology-A 10Be-based paleo-erosion record for the Qilian Shan (NE Tibet) over the past 4.2 Ma from a drillcore in the Hexi Corridor.pdf,test1/Zhang J et al.-2023-Geomorphology-A 10Be-based paleo-erosion record for the Qilian Shan (NE Tibet) over the past 4.2 Ma from a drillcore in the Hexi Corridor.pdf,True,Zhang J et al.-2023-Geomorphology-A 10Be-based paleo-erosion record for the Qilian Shan NE Tibet over the past 42 Ma from a drillcore in the Hexi Corridor.pdf,Zhang J et al.-2023-Geomorphology-A 10Be-based paleo-erosion record for the Qilian Shan NE Tibet over the past 42 Ma from a drillcore in the Hexi Corridor.pdf,renamed,Renamed to: /Users/pz/VScode/OSL_source_ana/test1/Zhang J et al.-2023-Geomorphology-A 10Be-based paleo-erosion record for the Qilian Shan NE Tibet over the past 42 Ma from a drillcore in the Hexi Corridor.pdf
288,Zhang JJ et al.-2022-Geology-An absolutely dated record of climate change over the last three glacial–interglacial cycles from Chinese loess deposits.pdf,test1/Zhang JJ et al.-2022-Geology-An absolutely dated record of climate change over the last three glacial–interglacial cycles from Chinese loess deposits.pdf,True,Zhang J et al.-2022-Geology-An absolutely dated record of climate change over the last three glacial–interglacial cycles from Chinese loess deposits.pdf,Zhang J et al.-2022-Geology-An absolutely dated record of climate change over the last three glacial–interglacial cycles from Chinese loess deposits.pdf,renamed,Renamed to: /Users/pz/VScode/OSL_source_ana/test1/Zhang J et al.-2022-Geology-An absolutely dated record of climate change over the last three glacial–interglacial cycles from Chinese loess deposits.pdf
289,Zhang JJ&Li SH-2020-MP-Review of the post-IR IRSL dating protocols of K-feldspar.pdf,test1/Zhang JJ&Li SH-2020-MP-Review of the post-IR IRSL dating protocols of K-feldspar.pdf,True,Zhang J & Li S-H-2020-MP-Review of the Post-IR IRSL Dating Protocols of K-Feldspar.pdf,Zhang J & Li S-H-2020-MP-Review of the Post-IR IRSL Dating Protocols of K-Feldspar.pdf,renamed,Renamed to: /Users/pz/VScode/OSL_source_ana/test1/Zhang J & Li S-H-2020-MP-Review of the Post-IR IRSL Dating Protocols of K-Feldspar.pdf
290,Zhang JP et al.-2024-Science-Rice's trajectory from wild to domesticated in East Asia.pdf,test1/Zhang JP et al.-2024-Science-Rice's trajectory from wild to domesticated in East Asia.pdf,True,Zhang J et al.-2024-Science-Rices trajectory from wild to domesticated in East Asia.pdf,Zhang J et al.-2024-Science-Rices trajectory from wild to domesticated in East Asia.pdf,renamed,Renamed to: /Users/pz/VScode/OSL_source_ana/test1/Zhang J et al.-2024-Science-Rices trajectory from wild to domesticated in East Asia.pdf
291,Zhang JP et al.-2024-Science-supplementary-Rice's trajectory from wild to domesticated in East Asia.pdf,test1/Zhang JP et al.-2024-Science-supplementary-Rice's trajectory from wild to domesticated in East Asia.pdf,False,,,skipped,Not a research paper
292,Zhang ZJ et al.-2021-ESR-Formation of the Three Gorges (Yangtze River) no earlier than 10 Ma.pdf,test1/Zhang ZJ et al.-2021-ESR-Formation of the Three Gorges (Yangtze River) no earlier than 10 Ma.pdf,True,Zhang Z et al.-2021-ESR-Formation of the Three Gorges Yangtze River no earlier than 10 Ma.pdf,Zhang Z et al.-2021-ESR-Formation of the Three Gorges Yangtze River no earlier than 10 Ma.pdf,renamed,Renamed to: /Users/pz/VScode/OSL_source_ana/test1/Zhang Z et al.-2021-ESR-Formation of the Three Gorges Yangtze River no earlier than 10 Ma.pdf
293,Zhao H et al.-2023-Evolution and migration of the highest megadunes on Earth.pdf,test1/Zhao H et al.-2023-Evolution and migration of the highest megadunes on Earth.pdf,False,,,skipped,Not a research paper
294,"Zhao XD et al.,-2021-GRL-Pliocene to Early Pleistocene Drainage Reorganization in Eastern Tibet.pdf","test1/Zhao XD et al.,-2021-GRL-Pliocene to Early Pleistocene Drainage Reorganization in Eastern Tibet.pdf",True,Zhao XD et al.-2021-GRL-Pliocene to Early Pleistocene Drainage Reorganization in Eastern Tibet Inferred From Detrital Zircons.pdf,Zhao XD et al.-2021-GRL-Pliocene to Early Pleistocene Drainage Reorganization in Eastern Tibet Inferred From Detrital Zircons.pdf,renamed,Renamed to: /Users/pz/VScode/OSL_source_ana/test1/Zhao XD et al.-2021-GRL-Pliocene to Early Pleistocene Drainage Reorganization in Eastern Tibet Inferred From Detrital Zircons.pdf
295,"Zhao XD et al.,-2021-NC-Existence of a continental- scale river sysetm.pdf","test1/Zhao XD et al.,-2021-NC-Existence of a continental- scale river sysetm.pdf",True,Zhao XD et al.-2021-NC-Existence of a continental-scale river system in eastern Tibet during the late Cretaceous early Palaeogene.pdf,Zhao XD et al.-2021-NC-Existence of a continental-scale river system in eastern Tibet during the late Cretaceous early Palaeogene.pdf,renamed,Renamed to: /Users/pz/VScode/OSL_source_ana/test1/Zhao XD et al.-2021-NC-Existence of a continental-scale river system in eastern Tibet during the late Cretaceous early Palaeogene.pdf
296,Zhao YQ et al.-2023-GRL-From Desiccation to Re-Integration of the Yellow River Since the Last Glaciation.pdf,test1/Zhao YQ et al.-2023-GRL-From Desiccation to Re-Integration of the Yellow River Since the Last Glaciation.pdf,True,Zhao Y et al.-2023-GRL-From Desiccation to Re-Integration of the Yellow River Since the Last Glaciation.pdf,Zhao Y et al.-2023-GRL-From Desiccation to Re-Integration of the Yellow River Since the Last Glaciation.pdf,renamed,Renamed to: /Users/pz/VScode/OSL_source_ana/test1/Zhao Y et al.-2023-GRL-From Desiccation to Re-Integration of the Yellow River Since the Last Glaciation.pdf
297,Zheng et al 2017 Lithosphere.pdf,test1/Zheng et al 2017 Lithosphere.pdf,True,Zheng D et al.-2017-Lithosphere-Progressive northward growth of the northern Qilian Shan Hexi Corridor northeastern Tibet during the Cenozoic.pdf,Zheng D et al.-2017-Lithosphere-Progressive northward growth of the northern Qilian Shan Hexi Corridor northeastern Tibet during the Cenozoic.pdf,renamed,Renamed to: /Users/pz/VScode/OSL_source_ana/test1/Zheng D et al.-2017-Lithosphere-Progressive northward growth of the northern Qilian Shan Hexi Corridor northeastern Tibet during the Cenozoic.pdf
298,"Zhong YQ et al.-2025-JGS-Drainage response to superimposeddeformation of the Weiyuan anticline in the southwestern Sichuan Basin, China.pdf","test1/Zhong YQ et al.-2025-JGS-Drainage response to superimposeddeformation of the Weiyuan anticline in the southwestern Sichuan Basin, China.pdf",True,Zhong Y et al.-2025-JGS-Drainage response to superimposed deformation of the Weiyuan anticline in the southwestern Sichuan Basin China.pdf,Zhong Y et al.-2025-JGS-Drainage response to superimposed deformation of the Weiyuan anticline in the southwestern Sichuan Basin China.pdf,renamed,Renamed to: /Users/pz/VScode/OSL_source_ana/test1/Zhong Y et al.-2025-JGS-Drainage response to superimposed deformation of the Weiyuan anticline in the southwestern Sichuan Basin China.pdf
299,Zhou J et al.-2020-QSR-Cosmogenic exposure dating of Nam Co lake terraces since MIS 5 in Tibet#湖泊沉积物#年代学#未读.pdf,test1/Zhou J et al.-2020-QSR-Cosmogenic exposure dating of Nam Co lake terraces since MIS 5 in Tibet#湖泊沉积物#年代学#未读.pdf,True,Zhou J et al.-2020-QSR-Cosmogenic 10Be and 26Al exposure dating of Nam Co lake terraces since MIS 5 southern Tibetan Plateau.pdf,Zhou J et al.-2020-QSR-Cosmogenic 10Be and 26Al exposure dating of Nam Co lake terraces since MIS 5 southern Tibetan Plateau.pdf,renamed,Renamed to: /Users/pz/VScode/OSL_source_ana/test1/Zhou J et al.-2020-QSR-Cosmogenic 10Be and 26Al exposure dating of Nam Co lake terraces since MIS 5 southern Tibetan Plateau.pdf
300,Zhou SZ et al-2011-Quaternary Glaciations - Extent and Chronology - A Closer Look .pdf,test1/Zhou SZ et al-2011-Quaternary Glaciations - Extent and Chronology - A Closer Look .pdf,False,,,skipped,Not a research paper
301,Zondaervan et al.-Geomorphology-Constraining a model of punctuated river incision for Quaternary strath terrace formation.pdf,test1/Zondaervan et al.-Geomorphology-Constraining a model of punctuated river incision for Quaternary strath terrace formation.pdf,True,Zondervan JR et al.-2022-Geomorphology-Constraining a model of punctuated river incision for Quaternary strath terrace formation.pdf,Zondervan JR et al.-2022-Geomorphology-Constraining a model of punctuated river incision for Quaternary strath terrace formation.pdf,renamed,Renamed to: /Users/pz/VScode/OSL_source_ana/test1/Zondervan JR et al.-2022-Geomorphology-Constraining a model of punctuated river incision for Quaternary strath terrace formation.pdf
302,Zondervan et al.-2023-ESPL-Lithological controls on the timing of strath terrace staircase formation in a collisional mountain belt.pdf,test1/Zondervan et al.-2023-ESPL-Lithological controls on the timing of strath terrace staircase formation in a collisional mountain belt.pdf,True,Zondervan JR et al.-2024-ESPL-Lithological controls on the timing of strath terrace staircase formation in a collisional mountain belt.pdf,Zondervan JR et al.-2024-ESPL-Lithological controls on the timing of strath terrace staircase formation in a collisional mountain belt.pdf,renamed,Renamed to: /Users/pz/VScode/OSL_source_ana/test1/Zondervan JR et al.-2024-ESPL-Lithological controls on the timing of strath terrace staircase formation in a collisional mountain belt.pdf
303,acceptance-32557.pdf,test1/acceptance-32557.pdf,False,,,skipped,Not a research paper
304,esurf-12-783-2024.pdf,test1/esurf-12-783-2024.pdf,True,Gelwick KD et al.-2024-ESD-Geomorphic indicators of continental-scale landscape transience in the Hengduan Mountains SE Tibet China.pdf,Gelwick KD et al.-2024-ESD-Geomorphic indicators of continental-scale landscape transience in the Hengduan Mountains SE Tibet China.pdf,renamed,Renamed to: /Users/pz/VScode/OSL_source_ana/test1/Gelwick KD et al.-2024-ESD-Geomorphic indicators of continental-scale landscape transience in the Hengduan Mountains SE Tibet China.pdf
305,j.1365-2117.1992.tb00145.x.pdf,test1/j.1365-2117.1992.tb00145.x.pdf,True,Paola C et al.-1992-BR-The large-scale dynamics of grain-size variation in alluvial basins 1 Theory.pdf,Paola C et al.-1992-BR-The large-scale dynamics of grain-size variation in alluvial basins 1 Theory.pdf,renamed,Renamed to: /Users/pz/VScode/OSL_source_ana/test1/Paola C et al.-1992-BR-The large-scale dynamics of grain-size variation in alluvial basins 1 Theory.pdf
306,j.quascirev.2014.11.011.pdf,test1/j.quascirev.2014.11.011.pdf,True,Counts RC et al.-2015-QSR-Late Quaternary chronostratigraphic framework of terraces and alluvium along lower Ohio River southwestern Indiana.pdf,Counts RC et al.-2015-QSR-Late Quaternary chronostratigraphic framework of terraces and alluvium along lower Ohio River southwestern Indiana.pdf,renamed,Renamed to: /Users/pz/VScode/OSL_source_ana/test1/Counts RC et al.-2015-QSR-Late Quaternary chronostratigraphic framework of terraces and alluvium along lower Ohio River southwestern Indiana.pdf
307,jgs2023-104.pdf,test1/jgs2023-104.pdf,True,Su Q et al.-2024-JGS-The impact of faulting-induced uplift and subsidence on terrace formation and abandonment A case study of the Huangshui.pdf,Su Q et al.-2024-JGS-The impact of faulting-induced uplift and subsidence on terrace formation and abandonment A case study of the Huangshui.pdf,renamed,Renamed to: /Users/pz/VScode/OSL_source_ana/test1/Su Q et al.-2024-JGS-The impact of faulting-induced uplift and subsidence on terrace formation and abandonment A case study of the Huangshui.pdf
308,pan_b_etal_2015_channels_qilian_shan.pdf,test1/pan_b_etal_2015_channels_qilian_shan.pdf,True,Pan B et al.-2015-JAES-Bedrock channels response to differential rock uplift in eastern Qilian Mountain along the northeastern margin of the Tibetan Plateau.pdf,Pan B et al.-2015-JAES-Bedrock channels response to differential rock uplift in eastern Qilian Mountain along the northeastern margin of the Tibetan Plateau.pdf,renamed,Renamed to: /Users/pz/VScode/OSL_source_ana/test1/Pan B et al.-2015-JAES-Bedrock channels response to differential rock uplift in eastern Qilian Mountain along the northeastern margin of the Tibetan Plateau.pdf
309,part1.pdf,test1/part1.pdf,False,,,skipped,Not a research paper
310,s41467-023-42152-2.pdf,test1/s41467-023-42152-2.pdf,True,Jamieson SSR et al.-2023-NC-An ancient river landscape preserved beneath the East Antarctic Ice Sheet.pdf,Jamieson SSR et al.-2023-NC-An ancient river landscape preserved beneath the East Antarctic Ice Sheet.pdf,renamed,Renamed to: /Users/pz/VScode/OSL_source_ana/test1/Jamieson SSR et al.-2023-NC-An ancient river landscape preserved beneath the East Antarctic Ice Sheet.pdf
311,s41598-018-32268-7.pdf,test1/s41598-018-32268-7.pdf,True,Fildani A et al.-2018-Sci Rep-Late Pleistocene glacial transitions in North America altered major river drainages as revealed by deep-sea sediment.pdf,Fildani A et al.-2018-Sci Rep-Late Pleistocene glacial transitions in North America altered major river drainages as revealed by deep-sea sediment.pdf,renamed,Renamed to: /Users/pz/VScode/OSL_source_ana/test1/Fildani A et al.-2018-Sci Rep-Late Pleistocene glacial transitions in North America altered major river drainages as revealed by deep-sea sediment.pdf
312,sciadv.ads6196V2.pdf,test1/sciadv.ads6196V2.pdf,True,Li D et al.-2024-SciAdv-The competing controls of glaciers precipitation and vegetation on high-mountain fluvial sediment yields.pdf,Li D et al.-2024-SciAdv-The competing controls of glaciers precipitation and vegetation on high-mountain fluvial sediment yields.pdf,renamed,Renamed to: /Users/pz/VScode/OSL_source_ana/test1/Li D et al.-2024-SciAdv-The competing controls of glaciers precipitation and vegetation on high-mountain fluvial sediment yields.pdf
313,shenqj_APLED-posterV4.pdf,test1/shenqj_APLED-posterV4.pdf,False,,,skipped,Not a research paper
314,两种碎屑沉积物分类方法的比较_王中波.pdf,test1/两种碎屑沉积物分类方法的比较_王中波.pdf,True,王中波 et al.-2007-MGL-两种碎屑沉积物分类方法的比较.pdf,王中波 et al.-2007-MGL-两种碎屑沉积物分类方法的比较.pdf,renamed,Renamed to: /Users/pz/VScode/OSL_source_ana/test1/王中波 et al.-2007-MGL-两种碎屑沉积物分类方法的比较.pdf
315,个人简历_沈勤径.pdf,test1/个人简历_沈勤径.pdf,False,,,skipped,Not a research paper
316,中华人民共和国地质矿产部地质专报  1  区域地质  第23号  四川省区域地质志_10029585.pdf,test1/中华人民共和国地质矿产部地质专报  1  区域地质  第23号  四川省区域地质志_10029585.pdf,False,,,skipped,Not a research paper
317,中更新世晚期以来中条山北麓断层滑动速率研究.pdf,test1/中更新世晚期以来中条山北麓断层滑动速率研究.pdf,True,张秀丽 et al.-2022-SEISMOLOGYANDGEOLOGY-中更新世晚期以来中条山北麓断层滑动速率研究.pdf,张秀丽 et al.-2022-SEISMOLOGYANDGEOLOGY-中更新世晚期以来中条山北麓断层滑动速率研究.pdf,renamed,Renamed to: /Users/pz/VScode/OSL_source_ana/test1/张秀丽 et al.-2022-SEISMOLOGYANDGEOLOGY-中更新世晚期以来中条山北麓断层滑动速率研究.pdf
318,中美双边会议议程-20230729-v7.pdf,test1/中美双边会议议程-20230729-v7.pdf,False,,,skipped,Not a research paper
319,于洋 等-2022-第四纪研究-晚第四纪长江源区水系演化对断裂活动和气候变化的响应.pdf,test1/于洋 等-2022-第四纪研究-晚第四纪长江源区水系演化对断裂活动和气候变化的响应.pdf,True,于洋 et al.-2022-QSR-晚第四纪长江源区水系演化对断裂活动和气候变化的响应.pdf,于洋 et al.-2022-QSR-晚第四纪长江源区水系演化对断裂活动和气候变化的响应.pdf,renamed,Renamed to: /Users/pz/VScode/OSL_source_ana/test1/于洋 et al.-2022-QSR-晚第四纪长江源区水系演化对断裂活动和气候变化的响应.pdf
320,于航-祁连山大通河河流阶地形成时代及地质意义.pdf,test1/于航-祁连山大通河河流阶地形成时代及地质意义.pdf,True,于航 et al.-2018-中国地质调查-祁连山大通河河流阶地形成时代及地质意义.pdf,于航 et al.-2018-中国地质调查-祁连山大通河河流阶地形成时代及地质意义.pdf,renamed,Renamed to: /Users/pz/VScode/OSL_source_ana/test1/于航 et al.-2018-中国地质调查-祁连山大通河河流阶地形成时代及地质意义.pdf
321,他念他翁山中段第四纪冰川沉积物时空分布特征与环境_唐倩玉.pdf,test1/他念他翁山中段第四纪冰川沉积物时空分布特征与环境_唐倩玉.pdf,False,,,skipped,Not a research paper
322,会议手册_2023全国地貌与第四纪学术研讨会-编辑.pdf,test1/会议手册_2023全国地貌与第四纪学术研讨会-编辑.pdf,False,,,skipped,Not a research paper
323,冷先伦-2009-博士论文-中科院武汉岩土力学研究所-深埋长隧洞TBM掘进围岩开挖扰动与损伤区研究.pdf,test1/冷先伦-2009-博士论文-中科院武汉岩土力学研究所-深埋长隧洞TBM掘进围岩开挖扰动与损伤区研究.pdf,False,,,skipped,Not a research paper
324,刑 等-2023-地质通报-青藏高原周缘的河流纵剖面特征及其对构造地貌演化的启示.pdf,test1/刑 等-2023-地质通报-青藏高原周缘的河流纵剖面特征及其对构造地貌演化的启示.pdf,True,Xing Y & Liu-Zeng J-2023-地质通报-青藏高原周缘的河流纵剖面特征及其对构造地貌演化的启示.pdf,Xing Y & Liu-Zeng J-2023-地质通报-青藏高原周缘的河流纵剖面特征及其对构造地貌演化的启示.pdf,renamed,Renamed to: /Users/pz/VScode/OSL_source_ana/test1/Xing Y & Liu-Zeng J-2023-地质通报-青藏高原周缘的河流纵剖面特征及其对构造地貌演化的启示.pdf
325,刘向军-202305-武汉-青年地学论坛-释光年代揭示的青藏高原黄土沉积模式.pdf,test1/刘向军-202305-武汉-青年地学论坛-释光年代揭示的青藏高原黄土沉积模式.pdf,False,,,skipped,Not a research paper
326,刘奇博士论文初稿送审版-20230616.pdf,test1/刘奇博士论文初稿送审版-20230616.pdf,False,,,skipped,Not a research paper
327,刘彧 等-2012-地理科学进展-宇宙成因核素在地质年代学.pdf,test1/刘彧 等-2012-地理科学进展-宇宙成因核素在地质年代学.pdf,True,刘彧 et al.-2012-AES-宇宙成因核素在地质年代学研究中的新进展.pdf,刘彧 et al.-2012-AES-宇宙成因核素在地质年代学研究中的新进展.pdf,renamed,Renamed to: /Users/pz/VScode/OSL_source_ana/test1/刘彧 et al.-2012-AES-宇宙成因核素在地质年代学研究中的新进展.pdf
328,刘晴日-博士论文2022.6.15.pdf,test1/刘晴日-博士论文2022.6.15.pdf,False,,,skipped,Not a research paper
329,刘睿-博士论文-中国地震局地质研究所-河西走廊西端晚第四纪构造变形与断裂相互作用.pdf,test1/刘睿-博士论文-中国地震局地质研究所-河西走廊西端晚第四纪构造变形与断裂相互作用.pdf,False,,,skipped,Not a research paper
330,刘睿-白杨河阶地揭示的北祁连山西段晚第四纪构造变形.pdf,test1/刘睿-白杨河阶地揭示的北祁连山西段晚第四纪构造变形.pdf,True,刘睿 et al.-2017-SEISMOLOGY AND GEOLOGY-白杨河阶地揭示的北祁连山西段晚第四纪构造变形.pdf,刘睿 et al.-2017-SEISMOLOGY AND GEOLOGY-白杨河阶地揭示的北祁连山西段晚第四纪构造变形.pdf,renamed,Renamed to: /Users/pz/VScode/OSL_source_ana/test1/刘睿 et al.-2017-SEISMOLOGY AND GEOLOGY-白杨河阶地揭示的北祁连山西段晚第四纪构造变形.pdf
331,利用黄土—红粘土重矿物组合...究黄土高原物源及古气候变化_彭文彬.pdf,test1/利用黄土—红粘土重矿物组合...究黄土高原物源及古气候变化_彭文彬.pdf,False,,,skipped,Not a research paper
332,北碱-2015-濑户内海.pdf,test1/北碱-2015-濑户内海.pdf,False,,,skipped,Not a research paper
333,地震动力学国家重点实验室开放基金课题经费决算表-留所经费部分.pdf,test1/地震动力学国家重点实验室开放基金课题经费决算表-留所经费部分.pdf,False,,,skipped,Not a research paper
334,基于BASEGRAIN软件的卵石粒径自动识别应用研究_黄科翰.pdf,test1/基于BASEGRAIN软件的卵石粒径自动识别应用研究_黄科翰.pdf,True,黄科翰 et al.-2020-JSR-基于BASEGRAIN软件的卵石粒径自动识别应用研究.pdf,黄科翰 et al.-2020-JSR-基于BASEGRAIN软件的卵石粒径自动识别应用研究.pdf,renamed,Renamed to: /Users/pz/VScode/OSL_source_ana/test1/黄科翰 et al.-2020-JSR-基于BASEGRAIN软件的卵石粒径自动识别应用研究.pdf
335,基于变分贝叶斯深度学习的水文概率预报方法_李大洋.pdf,test1/基于变分贝叶斯深度学习的水文概率预报方法_李大洋.pdf,True,李大洋 et al.-2023-水科学进展-基于变分贝叶斯深度学习的水文概率预报方法.pdf,李大洋 et al.-2023-水科学进展-基于变分贝叶斯深度学习的水文概率预报方法.pdf,renamed,Renamed to: /Users/pz/VScode/OSL_source_ana/test1/李大洋 et al.-2023-水科学进展-基于变分贝叶斯深度学习的水文概率预报方法.pdf
336,基金申请书V2.pdf,test1/基金申请书V2.pdf,False,,,skipped,Not a research paper
337,多指标物源分析揭示的黄土高原粉尘来源时空变化_张浩博.pdf,test1/多指标物源分析揭示的黄土高原粉尘来源时空变化_张浩博.pdf,False,,,skipped,Not a research paper
338,大数据方法寻找顺北碳酸盐岩...开采过程中井壁坍塌主控因素_陶杉.pdf,test1/大数据方法寻找顺北碳酸盐岩...开采过程中井壁坍塌主控因素_陶杉.pdf,True,陶杉 et al.-2020-ODPT-大数据方法寻找顺北碳酸盐岩储层开采过程中井壁坍塌主控因素.pdf,陶杉 et al.-2020-ODPT-大数据方法寻找顺北碳酸盐岩储层开采过程中井壁坍塌主控因素.pdf,renamed,Renamed to: /Users/pz/VScode/OSL_source_ana/test1/陶杉 et al.-2020-ODPT-大数据方法寻找顺北碳酸盐岩储层开采过程中井壁坍塌主控因素.pdf
339,夷平面研究新进展.pdf,test1/夷平面研究新进展.pdf,True,熊建国 et al.-2020-AES-夷平面研究新进展.pdf,熊建国 et al.-2020-AES-夷平面研究新进展.pdf,renamed,Renamed to: /Users/pz/VScode/OSL_source_ana/test1/熊建国 et al.-2020-AES-夷平面研究新进展.pdf
340,姜大伟-2016-第四纪研究-龙门山南段前陆区古冲积扇分析及河流地貌面序列的建立——基于地貌面的测年数据、野外地貌分析与调查.pdf,test1/姜大伟-2016-第四纪研究-龙门山南段前陆区古冲积扇分析及河流地貌面序列的建立——基于地貌面的测年数据、野外地貌分析与调查.pdf,True,姜大伟 et al.-2016-QSR-龙门山南段前陆区古冲积扇分析及河流地貌面序列的建立基于地貌面的测年数据野外地貌分析与调查.pdf,姜大伟 et al.-2016-QSR-龙门山南段前陆区古冲积扇分析及河流地貌面序列的建立基于地貌面的测年数据野外地貌分析与调查.pdf,renamed,Renamed to: /Users/pz/VScode/OSL_source_ana/test1/姜大伟 et al.-2016-QSR-龙门山南段前陆区古冲积扇分析及河流地貌面序列的建立基于地貌面的测年数据野外地貌分析与调查.pdf
341,季建清-地壳变形的地貌响应之河流.pdf,test1/季建清-地壳变形的地貌响应之河流.pdf,False,,,skipped,Not a research paper
342,宇宙成因核素年代学_俞晶星.pdf,test1/宇宙成因核素年代学_俞晶星.pdf,False,,,skipped,Not a research paper
343,尼加提·黑力力-2022-硕士论文-地大北京-祁连山东北缘西营河河流阶地地貌特征及地质意义.pdf,test1/尼加提·黑力力-2022-硕士论文-地大北京-祁连山东北缘西营河河流阶地地貌特征及地质意义.pdf,False,,,skipped,Not a research paper
344,崔博-2020-硕士论文-成都理工-川西阿坝断裂地质构造特征及活动性分析.pdf,test1/崔博-2020-硕士论文-成都理工-川西阿坝断裂地质构造特征及活动性分析.pdf,False,,,skipped,Not a research paper
345,崔富荣 等-2018-第四纪研究-岩石暴露年龄释光测定的若干影响因素研究术.pdf,test1/崔富荣 等-2018-第四纪研究-岩石暴露年龄释光测定的若干影响因素研究术.pdf,True,崔富荣 et al.-2018-第四纪研究-岩石暴露年龄释光测定的若干影响因素研究.pdf,崔富荣 et al.-2018-第四纪研究-岩石暴露年龄释光测定的若干影响因素研究.pdf,renamed,Renamed to: /Users/pz/VScode/OSL_source_ana/test1/崔富荣 et al.-2018-第四纪研究-岩石暴露年龄释光测定的若干影响因素研究.pdf
346,崔富荣-2024-博士论文-岩片光释光测年技术用于砾石埋藏定年的研究.pdf,test1/崔富荣-2024-博士论文-岩片光释光测年技术用于砾石埋藏定年的研究.pdf,False,,,skipped,Not a research paper
347,崔航-2017-博士论文-兰大-祁连山地区古冰川演化序列及其古气候重建研究.pdf,test1/崔航-2017-博士论文-兰大-祁连山地区古冰川演化序列及其古气候重建研究.pdf,False,,,skipped,Not a research paper
348,巴丹吉林沙漠季节冻土特征.pdf,test1/巴丹吉林沙漠季节冻土特征.pdf,True,宁凯 et al.-2015-JGG-巴丹吉林沙漠季节冻土特征.pdf,宁凯 et al.-2015-JGG-巴丹吉林沙漠季节冻土特征.pdf,renamed,Renamed to: /Users/pz/VScode/OSL_source_ana/test1/宁凯 et al.-2015-JGG-巴丹吉林沙漠季节冻土特征.pdf
349,应用石英释光灵敏度溯源的研究现状和展望_吕同艳.pdf,test1/应用石英释光灵敏度溯源的研究现状和展望_吕同艳.pdf,True,吕同艳 et al.-2016-地质通报-应用石英释光灵敏度溯源的研究现状和展望.pdf,吕同艳 et al.-2016-地质通报-应用石英释光灵敏度溯源的研究现状和展望.pdf,renamed,Renamed to: /Users/pz/VScode/OSL_source_ana/test1/吕同艳 et al.-2016-地质通报-应用石英释光灵敏度溯源的研究现状和展望.pdf
350,开放基金结题报告V2021-惠格格.pdf,test1/开放基金结题报告V2021-惠格格.pdf,False,,,skipped,Not a research paper
351,张军龙-2013-博士论文-中国地震局地质研究所-巴颜喀拉地块东北端第四纪隆升量研究.pdf,test1/张军龙-2013-博士论文-中国地震局地质研究所-巴颜喀拉地块东北端第四纪隆升量研究.pdf,False,,,skipped,Not a research paper
352,张培震-东亚大陆新生代构造演化.pdf,test1/张培震-东亚大陆新生代构造演化.pdf,True,张培震 et al.-2014-SEISMOLOGY AND GEOLOGY-东亚大陆新生代构造演化.pdf,张培震 et al.-2014-SEISMOLOGY AND GEOLOGY-东亚大陆新生代构造演化.pdf,renamed,Renamed to: /Users/pz/VScode/OSL_source_ana/test1/张培震 et al.-2014-SEISMOLOGY AND GEOLOGY-东亚大陆新生代构造演化.pdf
353,张金玉-2014-博士论文-中国地质大学（北京）-晚新生代雅鲁藏布江短期改道事件.pdf,test1/张金玉-2014-博士论文-中国地质大学（北京）-晚新生代雅鲁藏布江短期改道事件.pdf,False,,,skipped,Not a research paper
354,彭俊 韩凤清-2013-地球学报-腾格里沙漠南缘风积物快组分光释光信号选择研究.pdf,test1/彭俊 韩凤清-2013-地球学报-腾格里沙漠南缘风积物快组分光释光信号选择研究.pdf,True,彭俊 & 韩凤清-2013-地球学报-腾格里沙漠南缘风积物快组分光释光信号选择研究.pdf,彭俊 & 韩凤清-2013-地球学报-腾格里沙漠南缘风积物快组分光释光信号选择研究.pdf,renamed,Renamed to: /Users/pz/VScode/OSL_source_ana/test1/彭俊 & 韩凤清-2013-地球学报-腾格里沙漠南缘风积物快组分光释光信号选择研究.pdf
355,徐洪敏 等-2023-中国科学-利用铀同位素破碎年代学方法示踪流域侵蚀深度变化的原理、应用和前景.pdf,test1/徐洪敏 等-2023-中国科学-利用铀同位素破碎年代学方法示踪流域侵蚀深度变化的原理、应用和前景.pdf,True,徐洪敏 et al.-2023-SCST-利用铀同位素破碎年代学方法示踪流域侵蚀深度变化的原理应用和前景.pdf,徐洪敏 et al.-2023-SCST-利用铀同位素破碎年代学方法示踪流域侵蚀深度变化的原理应用和前景.pdf,renamed,Renamed to: /Users/pz/VScode/OSL_source_ana/test1/徐洪敏 et al.-2023-SCST-利用铀同位素破碎年代学方法示踪流域侵蚀深度变化的原理应用和前景.pdf
356,戴宗明-2011-博士论文-青藏高原东部四姑娘山地区晚新生代隆升.pdf,test1/戴宗明-2011-博士论文-青藏高原东部四姑娘山地区晚新生代隆升.pdf,False,,,skipped,Not a research paper
357,晚第四纪黄河源采日玛-宁木特河段地貌过程及驱动机制_石灵璠.pdf,test1/晚第四纪黄河源采日玛-宁木特河段地貌过程及驱动机制_石灵璠.pdf,False,,,skipped,Not a research paper
358,曹鹏举-2022-硕士论文-长安大学-祁连山东段庄浪河流域地貌特征及其构造指示意义.pdf,test1/曹鹏举-2022-硕士论文-长安大学-祁连山东段庄浪河流域地貌特征及其构造指示意义.pdf,False,,,skipped,Not a research paper
359,李乐 等-2018-第四纪研究-青藏高原周缘流域尺度土壤产生方程的铀同位素破碎年龄学证据.pdf,test1/李乐 等-2018-第四纪研究-青藏高原周缘流域尺度土壤产生方程的铀同位素破碎年龄学证据.pdf,True,李乐 et al.-2018-QSR-青藏高原周缘流域尺度土壤产生方程的铀同位素破碎年龄学证据.pdf,李乐 et al.-2018-QSR-青藏高原周缘流域尺度土壤产生方程的铀同位素破碎年龄学证据.pdf,renamed,Renamed to: /Users/pz/VScode/OSL_source_ana/test1/李乐 et al.-2018-QSR-青藏高原周缘流域尺度土壤产生方程的铀同位素破碎年龄学证据.pdf
360,李正晨 等-2021-中国科学-岩性和侵蚀基准面对构造活跃区河流地貌演化的影响——以青藏高原东北缘老虎山和哈思山地区为例.pdf,test1/李正晨 等-2021-中国科学-岩性和侵蚀基准面对构造活跃区河流地貌演化的影响——以青藏高原东北缘老虎山和哈思山地区为例.pdf,True,Wang X et al.-2021-中国科学-岩性和侵蚀基准面对构造活跃区河流地貌演化的影响以青藏高原东北缘老虎山和哈思山地区为例.pdf,Wang X et al.-2021-中国科学-岩性和侵蚀基准面对构造活跃区河流地貌演化的影响以青藏高原东北缘老虎山和哈思山地区为例.pdf,renamed,Renamed to: /Users/pz/VScode/OSL_source_ana/test1/Wang X et al.-2021-中国科学-岩性和侵蚀基准面对构造活跃区河流地貌演化的影响以青藏高原东北缘老虎山和哈思山地区为例.pdf
361,李翠平 等-2015-地质地质-雅鲁藏布江大峡谷入口河段最近两期古堰塞湖事件的年龄.pdf,test1/李翠平 等-2015-地质地质-雅鲁藏布江大峡谷入口河段最近两期古堰塞湖事件的年龄.pdf,True,李翠平 et al.-2015-SEG-雅鲁藏布江大峡谷入口河段最近两期古堰塞湖事件的年龄.pdf,李翠平 et al.-2015-SEG-雅鲁藏布江大峡谷入口河段最近两期古堰塞湖事件的年龄.pdf,renamed,Renamed to: /Users/pz/VScode/OSL_source_ana/test1/李翠平 et al.-2015-SEG-雅鲁藏布江大峡谷入口河段最近两期古堰塞湖事件的年龄.pdf
362,李长安 等-1999-科学通报-东昆仑山构造隆升与水系演化及其发展趋势#阶地#青藏高原#构造#精读.pdf,test1/李长安 等-1999-科学通报-东昆仑山构造隆升与水系演化及其发展趋势#阶地#青藏高原#构造#精读.pdf,True,李长安 et al.-1999-科学通报-东昆仑山构造隆升与水系演化及其发展趋势.pdf,李长安 et al.-1999-科学通报-东昆仑山构造隆升与水系演化及其发展趋势.pdf,renamed,Renamed to: /Users/pz/VScode/OSL_source_ana/test1/李长安 et al.-1999-科学通报-东昆仑山构造隆升与水系演化及其发展趋势.pdf
363,杜明甫-2020-硕士论文-成都理工-阿坝地区小震精定位及其活动构造意义.pdf,test1/杜明甫-2020-硕士论文-成都理工-阿坝地区小震精定位及其活动构造意义.pdf,False,,,skipped,Not a research paper
364,构造地貌学，构造-气候-地表过程相互作用的交叉研究.pdf,test1/构造地貌学，构造-气候-地表过程相互作用的交叉研究.pdf,True,刘静 et al.-2018-科学通报-构造地貌学构造气候地表过程相互作用的交叉研究.pdf,刘静 et al.-2018-科学通报-构造地貌学构造气候地表过程相互作用的交叉研究.pdf,renamed,Renamed to: /Users/pz/VScode/OSL_source_ana/test1/刘静 et al.-2018-科学通报-构造地貌学构造气候地表过程相互作用的交叉研究.pdf
365,梁萍-2019-核电子学与探测技术-水成沉积物快组分分离特性初步研究.pdf,test1/梁萍-2019-核电子学与探测技术-水成沉积物快组分分离特性初步研究.pdf,True,梁萍-2019-核电子学与探测技术-水成沉积物快组分分离特性初步研究.pdf,梁萍-2019-核电子学与探测技术-水成沉积物快组分分离特性初步研究 (2).pdf,renamed,Renamed to: /Users/pz/VScode/OSL_source_ana/test1/梁萍-2019-核电子学与探测技术-水成沉积物快组分分离特性初步研究 (2).pdf
366,汶川 MS8 地震最大地表同震垂直位移量及其地表.pdf,test1/汶川 MS8 地震最大地表同震垂直位移量及其地表.pdf,True,冉勇康 et al.-2010-CSB-汶川MS8地震最大地表同震垂直位移量及其地表变形样式.pdf,冉勇康 et al.-2010-CSB-汶川MS8地震最大地表同震垂直位移量及其地表变形样式.pdf,renamed,Renamed to: /Users/pz/VScode/OSL_source_ana/test1/冉勇康 et al.-2010-CSB-汶川MS8地震最大地表同震垂直位移量及其地表变形样式.pdf
367,沈勤径-CV-20250225-面上.pdf,test1/沈勤径-CV-20250225-面上.pdf,False,,,skipped,Not a research paper
368,沈勤径-中文简历-202306.pdf,test1/沈勤径-中文简历-202306.pdf,False,,,skipped,Not a research paper
369,沉积物源-EPSL2025_冰川活动磷灰石年代学_Novel apatite provenance analysis reveals erosion of moraines as primary.pdf,test1/沉积物源-EPSL2025_冰川活动磷灰石年代学_Novel apatite provenance analysis reveals erosion of moraines as primary.pdf,True,Jess S et al.-2025-EPSL-Novel apatite provenance analysis reveals erosion of moraines as primary sediment source during glacial retreat.pdf,Jess S et al.-2025-EPSL-Novel apatite provenance analysis reveals erosion of moraines as primary sediment source during glacial retreat.pdf,renamed,Renamed to: /Users/pz/VScode/OSL_source_ana/test1/Jess S et al.-2025-EPSL-Novel apatite provenance analysis reveals erosion of moraines as primary sediment source during glacial retreat.pdf
370,测试结果统计.pdf,test1/测试结果统计.pdf,False,,,skipped,Not a research paper
371,涂华-面上2023-提交版.pdf,test1/涂华-面上2023-提交版.pdf,False,,,skipped,Not a research paper
372,温佳洁 等-2022-第四纪研究-岩石释光埋藏测年中砾石晒退程度的快速评估.pdf,test1/温佳洁 等-2022-第四纪研究-岩石释光埋藏测年中砾石晒退程度的快速评估.pdf,True,温佳洁 et al.-2022-QSR-岩石释光埋藏测年中砾石晒退程度的快速评估.pdf,温佳洁 et al.-2022-QSR-岩石释光埋藏测年中砾石晒退程度的快速评估.pdf,renamed,Renamed to: /Users/pz/VScode/OSL_source_ana/test1/温佳洁 et al.-2022-QSR-岩石释光埋藏测年中砾石晒退程度的快速评估.pdf
373,王杰&周尚哲-2009-冰川冻土-宇宙成因核素技术在第四纪冰川测年研究中的评述及展望􏱇􏱈􏱉􏱊.pdf,test1/王杰&周尚哲-2009-冰川冻土-宇宙成因核素技术在第四纪冰川测年研究中的评述及展望􏱇􏱈􏱉􏱊.pdf,True,王杰 & 周尚哲-2009-冰川冻土-宇宙成因核素技术在第四纪冰川测年研究中的评述及展望.pdf,王杰 & 周尚哲-2009-冰川冻土-宇宙成因核素技术在第四纪冰川测年研究中的评述及展望.pdf,renamed,Renamed to: /Users/pz/VScode/OSL_source_ana/test1/王杰 & 周尚哲-2009-冰川冻土-宇宙成因核素技术在第四纪冰川测年研究中的评述及展望.pdf
374,王杰-2007-博士论文-兰州大学-西藏东南部第四纪冰川演化序列与宇宙成因核素测年研究.pdf,test1/王杰-2007-博士论文-兰州大学-西藏东南部第四纪冰川演化序列与宇宙成因核素测年研究.pdf,False,,,skipped,Not a research paper
375,王随继&任明达-1999-沉积学报-根据河道形态和沉积物特征的河流新分类.pdf,test1/王随继&任明达-1999-沉积学报-根据河道形态和沉积物特征的河流新分类.pdf,True,王随继 & 任明达-1999-沉积学报-根据河道形态和沉积物特征的河流新分类.pdf,王随继 & 任明达-1999-沉积学报-根据河道形态和沉积物特征的河流新分类.pdf,renamed,Renamed to: /Users/pz/VScode/OSL_source_ana/test1/王随继 & 任明达-1999-沉积学报-根据河道形态和沉积物特征的河流新分类.pdf
376,田晴映-构造活动和气候变化对河流阶.pdf,test1/田晴映-构造活动和气候变化对河流阶.pdf,True,田晴映 et al.-2017-地震地质-构造活动和气候变化对河流阶地发育的影响以祁连山北缘洪水坝河和马营河为例.pdf,田晴映 et al.-2017-地震地质-构造活动和气候变化对河流阶地发育的影响以祁连山北缘洪水坝河和马营河为例.pdf,renamed,Renamed to: /Users/pz/VScode/OSL_source_ana/test1/田晴映 et al.-2017-地震地质-构造活动和气候变化对河流阶地发育的影响以祁连山北缘洪水坝河和马营河为例.pdf
377,"盆地分析Basin Analysis (Philip A. Allen, John R. Allen)(1).pdf","test1/盆地分析Basin Analysis (Philip A. Allen, John R. Allen)(1).pdf",False,,,skipped,Not a research paper
378,石磊-2007-兰州大学-硕士论文-年保玉则国家冰川地质公园生态旅游规划研究.pdf,test1/石磊-2007-兰州大学-硕士论文-年保玉则国家冰川地质公园生态旅游规划研究.pdf,False,,,skipped,Not a research paper
379,祁连山北缘断裂带中段晚第四纪活动速率初步研究.pdf,test1/祁连山北缘断裂带中段晚第四纪活动速率初步研究.pdf,True,杨海波 et al.-2017-SEISMOLOGYANDGEOLOGY-祁连山北缘断裂带中段晚第四纪活动速率初步研究.pdf,杨海波 et al.-2017-SEISMOLOGYANDGEOLOGY-祁连山北缘断裂带中段晚第四纪活动速率初步研究.pdf,renamed,Renamed to: /Users/pz/VScode/OSL_source_ana/test1/杨海波 et al.-2017-SEISMOLOGYANDGEOLOGY-祁连山北缘断裂带中段晚第四纪活动速率初步研究.pdf
380,祁连山地貌特征及对青藏高原隆升的响应_褚永彬.pdf,test1/祁连山地貌特征及对青藏高原隆升的响应_褚永彬.pdf,False,,,skipped,Not a research paper
381,祁连山洪水坝河流域地貌特征及其构造指示意义.pdf,test1/祁连山洪水坝河流域地貌特征及其构造指示意义.pdf,True,王一舟 et al.-2013-QSR-祁连山洪水坝河流域地貌特征及其构造指示意义.pdf,王一舟 et al.-2013-QSR-祁连山洪水坝河流域地貌特征及其构造指示意义.pdf,renamed,Renamed to: /Users/pz/VScode/OSL_source_ana/test1/王一舟 et al.-2013-QSR-祁连山洪水坝河流域地貌特征及其构造指示意义.pdf
382,祁连山走滑速率hetzel2002.pdf,test1/祁连山走滑速率hetzel2002.pdf,True,Hetzel R et al.-2002-Nature-Low slip rates and long-term preservation of geomorphic features in Central Asia.pdf,Hetzel R et al.-2002-Nature-Low slip rates and long-term preservation of geomorphic features in Central Asia.pdf,renamed,Renamed to: /Users/pz/VScode/OSL_source_ana/test1/Hetzel R et al.-2002-Nature-Low slip rates and long-term preservation of geomorphic features in Central Asia.pdf
383,祝婷等-2023-现代地质-川西阿坝盆地南缘阿柯河Ⅲ级阶地晚更新世中期的孢粉记录.pdf,test1/祝婷等-2023-现代地质-川西阿坝盆地南缘阿柯河Ⅲ级阶地晚更新世中期的孢粉记录.pdf,True,祝婷 et al.-2023-现代地质-川西阿坝盆地南缘阿柯河Ⅲ级阶地晚更新世中期的孢粉记录.pdf,祝婷 et al.-2023-现代地质-川西阿坝盆地南缘阿柯河Ⅲ级阶地晚更新世中期的孢粉记录.pdf,renamed,Renamed to: /Users/pz/VScode/OSL_source_ana/test1/祝婷 et al.-2023-现代地质-川西阿坝盆地南缘阿柯河Ⅲ级阶地晚更新世中期的孢粉记录.pdf
384,程延-2018-硕士论文-福建师范大学-华南沿海老红砂石英释光年代学研究.pdf,test1/程延-2018-硕士论文-福建师范大学-华南沿海老红砂石英释光年代学研究.pdf,False,,,skipped,Not a research paper
385,稻城古冰帽第四纪冰川年代学研究_张志刚.pdf,test1/稻城古冰帽第四纪冰川年代学研究_张志刚.pdf,False,,,skipped,Not a research paper
386,管森森-2020-硕士论文-成都理工-川西阿坝盆地活动构造地貌研究.pdf,test1/管森森-2020-硕士论文-成都理工-川西阿坝盆地活动构造地貌研究.pdf,False,,,skipped,Not a research paper
387,罗明 等-2017-地震地质-岩石暴露与埋藏面释光测年进展及其应用.pdf,test1/罗明 等-2017-地震地质-岩石暴露与埋藏面释光测年进展及其应用.pdf,True,罗明 et al.-2017-地震地质-岩石暴露与埋藏面释光测年进展及其应用.pdf,罗明 et al.-2017-地震地质-岩石暴露与埋藏面释光测年进展及其应用.pdf,renamed,Renamed to: /Users/pz/VScode/OSL_source_ana/test1/罗明 et al.-2017-地震地质-岩石暴露与埋藏面释光测年进展及其应用.pdf
388,蒲蔚-2021-硕士论文-成都理工-基于多源遥感数据的阿坝盆地活动构造精细识别与提取.pdf,test1/蒲蔚-2021-硕士论文-成都理工-基于多源遥感数据的阿坝盆地活动构造精细识别与提取.pdf,False,,,skipped,Not a research paper
389,蔡宏明-2010-博士论文-地大北京-松潘—甘孜褶皱带印支期花岗...类和火山岩类成因及深部作用.pdf,test1/蔡宏明-2010-博士论文-地大北京-松潘—甘孜褶皱带印支期花岗...类和火山岩类成因及深部作用.pdf,False,,,skipped,Not a research paper
390,裂点---Whittaker_Tectonic and climatic control on knickpoint retreat rates_Landscape response time_JGR2012.pdf,test1/裂点---Whittaker_Tectonic and climatic control on knickpoint retreat rates_Landscape response time_JGR2012.pdf,True,Whittaker AC & Boulton SJ-2012-JGR-Tectonic and climatic controls on knickpoint retreat rates and landscape response times.pdf,Whittaker AC & Boulton SJ-2012-JGR-Tectonic and climatic controls on knickpoint retreat rates and landscape response times.pdf,renamed,Renamed to: /Users/pz/VScode/OSL_source_ana/test1/Whittaker AC & Boulton SJ-2012-JGR-Tectonic and climatic controls on knickpoint retreat rates and landscape response times.pdf
391,西藏纳木错全新世沉积物的环境磁学参数变化机理_苏有亮.pdf,test1/西藏纳木错全新世沉积物的环境磁学参数变化机理_苏有亮.pdf,True,苏有亮 et al.-2012-CSB-西藏纳木错全新世沉积物的环境磁学参数变化机理.pdf,苏有亮 et al.-2012-CSB-西藏纳木错全新世沉积物的环境磁学参数变化机理.pdf,renamed,Renamed to: /Users/pz/VScode/OSL_source_ana/test1/苏有亮 et al.-2012-CSB-西藏纳木错全新世沉积物的环境磁学参数变化机理.pdf
392,许刘兵&周尚哲-2006-冰川冻土-宇宙成因核素测年方法及其在地球科学中的应用.pdf,test1/许刘兵&周尚哲-2006-冰川冻土-宇宙成因核素测年方法及其在地球科学中的应用.pdf,True,许刘兵 & 周尚哲-2006-冰川冻土-宇宙成因核素测年方法及其在地球科学中的应用.pdf,许刘兵 & 周尚哲-2006-冰川冻土-宇宙成因核素测年方法及其在地球科学中的应用.pdf,renamed,Renamed to: /Users/pz/VScode/OSL_source_ana/test1/许刘兵 & 周尚哲-2006-冰川冻土-宇宙成因核素测年方法及其在地球科学中的应用.pdf
393,许刘兵&周尚哲-2007-冰川冻土-川西硕曲河流阶地及其对山地抬升和气候变化的响应.pdf,test1/许刘兵&周尚哲-2007-冰川冻土-川西硕曲河流阶地及其对山地抬升和气候变化的响应.pdf,True,许刘兵 & 周尚哲-2007-冰川冻土-川西硕曲河流阶地及其对山地抬升和气候变化的响应.pdf,许刘兵 & 周尚哲-2007-冰川冻土-川西硕曲河流阶地及其对山地抬升和气候变化的响应.pdf,renamed,Renamed to: /Users/pz/VScode/OSL_source_ana/test1/许刘兵 & 周尚哲-2007-冰川冻土-川西硕曲河流阶地及其对山地抬升和气候变化的响应.pdf
394,谭亮等-2014-四川地质学报-马尼干戈盆地河流阶地特征及其构造成因.pdf,test1/谭亮等-2014-四川地质学报-马尼干戈盆地河流阶地特征及其构造成因.pdf,True,谭亮 et al.-2014-四川地质学报-马尼干戈盆地河流阶地特征及其构造成因.pdf,谭亮 et al.-2014-四川地质学报-马尼干戈盆地河流阶地特征及其构造成因.pdf,renamed,Renamed to: /Users/pz/VScode/OSL_source_ana/test1/谭亮 et al.-2014-四川地质学报-马尼干戈盆地河流阶地特征及其构造成因.pdf
395,贡嘎山地区古冰川演化序列及其气候驱动机制研究_于贝贝.pdf,test1/贡嘎山地区古冰川演化序列及其气候驱动机制研究_于贝贝.pdf,False,,,skipped,Not a research paper
396,赵旭东 等-2019-第四纪研究-宇宙成因核素10Be在古侵蚀速率研究中的原理与应用.pdf,test1/赵旭东 等-2019-第四纪研究-宇宙成因核素10Be在古侵蚀速率研究中的原理与应用.pdf,True,赵旭东 et al.-2019-QSR-宇宙成因核素10Be在古侵蚀速率研究中的原理与应用.pdf,赵旭东 et al.-2019-QSR-宇宙成因核素10Be在古侵蚀速率研究中的原理与应用.pdf,renamed,Renamed to: /Users/pz/VScode/OSL_source_ana/test1/赵旭东 et al.-2019-QSR-宇宙成因核素10Be在古侵蚀速率研究中的原理与应用.pdf
397,"郑德文 等-2016-第四纪研究-U-Th,He热年代学原理、测试及应用.pdf","test1/郑德文 等-2016-第四纪研究-U-Th,He热年代学原理、测试及应用.pdf",True,郑德文 et al.-2016-QSR-U-ThHe热年代学原理测试及应用.pdf,郑德文 et al.-2016-QSR-U-ThHe热年代学原理测试及应用.pdf,renamed,Renamed to: /Users/pz/VScode/OSL_source_ana/test1/郑德文 et al.-2016-QSR-U-ThHe热年代学原理测试及应用.pdf
398,郑本兴&马秋华-1994-地理学报-贡嘎山地区全新世的冰川变化、气候变化与河谷阶地发育.pdf,test1/郑本兴&马秋华-1994-地理学报-贡嘎山地区全新世的冰川变化、气候变化与河谷阶地发育.pdf,True,郑本兴 & 马秋华-1994-地理学报-贡嘎山地区全新世的冰川变化气候变化与河谷阶地发育.pdf,郑本兴 & 马秋华-1994-地理学报-贡嘎山地区全新世的冰川变化气候变化与河谷阶地发育.pdf,renamed,Renamed to: /Users/pz/VScode/OSL_source_ana/test1/郑本兴 & 马秋华-1994-地理学报-贡嘎山地区全新世的冰川变化气候变化与河谷阶地发育.pdf
399,郭怀军-祁连山地区河流阶地与第四纪构造隆升.pdf,test1/郭怀军-祁连山地区河流阶地与第四纪构造隆升.pdf,True,郭怀军 et al.-2016-地质通报-祁连山地区河流阶地与第四纪构造隆升.pdf,郭怀军 et al.-2016-地质通报-祁连山地区河流阶地与第四纪构造隆升.pdf,renamed,Renamed to: /Users/pz/VScode/OSL_source_ana/test1/郭怀军 et al.-2016-地质通报-祁连山地区河流阶地与第四纪构造隆升.pdf
400,释光灵敏度风化Tanski-2024.pdf,test1/释光灵敏度风化Tanski-2024.pdf,True,Tanski NM et al.-2024-Quaternary Geochronology-Quartz luminescence sensitivity enhanced by residence time in the critical zone.pdf,Tanski NM et al.-2024-Quaternary Geochronology-Quartz luminescence sensitivity enhanced by residence time in the critical zone.pdf,renamed,Renamed to: /Users/pz/VScode/OSL_source_ana/test1/Tanski NM et al.-2024-Quaternary Geochronology-Quartz luminescence sensitivity enhanced by residence time in the critical zone.pdf
401,钟岳志-祁连山东段童子坝河阶地对气候变化与新构造运动的响应.pdf,test1/钟岳志-祁连山东段童子坝河阶地对气候变化与新构造运动的响应.pdf,True,钟岳志 et al.-2017-JP-祁连山东段童子坝河阶地对气候变化与新构造运动的响应.pdf,钟岳志 et al.-2017-JP-祁连山东段童子坝河阶地对气候变化与新构造运动的响应.pdf,renamed,Renamed to: /Users/pz/VScode/OSL_source_ana/test1/钟岳志 et al.-2017-JP-祁连山东段童子坝河阶地对气候变化与新构造运动的响应.pdf
402,钾长石单颗粒释光揭示的冲洪积体系时空过程_隋雅诗.pdf,test1/钾长石单颗粒释光揭示的冲洪积体系时空过程_隋雅诗.pdf,False,,,skipped,Not a research paper
403,长江河流沉积物矿物学、地球...碎屑锆石年代学物源示踪研究_何梦颖.pdf,test1/长江河流沉积物矿物学、地球...碎屑锆石年代学物源示踪研究_何梦颖.pdf,False,,,skipped,Not a research paper
404,陈毅2022-Evolution of eastern Tibetan river systems is driven.pdf,test1/陈毅2022-Evolution of eastern Tibetan river systems is driven.pdf,True,Chen Y et al.-2021-CEE-Evolution of eastern Tibetan river systems is driven by the indentation of India.pdf,Chen Y et al.-2021-CEE-Evolution of eastern Tibetan river systems is driven by the indentation of India.pdf,renamed,Renamed to: /Users/pz/VScode/OSL_source_ana/test1/Chen Y et al.-2021-CEE-Evolution of eastern Tibetan river systems is driven by the indentation of India.pdf
405,陈维涛-2008-硕士论文-中国石油大学-松潘—阿坝地区东缘二叠—三叠纪地层对比及沉积盆地演化.pdf,test1/陈维涛-2008-硕士论文-中国石油大学-松潘—阿坝地区东缘二叠—三叠纪地层对比及沉积盆地演化.pdf,False,,,skipped,Not a research paper
406,雅鲁藏布江现代河流沉积物释光特征及其物源指示意义_张爱敏.pdf,test1/雅鲁藏布江现代河流沉积物释光特征及其物源指示意义_张爱敏.pdf,False,,,skipped,Not a research paper
407,青海久治年保玉则国家地质公园资源类型与评价_李盼.pdf,test1/青海久治年保玉则国家地质公园资源类型与评价_李盼.pdf,False,,,skipped,Not a research paper
408,青海省祁连山地区生态用水研究_常博.pdf,test1/青海省祁连山地区生态用水研究_常博.pdf,False,,,skipped,Not a research paper
409,青藏高原东北部典型流域冻土退化及其生态水文效应研究_秦越.pdf,test1/青藏高原东北部典型流域冻土退化及其生态水文效应研究_秦越.pdf,False,,,skipped,Not a research paper
410,青藏高原东北部年保玉则山冰...演化的影响及其控制因素研究_邹立阳.pdf,test1/青藏高原东北部年保玉则山冰...演化的影响及其控制因素研究_邹立阳.pdf,False,,,skipped,Not a research paper
411,青藏高原东缘地..坡时.pdf,test1/青藏高原东缘地..坡时.pdf,False,,,skipped,Not a research paper
412,青藏高原东部囊谦盆地古近系碎屑锆石U-Pb年代学及其意义.pdf,test1/青藏高原东部囊谦盆地古近系碎屑锆石U-Pb年代学及其意义.pdf,False,,,skipped,Not a research paper
413,青藏高原冰蚀湖沉积物正构烷烃记录的气候和环境变化信息_以希门错为例.pdf,test1/青藏高原冰蚀湖沉积物正构烷烃记录的气候和环境变化信息_以希门错为例.pdf,True,蒲阳 et al.-2011-CSB-青藏高原冰蚀湖沉积物正构烷烃记录的气候和环境变化信息以希门错为例.pdf,蒲阳 et al.-2011-CSB-青藏高原冰蚀湖沉积物正构烷烃记录的气候和环境变化信息以希门错为例.pdf,renamed,Renamed to: /Users/pz/VScode/OSL_source_ana/test1/蒲阳 et al.-2011-CSB-青藏高原冰蚀湖沉积物正构烷烃记录的气候和环境变化信息以希门错为例.pdf
414,青藏高原年保玉则山末次冰期...以来的湖泊演化与古冰川发育_类延斌.pdf,test1/青藏高原年保玉则山末次冰期...以来的湖泊演化与古冰川发育_类延斌.pdf,True,类延斌 et al.-2008-QSR-青藏高原年保玉则山末次冰期中期以来的湖泊演化与古冰川发育.pdf,类延斌 et al.-2008-QSR-青藏高原年保玉则山末次冰期中期以来的湖泊演化与古冰川发育.pdf,renamed,Renamed to: /Users/pz/VScode/OSL_source_ana/test1/类延斌 et al.-2008-QSR-青藏高原年保玉则山末次冰期中期以来的湖泊演化与古冰川发育.pdf
415,青藏高原西部喀喇昆仑断裂活动构造研究进展综述（英文）.pdf,test1/青藏高原西部喀喇昆仑断裂活动构造研究进展综述（英文）.pdf,True,Chevalier ML-2019-AGS-Active Tectonics along the Karakorum Fault Western Tibetan Plateau A Review.pdf,Chevalier ML-2019-AGS-Active Tectonics along the Karakorum Fault Western Tibetan Plateau A Review.pdf,renamed,Renamed to: /Users/pz/VScode/OSL_source_ana/test1/Chevalier ML-2019-AGS-Active Tectonics along the Karakorum Fault Western Tibetan Plateau A Review.pdf
416,面向对象的长江源区当曲流域高寒湿地信息提取(英文)_张继平.pdf,test1/面向对象的长江源区当曲流域高寒湿地信息提取(英文)_张继平.pdf,True,Zhang J et al.-2011-JRE-Identifying Alpine Wetlands in the Damqu River Basin in the Source Area of the Yangtze River Using Object-based Clas.pdf,Zhang J et al.-2011-JRE-Identifying Alpine Wetlands in the Damqu River Basin in the Source Area of the Yangtze River Using Object-based Clas.pdf,renamed,Renamed to: /Users/pz/VScode/OSL_source_ana/test1/Zhang J et al.-2011-JRE-Identifying Alpine Wetlands in the Damqu River Basin in the Source Area of the Yangtze River Using Object-based Clas.pdf
417,马振华-博士论文-兰州大学-晚中新世以来祁连山东段层状地貌及水系演化.pdf,test1/马振华-博士论文-兰州大学-晚中新世以来祁连山东段层状地貌及水系演化.pdf,False,,,skipped,Not a research paper
418,黄土高原西峰剖面末次间冰期...来石英光释光灵敏度变化研究_李娇.pdf,test1/黄土高原西峰剖面末次间冰期...来石英光释光灵敏度变化研究_李娇.pdf,False,,,skipped,Not a research paper
419,黄河悬移质多种光释光信号的...流搬运过程和测年应用的启示_李兆宁.pdf,test1/黄河悬移质多种光释光信号的...流搬运过程和测年应用的启示_李兆宁.pdf,True,李兆宁 et al.-2022-QSR-黄河悬移质多种光释光信号的顺流变化特征及对河流搬运过程和测年应用的启示.pdf,李兆宁 et al.-2022-QSR-黄河悬移质多种光释光信号的顺流变化特征及对河流搬运过程和测年应用的启示.pdf,renamed,Renamed to: /Users/pz/VScode/OSL_source_ana/test1/李兆宁 et al.-2022-QSR-黄河悬移质多种光释光信号的顺流变化特征及对河流搬运过程和测年应用的启示.pdf
